Workbook

Sheet Dashboard
B1: DASHBOARD DE PARADAS NO PLANEADAS · MANTENIMIENTO 2026
B2: Meses: Enero, Mayo, Junio y Julio · Fuente: IMPACTOS.xlsx · Todo se calcula con fórmulas sobre la hoja Datos
B4: Minutos parados | E4: Horas paradas | H4: N° de paradas | K4: Promedio por parada (min) | N4: Parada más larga (min) | Q4: Registros a revisar
B5: =SUM(Datos!$M$2:$M$319) -> 11998 | E5: =SUM(Datos!$M$2:$M$319)/60 -> 199.96667 | H5: =COUNTA(Datos!$B$2:$B$319) -> 318 | K5: =AVERAGE(Datos!$M$2:$M$319) -> 37.72956 | N5: =MAX(Datos!$M$2:$M$319) -> 480 | Q5: =COUNTA('Calidad de datos'!C5:C42) -> 38
B8: Minutos por mes
B9: Mes | C9: Paradas | D9: Minutos | E9: Horas
B10: Enero | C10: =COUNTIFS(Datos!$A$2:$A$319,B10) -> 78 | D10: =SUMIFS(Datos!$M$2:$M$319,Datos!$A$2:$A$319,B10) -> 2782 | E10: =D10/60 -> 46.366667
B11: Mayo | C11: =COUNTIFS(Datos!$A$2:$A$319,B11) -> 112 | D11: =SUMIFS(Datos!$M$2:$M$319,Datos!$A$2:$A$319,B11) -> 4534 | E11: =D11/60 -> 75.566667
B12: Junio | C12: =COUNTIFS(Datos!$A$2:$A$319,B12) -> 73 | D12: =SUMIFS(Datos!$M$2:$M$319,Datos!$A$2:$A$319,B12) -> 2908 | E12: =D12/60 -> 48.466667
B13: Julio | C13: =COUNTIFS(Datos!$A$2:$A$319,B13) -> 55 | D13: =SUMIFS(Datos!$M$2:$M$319,Datos!$A$2:$A$319,B13) -> 1774 | E13: =D13/60 -> 29.566667
B24: Minutos por línea
B25: Línea | C25: Enero | D25: Mayo | E25: Junio | F25: Julio | G25: Total
B26: LINEA 16 | C26: =SUMIFS(Datos!$M$2:$M$319,Datos!$D$2:$D$319,$B26,Datos!$A$2:$A$319,"Enero") -> 6 | D26: =SUMIFS(Datos!$M$2:$M$319,Datos!$D$2:$D$319,$B26,Datos!$A$2:$A$319,"Mayo") -> 2458 | E26: =SUMIFS(Datos!$M$2:$M$319,Datos!$D$2:$D$319,$B26,Datos!$A$2:$A$319,"Junio") -> 774 | F26: =SUMIFS(Datos!$M$2:$M$319,Datos!$D$2:$D$319,$B26,Datos!$A$2:$A$319,"Julio") -> 100 | G26: =SUM(C26:F26) -> 3338
B27: LINEA 02 | C27: =SUMIFS(Datos!$M$2:$M$319,Datos!$D$2:$D$319,$B27,Datos!$A$2:$A$319,"Enero") -> 0 | D27: =SUMIFS(Datos!$M$2:$M$319,Datos!$D$2:$D$319,$B27,Datos!$A$2:$A$319,"Mayo") -> 692 | E27: =SUMIFS(Datos!$M$2:$M$319,Datos!$D$2:$D$319,$B27,Datos!$A$2:$A$319,"Junio") -> 483 | F27: =SUMIFS(Datos!$M$2:$M$319,Datos!$D$2:$D$319,$B27,Datos!$A$2:$A$319,"Julio") -> 398 | G27: =SUM(C27:F27) -> 1573
B28: LINEA 18 | C28: =SUMIFS(Datos!$M$2:$M$319,Datos!$D$2:$D$319,$B28,Datos!$A$2:$A$319,"Enero") -> 945 | D28: =SUMIFS(Datos!$M$2:$M$319,Datos!$D$2:$D$319,$B28,Datos!$A$2:$A$319,"Mayo") -> 210 | E28: =SUMIFS(Datos!$M$2:$M$319,Datos!$D$2:$D$319,$B28,Datos!$A$2:$A$319,"Junio") -> 164 | F28: =SUMIFS(Datos!$M$2:$M$319,Datos!$D$2:$D$319,$B28,Datos!$A$2:$A$319,"Julio") -> 152 | G28: =SUM(C28:F28) -> 1471
B29: LINEA 10 | C29: =SUMIFS(Datos!$M$2:$M$319,Datos!$D$2:$D$319,$B29,Datos!$A$2:$A$319,"Enero") -> 228 | D29: =SUMIFS(Datos!$M$2:$M$319,Datos!$D$2:$D$319,$B29,Datos!$A$2:$A$319,"Mayo") -> 549 | E29: =SUMIFS(Datos!$M$2:$M$319,Datos!$D$2:$D$319,$B29,Datos!$A$2:$A$319,"Junio") -> 498 | F29: =SUMIFS(Datos!$M$2:$M$319,Datos!$D$2:$D$319,$B29,Datos!$A$2:$A$319,"Julio") -> 90 | G29: =SUM(C29:F29) -> 1365
B30: LINEA 14 | C30: =SUMIFS(Datos!$M$2:$M$319,Datos!$D$2:$D$319,$B30,Datos!$A$2:$A$319,"Enero") -> 599 | D30: =SUMIFS(Datos!$M$2:$M$319,Datos!$D$2:$D$319,$B30,Datos!$A$2:$A$319,"Mayo") -> 111 | E30: =SUMIFS(Datos!$M$2:$M$319,Datos!$D$2:$D$319,$B30,Datos!$A$2:$A$319,"Junio") -> 45 | F30: =SUMIFS(Datos!$M$2:$M$319,Datos!$D$2:$D$319,$B30,Datos!$A$2:$A$319,"Julio") -> 438 | G30: =SUM(C30:F30) -> 1193
B31: LINEA 22 | C31: =SUMIFS(Datos!$M$2:$M$319,Datos!$D$2:$D$319,$B31,Datos!$A$2:$A$319,"Enero") -> 489 | D31: =SUMIFS(Datos!$M$2:$M$319,Datos!$D$2:$D$319,$B31,Datos!$A$2:$A$319,"Mayo") -> 76 | E31: =SUMIFS(Datos!$M$2:$M$319,Datos!$D$2:$D$319,$B31,Datos!$A$2:$A$319,"Junio") -> 125 | F31: =SUMIFS(Datos!$M$2:$M$319,Datos!$D$2:$D$319,$B31,Datos!$A$2:$A$319,"Julio") -> 183 | G31: =SUM(C31:F31) -> 873
B32: LINEA 20 | C32: =SUMIFS(Datos!$M$2:$M$319,Datos!$D$2:$D$319,$B32,Datos!$A$2:$A$319,"Enero") -> 154 | D32: =SUMIFS(Datos!$M$2:$M$319,Datos!$D$2:$D$319,$B32,Datos!$A$2:$A$319,"Mayo") -> 26 | E32: =SUMIFS(Datos!$M$2:$M$319,Datos!$D$2:$D$319,$B32,Datos!$A$2:$A$319,"Junio") -> 270 | F32: =SUMIFS(Datos!$M$2:$M$319,Datos!$D$2:$D$319,$B32,Datos!$A$2:$A$319,"Julio") -> 312 | G32: =SUM(C32:F32) -> 762
B33: LINEA 19 | C33: =SUMIFS(Datos!$M$2:$M$319,Datos!$D$2:$D$319,$B33,Datos!$A$2:$A$319,"Enero") -> 334 | D33: =SUMIFS(Datos!$M$2:$M$319,Datos!$D$2:$D$319,$B33,Datos!$A$2:$A$319,"Mayo") -> 0 | E33: =SUMIFS(Datos!$M$2:$M$319,Datos!$D$2:$D$319,$B33,Datos!$A$2:$A$319,"Junio") -> 241 | F33: =SUMIFS(Datos!$M$2:$M$319,Datos!$D$2:$D$319,$B33,Datos!$A$2:$A$319,"Julio") -> 76 | G33: =SUM(C33:F33) -> 651
B34: LINEA 11 | C34: =SUMIFS(Datos!$M$2:$M$319,Datos!$D$2:$D$319,$B34,Datos!$A$2:$A$319,"Enero") -> 15 | D34: =SUMIFS(Datos!$M$2:$M$319,Datos!$D$2:$D$319,$B34,Datos!$A$2:$A$319,"Mayo") -> 334 | E34: =SUMIFS(Datos!$M$2:$M$319,Datos!$D$2:$D$319,$B34,Datos!$A$2:$A$319,"Junio") -> 21 | F34: =SUMIFS(Datos!$M$2:$M$319,Datos!$D$2:$D$319,$B34,Datos!$A$2:$A$319,"Julio") -> 25 | G34: =SUM(C34:F34) -> 395
B35: LINEA 03 | C35: =SUMIFS(Datos!$M$2:$M$319,Datos!$D$2:$D$319,$B35,Datos!$A$2:$A$319,"Enero") -> 12 | D35: =SUMIFS(Datos!$M$2:$M$319,Datos!$D$2:$D$319,$B35,Datos!$A$2:$A$319,"Mayo") -> 78 | E35: =SUMIFS(Datos!$M$2:$M$319,Datos!$D$2:$D$319,$B35,Datos!$A$2:$A$319,"Junio") -> 245 | F35: =SUMIFS(Datos!$M$2:$M$319,Datos!$D$2:$D$319,$B35,Datos!$A$2:$A$319,"Julio") -> 0 | G35: =SUM(C35:F35) -> 335
B36: LINEA 07 | C36: =SUMIFS(Datos!$M$2:$M$319,Datos!$D$2:$D$319,$B36,Datos!$A$2:$A$319,"Enero") -> 0 | D36: =SUMIFS(Datos!$M$2:$M$319,Datos!$D$2:$D$319,$B36,Datos!$A$2:$A$319,"Mayo") -> 0 | E36: =SUMIFS(Datos!$M$2:$M$319,Datos!$D$2:$D$319,$B36,Datos!$A$2:$A$319,"Junio") -> 42 | F36: =SUMIFS(Datos!$M$2:$M$319,Datos!$D$2:$D$319,$B36,Datos!$A$2:$A$319,"Julio") -> 0 | G36: =SUM(C36:F36) -> 42
B40: Top 10 equipos (minutos)
B41: Equipo | D41: Paradas | E41: Minutos | F41: % total
B42: LLENADORA | D42: =COUNTIFS(Datos!$H$2:$H$319,B42) -> 124 | E42: =SUMIFS(Datos!$M$2:$M$319,Datos!$H$2:$H$319,B42) -> 4798 | F42: =E42/SUM(Datos!$M$2:$M$319) -> 0.39989998
B43: SERVO MOTOR | D43: =COUNTIFS(Datos!$H$2:$H$319,B43) -> 28 | E43: =SUMIFS(Datos!$M$2:$M$319,Datos!$H$2:$H$319,B43) -> 1417 | F43: =E43/SUM(Datos!$M$2:$M$319) -> 0.11810302
B44: BANDA TRANSPORTADORA | D44: =COUNTIFS(Datos!$H$2:$H$319,B44) -> 15 | E44: =SUMIFS(Datos!$M$2:$M$319,Datos!$H$2:$H$319,B44) -> 772 | F44: =E44/SUM(Datos!$M$2:$M$319) -> 0.064344057
B45: ENCINTADORA | D45: =COUNTIFS(Datos!$H$2:$H$319,B45) -> 12 | E45: =SUMIFS(Datos!$M$2:$M$319,Datos!$H$2:$H$319,B45) -> 581 | F45: =E45/SUM(Datos!$M$2:$M$319) -> 0.048424737
B46: TIJERA | D46: =COUNTIFS(Datos!$H$2:$H$319,B46) -> 11 | E46: =SUMIFS(Datos!$M$2:$M$319,Datos!$H$2:$H$319,B46) -> 537 | F46: =E46/SUM(Datos!$M$2:$M$319) -> 0.04475746
B47: MORDAZA SUPERIOR | D47: =COUNTIFS(Datos!$H$2:$H$319,B47) -> 15 | E47: =SUMIFS(Datos!$M$2:$M$319,Datos!$H$2:$H$319,B47) -> 486 | F47: =E47/SUM(Datos!$M$2:$M$319) -> 0.040506751
B48: ENCAJADORA | D48: =COUNTIFS(Datos!$H$2:$H$319,B48) -> 13 | E48: =SUMIFS(Datos!$M$2:$M$319,Datos!$H$2:$H$319,B48) -> 363 | F48: =E48/SUM(Datos!$M$2:$M$319) -> 0.030255043
B49: SISTEMA SUCCION - OGA | D49: =COUNTIFS(Datos!$H$2:$H$319,B49) -> 8 | E49: =SUMIFS(Datos!$M$2:$M$319,Datos!$H$2:$H$319,B49) -> 324 | F49: =E49/SUM(Datos!$M$2:$M$319) -> 0.027004501
B50: FECHADOR | D50: =COUNTIFS(Datos!$H$2:$H$319,B50) -> 10 | E50: =SUMIFS(Datos!$M$2:$M$319,Datos!$H$2:$H$319,B50) -> 307 | F50: =E50/SUM(Datos!$M$2:$M$319) -> 0.025587598
B51: DESBOBINADOR | D51: =COUNTIFS(Datos!$H$2:$H$319,B51) -> 12 | E51: =SUMIFS(Datos!$M$2:$M$319,Datos!$H$2:$H$319,B51) -> 269 | F51: =E51/SUM(Datos!$M$2:$M$319) -> 0.022420403
B57: Las 3 paradas más largas de cada mes (eventos agrupados)
B58: Mes | C58: # | D58: Fecha | E58: Línea | F58: Equipo | H58: Minutos | I58: Qué pasó
B59: Enero | C59: ='Top 3 por mes'!B6 -> 1 | D59: ='Top 3 por mes'!C6 -> 46035 | E59: ='Top 3 por mes'!D6 -> LINEA 18 | F59: ='Top 3 por mes'!E6 -> LLENADORA | H59: ='Top 3 por mes'!G6 -> 480 | I59: ='Top 3 por mes'!J6 -> Arranque con acompañamiento de proyectos
C60: ='Top 3 por mes'!B7 -> 2 | D60: ='Top 3 por mes'!C7 -> 46048 | E60: ='Top 3 por mes'!D7 -> LINEA 22 | F60: ='Top 3 por mes'!E7 -> MORDAZA VERTICAL | H60: ='Top 3 por mes'!G7 -> 200 | I60: ='Top 3 por mes'!J7 -> Daño en motor de placa mordazas / Daño en tarjeta motos correccion de placa mordazas / Daño tarjeta correccion placa mordazas
C61: ='Top 3 por mes'!B8 -> 3 | D61: ='Top 3 por mes'!C8 -> 46024 | E61: ='Top 3 por mes'!D8 -> LINEA 22 | F61: ='Top 3 por mes'!E8 -> ENCINTADORA | H61: ='Top 3 por mes'!G8 -> 180 | I61: ='Top 3 por mes'!J8 -> Cambio de moto reductor banda entrada encintadora
B62: Mayo | C62: ='Top 3 por mes'!B12 -> 1 | D62: ='Top 3 por mes'!C12 -> 46164 | E62: ='Top 3 por mes'!D12 -> LINEA 16 | F62: ='Top 3 por mes'!E12 -> SERVO MOTOR | H62: ='Top 3 por mes'!G12 -> 420 | I62: ='Top 3 por mes'!J12 -> (sin observación)
C63: ='Top 3 por mes'!B13 -> 2 | D63: ='Top 3 por mes'!C13 -> 46165 | E63: ='Top 3 por mes'!D13 -> LINEA 16 | F63: ='Top 3 por mes'!E13 -> SERVO MOTOR | H63: ='Top 3 por mes'!G13 -> 400 | I63: ='Top 3 por mes'!J13 -> falla en servo
C64: ='Top 3 por mes'!B14 -> 3 | D64: ='Top 3 por mes'!C14 -> 46158 | E64: ='Top 3 por mes'!D14 -> LINEA 16 | F64: ='Top 3 por mes'!E14 -> LLENADORA | H64: ='Top 3 por mes'!G14 -> 348 | I64: ='Top 3 por mes'!J14 -> falla encoder / encoder / ender
B65: Junio | C65: ='Top 3 por mes'!B18 -> 1 | D65: ='Top 3 por mes'!C18 -> 46184 | E65: ='Top 3 por mes'!D18 -> LINEA 10 | F65: ='Top 3 por mes'!E18 -> BANDA TRANSPORTADORA | H65: ='Top 3 por mes'!G18 -> 440 | I65: ='Top 3 por mes'!J18 -> intervencion bandas.
C66: ='Top 3 por mes'!B19 -> 2 | D66: ='Top 3 por mes'!C19 -> 46193 | E66: ='Top 3 por mes'!D19 -> LINEA 16 | F66: ='Top 3 por mes'!E19 -> LLENADORA | H66: ='Top 3 por mes'!G19 -> 334 | I66: ='Top 3 por mes'!J19 -> falla de arrastre / faklla de arrastre
C67: ='Top 3 por mes'!B20 -> 3 | D67: ='Top 3 por mes'!C20 -> 46198 | E67: ='Top 3 por mes'!D20 -> LINEA 20 | F67: ='Top 3 por mes'!E20 -> LLENADORA | H67: ='Top 3 por mes'!G20 -> 230 | I67: ='Top 3 por mes'!J20 -> falla electrica / ajuste de rif por falta de tencion en el laminado / falla variador desbobinador zipper / falla de varioador desbobinador zipper
B68: Julio | C68: ='Top 3 por mes'!B24 -> 1 | D68: ='Top 3 por mes'!C24 -> 46231 | E68: ='Top 3 por mes'!D24 -> LINEA 20 | F68: ='Top 3 por mes'!E24 -> LLENADORA | H68: ='Top 3 por mes'!G24 -> 270 | I68: ='Top 3 por mes'!J24 -> Lado izquierdo de tolva tapado. / Lado izquierdo de tolva tapado
C69: ='Top 3 por mes'!B25 -> 2 | D69: ='Top 3 por mes'!C25 -> 46218 | E69: ='Top 3 por mes'!D25 -> LINEA 14 | F69: ='Top 3 por mes'!E25 -> LLENADORA | H69: ='Top 3 por mes'!G25 -> 191 | I69: ='Top 3 por mes'!J25 -> Falla en Clapet / Cambio de cilindro Clapet tapón
C70: ='Top 3 por mes'!B26 -> 3 | D70: ='Top 3 por mes'!C26 -> 46207 | E70: ='Top 3 por mes'!D26 -> LINEA 02 | F70: ='Top 3 por mes'!E26 -> EHS | H70: ='Top 3 por mes'!G26 -> 90 | I70: ='Top 3 por mes'!J26 -> se espera la siso para para protocolos de intervencion trabajo en caliente / intervencion en caliente
C71: ='Top 3 por mes'!B27 -> 3 | D71: ='Top 3 por mes'!C27 -> 46209 | E71: ='Top 3 por mes'!D27 -> LINEA 14 | F71: ='Top 3 por mes'!E27 -> ALIMENTADOR TAPON | H71: ='Top 3 por mes'!G27 -> 90 | I71: ='Top 3 por mes'!J27 -> se realiza montaje del clapet y ajuste de tiempos de sincronismo / se rectifica rosca de cilindro de la pinza de sujeccion tapon
B73: Hallazgos clave
B74: • Línea 16 es la más crítica: #1 en mayo y junio; su problema repetido es el arrastre del laminado (servo motor / encoder / llenadora). Solo el 22 y 23 de mayo perdió más de 1.100 min.
B75: • La llenadora es el equipo que más afecta: ~40% del tiempo total y aparece en 7 de los 12 eventos más largos.
B76: • Las fallas largas se registran en bloques de 60 min (uno por hora); por eso se agrupan por día + línea + equipo para ver el tiempo real.
B77: • Mayo fue el peor mes y julio el mejor: la tendencia desde mayo va bajando.
B78: • Hay registros donde el tiempo no coincide con el horario o sin observación: ver hoja 'Calidad de datos'.

Sheet Fallas repetitivas
B1: FALLAS QUE MÁS SE REPITEN
B2: Cada registro se clasificó en un tipo de falla según su observación (columna S de Datos). Ordenado por número de veces que se repite.
B4: # | C4: Tipo de falla | D4: Veces | E4: Minutos | F4: Horas | G4: Prom. min/vez | H4: Días con la falla | I4: Líneas afectadas (veces) | J4: Meses | K4: Equipos
B5: 1 | C5: Servo de arrastre / encoder (falla de arrastre) | D5: =COUNTIFS(Datos!$S$2:$S$319,C5) -> 54 | E5: =SUMIFS(Datos!$M$2:$M$319,Datos!$S$2:$S$319,C5) -> 2844 | F5: =E5/60 -> 47.4 | G5: =IFERROR(E5/D5,0) -> 52.666667 | H5: 15 | I5: L16 (50), L19 (2), L18 (1), L02 (1) | J5: Enero, Mayo, Junio, Julio | K5: Llenadora, Servo Motor, Banda Transportadora
B6: 2 | C6: Bandas, correas y cadenas (se frenan / descarrilan) | D6: =COUNTIFS(Datos!$S$2:$S$319,C6) -> 30 | E6: =SUMIFS(Datos!$M$2:$M$319,Datos!$S$2:$S$319,C6) -> 1593 | F6: =E6/60 -> 26.55 | G6: =IFERROR(E6/D6,0) -> 53.1 | H6: 18 | I6: L10 (8), L22 (6), L19 (5), L02 (5), L20 (4), L14 (2) | J6: Enero, Mayo, Junio, Julio | K6: Banda Transportadora, Encintadora, Alimentador Tapa
B7: 3 | C7: Boquillas de llenado (goteo, fugas, conos) | D7: =COUNTIFS(Datos!$S$2:$S$319,C7) -> 23 | E7: =SUMIFS(Datos!$M$2:$M$319,Datos!$S$2:$S$319,C7) -> 533 | F7: =E7/60 -> 8.8833333 | G7: =IFERROR(E7/D7,0) -> 23.173913 | H7: 14 | I7: L02 (10), L18 (6), L03 (5), L19 (1), L22 (1) | J7: Enero, Mayo, Junio, Julio | K7: Llenadora, Perdida De Velocidad
B8: 4 | C8: PLC, programa, drives y tarjetas electrónicas | D8: =COUNTIFS(Datos!$S$2:$S$319,C8) -> 20 | E8: =SUMIFS(Datos!$M$2:$M$319,Datos!$S$2:$S$319,C8) -> 472 | F8: =E8/60 -> 7.8666667 | G8: =IFERROR(E8/D8,0) -> 23.6 | H8: 8 | I8: L10 (4), L02 (4), L20 (4), L14 (3), L22 (3), L11 (1), L18 (1) | J8: Enero, Mayo, Junio, Julio | K8: Llenadora, Mordaza Vertical, Tapadora
B9: 5 | C9: Tornillos, pines y piezas partidas | D9: =COUNTIFS(Datos!$S$2:$S$319,C9) -> 19 | E9: =SUMIFS(Datos!$M$2:$M$319,Datos!$S$2:$S$319,C9) -> 610 | F9: =E9/60 -> 10.166667 | G9: =IFERROR(E9/D9,0) -> 32.105263 | H9: 14 | I9: L02 (5), L20 (3), L14 (3), L16 (2), L10 (2), L11 (1), L18 (1), L19 (1), L07 (1) | J9: Enero, Mayo, Junio, Julio | K9: Llenadora, Mordaza Superior, Servo Motor
B10: 6 | C10: Resistencias / temperatura de mordazas | D10: =COUNTIFS(Datos!$S$2:$S$319,C10) -> 17 | E10: =SUMIFS(Datos!$M$2:$M$319,Datos!$S$2:$S$319,C10) -> 492 | F10: =E10/60 -> 8.2 | G10: =IFERROR(E10/D10,0) -> 28.941176 | H10: 9 | I10: L14 (10), L18 (6), L16 (1) | J10: Enero, Mayo, Junio | K10: Mordaza Superior, Mordazas
B11: 7 | C11: Fotoceldas y sensores | D11: =COUNTIFS(Datos!$S$2:$S$319,C11) -> 16 | E11: =SUMIFS(Datos!$M$2:$M$319,Datos!$S$2:$S$319,C11) -> 406 | F11: =E11/60 -> 6.7666667 | G11: =IFERROR(E11/D11,0) -> 25.375 | H11: 8 | I11: L18 (9), L03 (3), L16 (2), L19 (1), L02 (1) | J11: Enero, Mayo, Junio, Julio | K11: Llenadora, Fotocelula, Encajadora
B12: 8 | C12: Ristras rotas / sello de laminado | D12: =COUNTIFS(Datos!$S$2:$S$319,C12) -> 12 | E12: =SUMIFS(Datos!$M$2:$M$319,Datos!$S$2:$S$319,C12) -> 285 | F12: =E12/60 -> 4.75 | G12: =IFERROR(E12/D12,0) -> 23.75 | H12: 7 | I12: L16 (6), L18 (5), L20 (1) | J12: Enero, Mayo, Junio | K12: Servo Motor, Desbobinador, Llenadora
B13: 9 | C13: Electroválvulas, racores y fugas de aire | D13: =COUNTIFS(Datos!$S$2:$S$319,C13) -> 11 | E13: =SUMIFS(Datos!$M$2:$M$319,Datos!$S$2:$S$319,C13) -> 275 | F13: =E13/60 -> 4.5833333 | G13: =IFERROR(E13/D13,0) -> 25 | H13: 9 | I13: L18 (4), L14 (2), L10 (2), L02 (1), L03 (1), L22 (1) | J13: Mayo, Junio, Julio | K13: Llenadora, Encajadora, Mordaza Superior
B14: 10 | C14: Tijera y cuchillas (cambio / calibración) | D14: =COUNTIFS(Datos!$S$2:$S$319,C14) -> 10 | E14: =SUMIFS(Datos!$M$2:$M$319,Datos!$S$2:$S$319,C14) -> 487 | F14: =E14/60 -> 8.1166667 | G14: =IFERROR(E14/D14,0) -> 48.7 | H14: 8 | I14: L22 (4), L19 (3), L14 (2), L20 (1) | J14: Enero, Mayo, Junio, Julio | K14: Tijera
B15: 11 | C15: Codificador / fechador | D15: =COUNTIFS(Datos!$S$2:$S$319,C15) -> 10 | E15: =SUMIFS(Datos!$M$2:$M$319,Datos!$S$2:$S$319,C15) -> 307 | F15: =E15/60 -> 5.1166667 | G15: =IFERROR(E15/D15,0) -> 30.7 | H15: 7 | I15: L03 (2), L10 (2), L02 (2), L20 (1), L19 (1), L18 (1), L22 (1) | J15: Enero, Mayo, Junio | K15: Fechador
B16: 12 | C16: Clapet del tapón | D16: =COUNTIFS(Datos!$S$2:$S$319,C16) -> 9 | E16: =SUMIFS(Datos!$M$2:$M$319,Datos!$S$2:$S$319,C16) -> 349 | F16: =E16/60 -> 5.8166667 | G16: =IFERROR(E16/D16,0) -> 38.777778 | H16: 4 | I16: L14 (7), L22 (1), L19 (1) | J16: Julio | K16: Llenadora, Alimentador Tapon, Alimentador Tapa
... B30: 26 | C30: Espera de permiso EHS (trabajo en caliente) | D30: =COUNTIFS(Datos!$S$2:$S$319,C30) -> 2 | E30: =SUMIFS(Datos!$M$2:$M$319,Datos!$S$2:$S$319,C30) -> 90 | F30: =E30/60 -> 1.5 | G30: =IFERROR(E30/D30,0) -> 45 | H30: 1 | I30: L02 (2) | J30: Julio | K30: Ehs
C31: Sin observación | D31: =COUNTIFS(Datos!$S$2:$S$319,C31) -> 9 | E31: =SUMIFS(Datos!$M$2:$M$319,Datos!$S$2:$S$319,C31) -> 297 | F31: =E31/60 -> 4.95 | G31: =IFERROR(E31/D31,0) -> 33
C32: Otras fallas | D32: =COUNTIFS(Datos!$S$2:$S$319,C32) -> 16 | E32: =SUMIFS(Datos!$M$2:$M$319,Datos!$S$2:$S$319,C32) -> 803 | F32: =E32/60 -> 13.383333 | G32: =IFERROR(E32/D32,0) -> 50.1875
C33: TOTAL | D33: =SUM(D5:D32) -> 318 | E33: =SUM(E5:E32) -> 11998 | F33: =E33/60 -> 199.96667
B34: Las 5 filas resaltadas son las fallas más repetitivas. "Días con la falla", líneas, meses y equipos se calcularon al crear el archivo.
B36: Veces por mes (para ver si la falla es constante)
C37: Tipo de falla | D37: Enero | E37: Mayo | F37: Junio | G37: Julio | H37: Total
C38: =C5 -> Servo de arrastre / encoder (falla de arrastre) | D38: =COUNTIFS(Datos!$S$2:$S$319,$C38,Datos!$A$2:$A$319,"Enero") -> 3 | E38: =COUNTIFS(Datos!$S$2:$S$319,$C38,Datos!$A$2:$A$319,"Mayo") -> 35 | F38: =COUNTIFS(Datos!$S$2:$S$319,$C38,Datos!$A$2:$A$319,"Junio") -> 15 | G38: =COUNTIFS(Datos!$S$2:$S$319,$C38,Datos!$A$2:$A$319,"Julio") -> 1 | H38: =SUM(D38:G38) -> 54
C39: =C6 -> Bandas, correas y cadenas (se frenan / descarrilan) | D39: =COUNTIFS(Datos!$S$2:$S$319,$C39,Datos!$A$2:$A$319,"Enero") -> 13 | E39: =COUNTIFS(Datos!$S$2:$S$319,$C39,Datos!$A$2:$A$319,"Mayo") -> 5 | F39: =COUNTIFS(Datos!$S$2:$S$319,$C39,Datos!$A$2:$A$319,"Junio") -> 4 | G39: =COUNTIFS(Datos!$S$2:$S$319,$C39,Datos!$A$2:$A$319,"Julio") -> 8 | H39: =SUM(D39:G39) -> 30
C40: =C7 -> Boquillas de llenado (goteo, fugas, conos) | D40: =COUNTIFS(Datos!$S$2:$S$319,$C40,Datos!$A$2:$A$319,"Enero") -> 6 | E40: =COUNTIFS(Datos!$S$2:$S$319,$C40,Datos!$A$2:$A$319,"Mayo") -> 6 | F40: =COUNTIFS(Datos!$S$2:$S$319,$C40,Datos!$A$2:$A$319,"Junio") -> 9 | G40: =COUNTIFS(Datos!$S$2:$S$319,$C40,Datos!$A$2:$A$319,"Julio") -> 2 | H40: =SUM(D40:G40) -> 23
C41: =C8 -> PLC, programa, drives y tarjetas electrónicas | D41: =COUNTIFS(Datos!$S$2:$S$319,$C41,Datos!$A$2:$A$319,"Enero") -> 8 | E41: =COUNTIFS(Datos!$S$2:$S$319,$C41,Datos!$A$2:$A$319,"Mayo") -> 1 | F41: =COUNTIFS(Datos!$S$2:$S$319,$C41,Datos!$A$2:$A$319,"Junio") -> 8 | G41: =COUNTIFS(Datos!$S$2:$S$319,$C41,Datos!$A$2:$A$319,"Julio") -> 3 | H41: =SUM(D41:G41) -> 20
C42: =C9 -> Tornillos, pines y piezas partidas | D42: =COUNTIFS(Datos!$S$2:$S$319,$C42,Datos!$A$2:$A$319,"Enero") -> 2 | E42: =COUNTIFS(Datos!$S$2:$S$319,$C42,Datos!$A$2:$A$319,"Mayo") -> 9 | F42: =COUNTIFS(Datos!$S$2:$S$319,$C42,Datos!$A$2:$A$319,"Junio") -> 6 | G42: =COUNTIFS(Datos!$S$2:$S$319,$C42,Datos!$A$2:$A$319,"Julio") -> 2 | H42: =SUM(D42:G42) -> 19
C43: =C10 -> Resistencias / temperatura de mordazas | D43: =COUNTIFS(Datos!$S$2:$S$319,$C43,Datos!$A$2:$A$319,"Enero") -> 9 | E43: =COUNTIFS(Datos!$S$2:$S$319,$C43,Datos!$A$2:$A$319,"Mayo") -> 7 | F43: =COUNTIFS(Datos!$S$2:$S$319,$C43,Datos!$A$2:$A$319,"Junio") -> 1 | G43: =COUNTIFS(Datos!$S$2:$S$319,$C43,Datos!$A$2:$A$319,"Julio") -> 0 | H43: =SUM(D43:G43) -> 17
C44: =C11 -> Fotoceldas y sensores | D44: =COUNTIFS(Datos!$S$2:$S$319,$C44,Datos!$A$2:$A$319,"Enero") -> 9 | E44: =COUNTIFS(Datos!$S$2:$S$319,$C44,Datos!$A$2:$A$319,"Mayo") -> 1 | F44: =COUNTIFS(Datos!$S$2:$S$319,$C44,Datos!$A$2:$A$319,"Junio") -> 3 | G44: =COUNTIFS(Datos!$S$2:$S$319,$C44,Datos!$A$2:$A$319,"Julio") -> 3 | H44: =SUM(D44:G44) -> 16
C45: =C12 -> Ristras rotas / sello de laminado | D45: =COUNTIFS(Datos!$S$2:$S$319,$C45,Datos!$A$2:$A$319,"Enero") -> 5 | E45: =COUNTIFS(Datos!$S$2:$S$319,$C45,Datos!$A$2:$A$319,"Mayo") -> 6 | F45: =COUNTIFS(Datos!$S$2:$S$319,$C45,Datos!$A$2:$A$319,"Junio") -> 1 | G45: =COUNTIFS(Datos!$S$2:$S$319,$C45,Datos!$A$2:$A$319,"Julio") -> 0 | H45: =SUM(D45:G45) -> 12
C46: =C13 -> Electroválvulas, racores y fugas de aire | D46: =COUNTIFS(Datos!$S$2:$S$319,$C46,Datos!$A$2:$A$319,"Enero") -> 0 | E46: =COUNTIFS(Datos!$S$2:$S$319,$C46,Datos!$A$2:$A$319,"Mayo") -> 3 | F46: =COUNTIFS(Datos!$S$2:$S$319,$C46,Datos!$A$2:$A$319,"Junio") -> 4 | G46: =COUNTIFS(Datos!$S$2:$S$319,$C46,Datos!$A$2:$A$319,"Julio") -> 4 | H46: =SUM(D46:G46) -> 11
C47: =C14 -> Tijera y cuchillas (cambio / calibración) | D47: =COUNTIFS(Datos!$S$2:$S$319,$C47,Datos!$A$2:$A$319,"Enero") -> 2 | E47: =COUNTIFS(Datos!$S$2:$S$319,$C47,Datos!$A$2:$A$319,"Mayo") -> 2 | F47: =COUNTIFS(Datos!$S$2:$S$319,$C47,Datos!$A$2:$A$319,"Junio") -> 4 | G47: =COUNTIFS(Datos!$S$2:$S$319,$C47,Datos!$A$2:$A$319,"Julio") -> 2 | H47: =SUM(D47:G47) -> 10
C48: =C15 -> Codificador / fechador | D48: =COUNTIFS(Datos!$S$2:$S$319,$C48,Datos!$A$2:$A$319,"Enero") -> 2 | E48: =COUNTIFS(Datos!$S$2:$S$319,$C48,Datos!$A$2:$A$319,"Mayo") -> 5 | F48: =COUNTIFS(Datos!$S$2:$S$319,$C48,Datos!$A$2:$A$319,"Junio") -> 3 | G48: =COUNTIFS(Datos!$S$2:$S$319,$C48,Datos!$A$2:$A$319,"Julio") -> 0 | H48: =SUM(D48:G48) -> 10
C49: =C16 -> Clapet del tapón | D49: =COUNTIFS(Datos!$S$2:$S$319,$C49,Datos!$A$2:$A$319,"Enero") -> 0 | E49: =COUNTIFS(Datos!$S$2:$S$319,$C49,Datos!$A$2:$A$319,"Mayo") -> 0 | F49: =COUNTIFS(Datos!$S$2:$S$319,$C49,Datos!$A$2:$A$319,"Junio") -> 0 | G49: =COUNTIFS(Datos!$S$2:$S$319,$C49,Datos!$A$2:$A$319,"Julio") -> 9 | H49: =SUM(D49:G49) -> 9
... C63: =C30 -> Espera de permiso EHS (trabajo en caliente) | D63: =COUNTIFS(Datos!$S$2:$S$319,$C63,Datos!$A$2:$A$319,"Enero") -> 0 | E63: =COUNTIFS(Datos!$S$2:$S$319,$C63,Datos!$A$2:$A$319,"Mayo") -> 0 | F63: =COUNTIFS(Datos!$S$2:$S$319,$C63,Datos!$A$2:$A$319,"Junio") -> 0 | G63: =COUNTIFS(Datos!$S$2:$S$319,$C63,Datos!$A$2:$A$319,"Julio") -> 2 | H63: =SUM(D63:G63) -> 2
B65: Fallas crónicas: misma falla repetida en la misma línea (top 10)
B66: # | C66: Tipo de falla | D66: Veces | E66: Minutos | F66: Horas | G66: Días | H66: Línea | I66: Meses | J66: Ejemplo de observación
B67: 1 | C67: Servo de arrastre / encoder (falla de arrastre) | D67: =COUNTIFS(Datos!$S$2:$S$319,C67,Datos!$D$2:$D$319,H67) -> 50 | E67: =SUMIFS(Datos!$M$2:$M$319,Datos!$S$2:$S$319,C67,Datos!$D$2:$D$319,H67) -> 2722 | F67: =E67/60 -> 45.366667 | G67: 11 | H67: LINEA 16 | I67: Mayo, Junio | J67: Falla de arrastre
B68: 2 | C68: Resistencias / temperatura de mordazas | D68: =COUNTIFS(Datos!$S$2:$S$319,C68,Datos!$D$2:$D$319,H68) -> 10 | E68: =SUMIFS(Datos!$M$2:$M$319,Datos!$S$2:$S$319,C68,Datos!$D$2:$D$319,H68) -> 356 | F68: =E68/60 -> 5.9333333 | G68: 5 | H68: LINEA 14 | I68: Enero, Mayo | J68: Hace corto seristencia quemando esta
B69: 3 | C69: Boquillas de llenado (goteo, fugas, conos) | D69: =COUNTIFS(Datos!$S$2:$S$319,C69,Datos!$D$2:$D$319,H69) -> 10 | E69: =SUMIFS(Datos!$M$2:$M$319,Datos!$S$2:$S$319,C69,Datos!$D$2:$D$319,H69) -> 269 | F69: =E69/60 -> 4.4833333 | G69: 6 | H69: LINEA 02 | I69: Mayo, Junio, Julio | J69: Se interviene la boquilla 6 por fuga de betun
B70: 4 | C70: Fotoceldas y sensores | D70: =COUNTIFS(Datos!$S$2:$S$319,C70,Datos!$D$2:$D$319,H70) -> 9 | E70: =SUMIFS(Datos!$M$2:$M$319,Datos!$S$2:$S$319,C70,Datos!$D$2:$D$319,H70) -> 212 | F70: =E70/60 -> 3.5333333 | G70: 4 | H70: LINEA 18 | I70: Enero, Julio | J70: Coninuas paradas reaizando ajustes para evitar parada por falla en lectura de fotocelda desbobinador
B71: 5 | C71: Bandas, correas y cadenas (se frenan / descarrilan) | D71: =COUNTIFS(Datos!$S$2:$S$319,C71,Datos!$D$2:$D$319,H71) -> 8 | E71: =SUMIFS(Datos!$M$2:$M$319,Datos!$S$2:$S$319,C71,Datos!$D$2:$D$319,H71) -> 693 | F71: =E71/60 -> 11.55 | G71: 5 | H71: LINEA 10 | I71: Enero, Mayo, Junio | J71: Espera entega de mtto banda ttransporte tapa wollite hacia tapadora
B72: 6 | C72: Clapet del tapón | D72: =COUNTIFS(Datos!$S$2:$S$319,C72,Datos!$D$2:$D$319,H72) -> 7 | E72: =SUMIFS(Datos!$M$2:$M$319,Datos!$S$2:$S$319,C72,Datos!$D$2:$D$319,H72) -> 311 | F72: =E72/60 -> 5.1833333 | G72: 3 | H72: LINEA 14 | I72: Julio | J72: Falla en clapet
B73: 7 | C73: Válvula de admisión sistema OGA / succión | D73: =COUNTIFS(Datos!$S$2:$S$319,C73,Datos!$D$2:$D$319,H73) -> 7 | E73: =SUMIFS(Datos!$M$2:$M$319,Datos!$S$2:$S$319,C73,Datos!$D$2:$D$319,H73) -> 298 | F73: =E73/60 -> 4.9666667 | G73: 1 | H73: LINEA 11 | I73: Mayo | J73: Falla en valvula admision sistema oga
B74: 8 | C74: Bandas, correas y cadenas (se frenan / descarrilan) | D74: =COUNTIFS(Datos!$S$2:$S$319,C74,Datos!$D$2:$D$319,H74) -> 6 | E74: =SUMIFS(Datos!$M$2:$M$319,Datos!$S$2:$S$319,C74,Datos!$D$2:$D$319,H74) -> 226 | F74: =E74/60 -> 3.7666667 | G74: 5 | H74: LINEA 22 | I74: Enero, Julio | J74: Se frena banda de salida llenadora
B75: 9 | C75: Ristras rotas / sello de laminado | D75: =COUNTIFS(Datos!$S$2:$S$319,C75,Datos!$D$2:$D$319,H75) -> 6 | E75: =SUMIFS(Datos!$M$2:$M$319,Datos!$S$2:$S$319,C75,Datos!$D$2:$D$319,H75) -> 152 | F75: =E75/60 -> 2.5333333 | G75: 4 | H75: LINEA 16 | I75: Mayo | J75: Ajuste de laminado
B76: 10 | C76: Resistencias / temperatura de mordazas | D76: =COUNTIFS(Datos!$S$2:$S$319,C76,Datos!$D$2:$D$319,H76) -> 6 | E76: =SUMIFS(Datos!$M$2:$M$319,Datos!$S$2:$S$319,C76,Datos!$D$2:$D$319,H76) -> 118 | F76: =E76/60 -> 1.9666667 | G76: 3 | H76: LINEA 18 | I76: Mayo, Junio | J76: Temperatura

Sheet Datos
A1: MES | B1: Id | C1: FECHA | D1: LINEA | E1: TURNO | F1: SKU | G1: DESCRIPCION | H1: PARADA | I1: STOPPAGE CODE | J1: CLUSTER | K1: INICIO | L1: FIN | M1: TIEMPO PARADA | N1: MIN SEGUN HORARIO | O1: DIFERENCIA | P1: OBSERVACION PARADA | Q1: USUARIO | R1: Justificacion | S1: TIPO DE FALLA
A2: Enero | B2: 34081 | C2: 46027 | D2: LINEA 19 | E2: 1 | F2: 3251821 | G2: VANSH,CO,800ML WHITEX12 | H2: ENCINTADORA | I2: MS | J2: Adjustment + Breakdown | K2: 07:10 | L2: 08:00 | M2: 50 | N2: 50 | O2: =M2-N2 -> 0 | P2: se suelta dado del sin fin de las bandas de la selladora electrica | Q2: u suario | R2: No | S2: Bandas, correas y cadenas (se frenan / descarrilan)
A3: Enero | B3: 34114 | C3: 46027 | D3: LINEA 11 | E3: 1 | F3: 3317524 | G3: VANSH,AR,BLANCO TARRO 450GRX12 | H3: TAPADORA | I3: MT | J3: Adjustment + Breakdown | K3: 13:00 | L3: 13:15 | M3: 15 | N3: 15 | O3: =M3-N3 -> 0 | P3: se fractura cable conexion electrica potenciometro rodillos tapadora | Q3: Jhonier Rincon | R3: No | S3: PLC, programa, drives y tarjetas electrónicas
A4: Enero | B4: 34166 | C4: 46028 | D4: LINEA 20 | E4: 1 | F4: 3303200 | G4: VANSH,CO,POLVO BLANCO 100GRX24 | H4: LLENADORA | I4: ML | J4: Adjustment + Breakdown | K4: 07:50 | L4: 08:00 | M4: 10 | N4: 10 | O4: =M4-N4 -> 0 | P4: daño banda de salida de la llenadora | Q4: Marcos Saez | R4: No | S4: Bandas, correas y cadenas (se frenan / descarrilan)
A5: Enero | B5: 34167 | C5: 46028 | D5: LINEA 20 | E5: 1 | F5: 3303200 | G5: VANSH,CO,POLVO BLANCO 100GRX24 | H5: LLENADORA | I5: ML | J5: Adjustment + Breakdown | K5: 08:00 | L5: 08:25 | M5: 25 | N5: 25 | O5: =M5-N5 -> 0 | P5: daño banda de salida de la llenadora | Q5: Marcos Saez | R5: No | S5: Bandas, correas y cadenas (se frenan / descarrilan)
A6: Enero | B6: 34171 | C6: 46028 | D6: LINEA 20 | E6: 1 | F6: 3303200 | G6: VANSH,CO,POLVO BLANCO 100GRX24 | H6: LLENADORA | I6: ML | J6: Adjustment + Breakdown | K6: 09:10 | L6: 09:45 | M6: 35 | N6: 35 | O6: =M6-N6 -> 0 | P6: cambio de seguidor | Q6: Marcos Saez | R6: No | S6: Tornillos, pines y piezas partidas
A7: Enero | B7: 34318 | C7: 46030 | D7: LINEA 19 | E7: 1 | F7: 3251821 | G7: VANSH,CO,800ML WHITEX12 | H7: CARRO MOVIL | I7: MCM | J7: Adjustment + Breakdown | K7: 09:24 | L7: 09:50 | M7: 26 | N7: 26 | O7: =M7-N7 -> 0 | P7: cambio de pinza frontal por desgaste y se pide en almacen silicona para pinza. | Q7: Jordan Dawkins | R7: No | S7: Otras fallas
A8: Enero | B8: 34529 | C8: 46035 | D8: LINEA 14 | E8: 1 | F8: 3251825 | G8: VANSH,CO,300ML PINKX48 | H8: MORDAZA SUPERIOR | I8: MOS | J8: Adjustment + Breakdown | K8: 09:25 | L8: 10:00 | M8: 35 | N8: 35 | O8: =M8-N8 -> 0 | P8: hace corto seristencia quemando esta | Q8: Cristian Santacruz | R8: No | S8: Resistencias / temperatura de mordazas
A9: Enero | B9: 34530 | C9: 46035 | D9: LINEA 14 | E9: 1 | F9: 3251825 | G9: VANSH,CO,300ML PINKX48 | H9: MORDAZA SUPERIOR | I9: MOS | J9: Adjustment + Breakdown | K9: 10:00 | L9: 11:00 | M9: 60 | N9: 60 | O9: =M9-N9 -> 0 | P9: cambio de resistencias | Q9: Cristian Santacruz | R9: No | S9: Resistencias / temperatura de mordazas
A10: Enero | B10: 34533 | C10: 46035 | D10: LINEA 14 | E10: 1 | F10: 3251825 | G10: VANSH,CO,300ML PINKX48 | H10: MORDAZA SUPERIOR | I10: MOS | J10: Adjustment + Breakdown | K10: 12:00 | L10: 13:00 | M10: 60 | N10: 60 | O10: =M10-N10 -> 0 | P10: se hace cambio de resistencias | Q10: Cristian Santacruz | R10: No | S10: Resistencias / temperatura de mordazas
A11: Enero | B11: 34538 | C11: 46035 | D11: LINEA 20 | E11: 1 | F11: 3303201 | G11: VANSH,CO,POLVO ROSA 100GRX24 | H11: PARADA MENOR | I11: PM | J11: Minor Stops | K11: 10:00 | L11: 10:04 | M11: 4 | N11: 4 | O11: =M11-N11 -> 0 | P11: LUBRICACION DE LEVAS CON OKS | Q11: Andrés Escobar | R11: No | S11: Otras fallas
A12: Enero | B12: 34582 | C12: 46036 | D12: LINEA 18 | E12: 1 | F12: 3097733 | G12: VANSH,CR,GEL PINK 100ML CAM | H12: LLENADORA | I12: ML | J12: Adjustment + Breakdown | K12: 07:35 | L12: 07:45 | M12: 10 | N12: 10 | O12: =M12-N12 -> 0 | P12: continuas paradas por filtracion ristra 3 y 4 | Q12: Adriana Vasquez | R12: No | S12: Ristras rotas / sello de laminado
A13: Enero | B13: 34597 | C13: 46036 | D13: LINEA 18 | E13: 1 | F13: 3097733 | G13: VANSH,CR,GEL PINK 100ML CAM | H13: LLENADORA | I13: ML | J13: Adjustment + Breakdown | K13: 08:24 | L13: 08:44 | M13: 20 | N13: 20 | O13: =M13-N13 -> 0 | P13: filtracion en boquilla 3 y 4 generando continuas paradas | Q13: Adriana Vasquez | R13: No | S13: Boquillas de llenado (goteo, fugas, conos)
... A38: Enero | B38: 34876 | C38: 46039 | D38: LINEA 19 | E38: 1 | F38: 3153282 | G38: SANPC,CO,2000ML X 6 VAINILLA | H38: ENCINTADORA | I38: MS | J38: Adjustment + Breakdown | K38: 08:15 | L38: 09:00 | M38: 45 | N38: 45 | O38: =M38-N38 -> 0 | P38: falla en correas laterales se cambian | Q38: Jordan Dawkins | R38: No | S38: Bandas, correas y cadenas (se frenan / descarrilan)
A39: Enero | B39: 34877 | C39: 46039 | D39: LINEA 19 | E39: 1 | F39: 3153282 | G39: SANPC,CO,2000ML X 6 VAINILLA | H39: ENCINTADORA | I39: MS | J39: Adjustment + Breakdown | K39: 09:00 | L39: 09:25 | M39: 25 | N39: 25 | O39: =M39-N39 -> 0 | Q39: Jordan Dawkins | R39: No | S39: Sin observación
A40: Enero | B40: 34931 | C40: 46024 | D40: LINEA 22 | E40: 1 | F40: 3251824 | G40: VANSH,CO,450ML WHITEX24 | H40: ENCINTADORA | I40: MS | J40: Adjustment + Breakdown | K40: 07:00 | L40: 10:00 | M40: 180 | N40: 180 | O40: =M40-N40 -> 0 | P40: Cambio de moto reductor banda entrada encintadora | Q40: u suario | R40: No | S40: Bandas, correas y cadenas (se frenan / descarrilan)
A41: Enero | B41: 34947 | C41: 46041 | D41: LINEA 20 | E41: 1 | F41: 3303107 | G41: VANSH,AR,POLVO BLANCO 120GRX24 | H41: FECHADOR | I41: MK | J41: Adjustment + Breakdown | K41: 07:00 | L41: 07:10 | M41: 10 | N41: 10 | O41: =M41-N41 -> 0 | P41: falla de copilo solo imprime la mitad | Q41: Marcos Saez | R41: No | S41: Codificador / fechador
A42: Enero | B42: 34991 | C42: 46041 | D42: LINEA 18 | E42: 1 | F42: 3065105 | G42: VANSH,CO,100MLX72 PINK GOLD | H42: FOTOCELULA | I42: FT | J42: Adjustment + Breakdown | K42: 13:50 | L42: 14:00 | M42: 10 | N42: 10 | O42: =M42-N42 -> 0 | P42: continuas paradas por fallo en la fotocelda del desbobinador | Q42: Adriana Vasquez | R42: No | S42: Fotoceldas y sensores
A43: Enero | B43: 35023 | C43: 46041 | D43: LINEA 10 | E43: 2 | F43: 3295333 | G43: VANISH WHITE GALÓN X4 | H43: BANDA TRANSPORTADORA | I43: MD | J43: Adjustment + Breakdown | K43: 15:00 | L43: 16:00 | M43: 60 | N43: 60 | O43: =M43-N43 -> 0 | P43: espera entega de mtto banda ttransporte tapa wollite hacia tapadora | Q43: Hector Valencia | R43: No | S43: Bandas, correas y cadenas (se frenan / descarrilan)
A44: Enero | B44: 35024 | C44: 46041 | D44: LINEA 10 | E44: 2 | F44: 3295333 | G44: VANISH WHITE GALÓN X4 | H44: BANDA TRANSPORTADORA | I44: MD | J44: Adjustment + Breakdown | K44: 16:00 | L44: 17:00 | M44: 60 | N44: 60 | O44: =M44-N44 -> 0 | P44: mtto ajusyta banda para empezar proceso | Q44: Hector Valencia | R44: No | S44: Bandas, correas y cadenas (se frenan / descarrilan)
A45: Enero | B45: 35026 | C45: 46041 | D45: LINEA 10 | E45: 2 | F45: 3295333 | G45: VANISH WHITE GALÓN X4 | H45: BANDA TRANSPORTADORA | I45: MD | J45: Adjustment + Breakdown | K45: 17:15 | L45: 17:30 | M45: 15 | N45: 15 | O45: =M45-N45 -> 0 | P45: cambio de direccion banda elevador de tapa | Q45: Hector Valencia | R45: No | S45: Bandas, correas y cadenas (se frenan / descarrilan)
A46: Enero | B46: 35027 | C46: 46040 | D46: LINEA 14 | E46: 3 | F46: 21138 | G46: ESYOF,CO,QTG,DP,LIM,EXP,500ML | H46: ENCINTADORA | I46: MS | J46: Adjustment + Breakdown | K46: 06:00 | L46: 07:00 | M46: 60 | N46: 60 | O46: =M46-N46 -> 0 | P46: Se pone motor cabezal superior | Q46: u suario | R46: No | S46: Motores y motorreductores
A47: Enero | B47: 35028 | C47: 46041 | D47: LINEA 10 | E47: 2 | F47: 3295333 | G47: VANISH WHITE GALÓN X4 | H47: BANDA TRANSPORTADORA | I47: MD | J47: Adjustment + Breakdown | K47: 17:30 | L47: 17:50 | M47: 20 | N47: 20 | O47: =M47-N47 -> 0 | P47: ajuste en traslape paso banda salida de llenadora | Q47: Hector Valencia | R47: No | S47: Bandas, correas y cadenas (se frenan / descarrilan)
A48: Enero | B48: 35052 | C48: 46042 | D48: LINEA 20 | E48: 1 | F48: 3303107 | G48: VANSH,AR,POLVO BLANCO 120GRX24 | H48: LLENADORA | I48: ML | J48: Adjustment + Breakdown | K48: 07:00 | L48: 07:10 | M48: 10 | N48: 10 | O48: =M48-N48 -> 0 | P48: maquina con temperaturas apagadas | Q48: Marcos Saez | R48: No | S48: Máquina / mordazas apagadas (espera de calentamiento)
A49: Enero | B49: 35084 | C49: 46042 | D49: LINEA 16 | E49: 1 | F49: 3303199 | G49: VANISH POL PINK SAC 144X30GM | H49: MORDAZAS | I49: MO | J49: Adjustment + Breakdown | K49: 07:00 | L49: 07:06 | M49: 6 | N49: 6 | O49: =M49-N49 -> 0 | P49: mordazas apagadas | Q49: Cristian Santacruz | R49: No | S49: Máquina / mordazas apagadas (espera de calentamiento)
A50: Enero | B50: 35125 | C50: 46042 | D50: LINEA 22 | E50: 2 | F50: 3251827 | G50: VANSH,CO,130 ML WHITE X64 | H50: VENTOSAS | I50: VE | J50: Adjustment + Breakdown | K50: 17:10 | L50: 17:30 | M50: 20 | N50: 20 | O50: =M50-N50 -> 0 | P50: se ajusta desde la parte mecanica de apertura del sobre | Q50: Diego Garcia | R50: Sí | S50: Otras fallas
A51: Enero | B51: 35176 | C51: 46043 | D51: LINEA 10 | E51: 1 | F51: 3295333 | G51: VANISH WHITE GALÓN X4 | H51: ENCINTADORA | I51: MS | J51: Adjustment + Breakdown | K51: 08:07 | L51: 08:30 | M51: 23 | N51: 23 | O51: =M51-N51 -> 0 | P51: falla en brazo encintadora | Q51: Jordan Dawkins | R51: No | S51: Otras fallas
... A58: Enero | B58: 35407 | C58: 46045 | D58: LINEA 14 | E58: 1 | F58: 20382 | G58: MANSN,CO,DOYPACK TCOLOR500ML | H58: PARADA MENOR | I58: PM | J58: Minor Stops | K58: 10:43 | L58: 10:49 | M58: 6 | N58: 6 | O58: =M58-N58 -> 0 | P58: falta aire comprimido | Q58: Jhonier Rincon | R58: No | S58: Falta de servicios (vapor / aire)
A59: Enero | B59: 35408 | C59: 46045 | D59: LINEA 14 | E59: 1 | F59: 20382 | G59: MANSN,CO,DOYPACK TCOLOR500ML | H59: MORDAZA SUPERIOR | I59: MOS | J59: Adjustment + Breakdown | K59: 09:40 | L59: 10:00 | M59: 20 | N59: 20 | O59: =M59-N59 -> 0 | Q59: Jhonier Rincon | R59: Sí | S59: Resistencias / temperatura de mordazas
A60: Enero | B60: 35409 | C60: 46045 | D60: LINEA 14 | E60: 1 | F60: 20382 | G60: MANSN,CO,DOYPACK TCOLOR500ML | H60: MORDAZA SUPERIOR | I60: MOS | J60: Adjustment + Breakdown | K60: 10:00 | L60: 10:36 | M60: 36 | N60: 36 | O60: =M60-N60 -> 0 | Q60: Jhonier Rincon | R60: Sí | S60: Resistencias / temperatura de mordazas
A61: Enero | B61: 35422 | C61: 46045 | D61: LINEA 18 | E61: 1 | F61: 3097734 | G61: VANSH,CR,GEL BLANCO 100ML CAM | H61: FALTA DE AIRE COMPRIMIDO | I61: SD | J61: Lack of Resources | K61: 10:38 | L61: 10:43 | M61: 5 | N61: 5 | O61: =M61-N61 -> 0 | Q61: Adriana Vasquez | R61: No | S61: Falta de servicios (vapor / aire)
A62: Enero | B62: 35451 | C62: 46045 | D62: LINEA 14 | E62: 1 | F62: 3058645 | G62: SANPC,CO,HERBAL DP 445 ML | H62: MORDAZA SUPERIOR | I62: MOS | J62: Adjustment + Breakdown | K62: 14:30 | L62: 15:00 | M62: 30 | N62: 30 | O62: =M62-N62 -> 0 | P62: falla resistencia superio trasera | Q62: Jhonier Rincon | R62: No | S62: Resistencias / temperatura de mordazas
A63: Enero | B63: 35483 | C63: 46045 | D63: LINEA 10 | E63: 2 | F63: 3058100 | G63: LYSOL,CR,LAVENDER GALLON X 4 | H63: ALIMENTADOR TAPA | I63: MR | J63: Adjustment + Breakdown | K63: 22:10 | L63: 23:00 | M63: 50 | N63: 50 | O63: =M63-N63 -> 0 | P63: a las 22.10 mtto recibe maquina para instalacion de motor tolva alimentadora de tapa | Q63: Hector Valencia | R63: No | S63: Tolva tapada / ajuste de tolva
A64: Enero | B64: 35500 | C64: 46046 | D64: LINEA 19 | E64: 1 | F64: 3282079 | G64: VANSH,CO, 1800ML BLANCO X6 DP | H64: FECHADOR | I64: MK | J64: Adjustment + Breakdown | K64: 06:30 | L64: 06:52 | M64: 22 | N64: 22 | O64: =M64-N64 -> 0 | P64: falla en copilot se pega sticker manual | Q64: Jordan Dawkins | R64: No | S64: Codificador / fechador
A65: Enero | B65: 35503 | C65: 46046 | D65: LINEA 19 | E65: 1 | F65: 3282079 | G65: VANSH,CO, 1800ML BLANCO X6 DP | H65: BANDA TRANSPORTADORA | I65: MD | J65: Adjustment + Breakdown | K65: 07:20 | L65: 07:40 | M65: 20 | N65: 20 | O65: =M65-N65 -> 0 | P65: falla arrastre cadena banda azul entrada selladora | Q65: Jordan Dawkins | R65: No | S65: Servo de arrastre / encoder (falla de arrastre)
A66: Enero | B66: 35574 | C66: 46048 | D66: LINEA 22 | E66: 1 | F66: 3251828 | G66: VANSH,CO,130 ML PINK X64 | H66: MORDAZA VERTICAL | I66: MOV | J66: Adjustment + Breakdown | K66: 07:00 | L66: 09:00 | M66: 120 | N66: 120 | O66: =M66-N66 -> 0 | P66: Daño en motor de placa mordazas | Q66: Diego Garcia | R66: No | S66: Motores y motorreductores
A67: Enero | B67: 35576 | C67: 46048 | D67: LINEA 22 | E67: 1 | F67: 3251828 | G67: VANSH,CO,130 ML PINK X64 | H67: MORDAZA VERTICAL | I67: MOV | J67: Adjustment + Breakdown | K67: 09:10 | L67: 10:00 | M67: 50 | N67: 50 | O67: =M67-N67 -> 0 | P67: Daño en tarjeta motos correccion de placa mordazas | Q67: Diego Garcia | R67: No | S67: PLC, programa, drives y tarjetas electrónicas
A68: Enero | B68: 35586 | C68: 46048 | D68: LINEA 22 | E68: 1 | F68: 3251828 | G68: VANSH,CO,130 ML PINK X64 | H68: MORDAZA VERTICAL | I68: MOV | J68: Adjustment + Breakdown | K68: 11:00 | L68: 11:30 | M68: 30 | N68: 30 | O68: =M68-N68 -> 0 | P68: Daño tarjeta correccion placa mordazas | Q68: Diego Garcia | R68: No | S68: PLC, programa, drives y tarjetas electrónicas
A69: Enero | B69: 35629 | C69: 46048 | D69: LINEA 22 | E69: 2 | F69: 3251823 | G69: VANSH,CO,450ML PINKX24 | H69: DESBOBINADOR | I69: DSB | J69: Adjustment + Breakdown | K69: 16:00 | L69: 16:30 | M69: 30 | N69: 30 | O69: =M69-N69 -> 0 | P69: problema tarjeta triangulo formador | Q69: Jose Reina | R69: No | S69: PLC, programa, drives y tarjetas electrónicas
A70: Enero | B70: 35633 | C70: 46048 | D70: LINEA 22 | E70: 2 | F70: 3251823 | G70: VANSH,CO,450ML PINKX24 | H70: TIJERA | I70: TJ | J70: Adjustment + Breakdown | K70: 18:00 | L70: 18:40 | M70: 40 | N70: 40 | O70: =M70-N70 -> 0 | P70: cambio de cuchillas | Q70: Jose Reina | R70: No | S70: Tijera y cuchillas (cambio / calibración)
A71: Enero | B71: 35669 | C71: 46049 | D71: LINEA 19 | E71: 1 | F71: 3282078 | G71: VANSH,CO,VANISH PINK 1.8LX6 DP | H71: DESBOBINADOR | I71: DSB | J71: Adjustment + Breakdown | K71: 08:20 | L71: 08:44 | M71: 24 | N71: 24 | O71: =M71-N71 -> 0 | P71: por falla en sensor fin de bobina se desenebra el rollo. | Q71: Jordan Dawkins | R71: No | S71: Fotoceldas y sensores
A72: Enero | B72: 35672 | C72: 46049 | D72: LINEA 19 | E72: 1 | F72: 3282078 | G72: VANSH,CO,VANISH PINK 1.8LX6 DP | H72: ENCINTADORA | I72: MS | J72: Adjustment + Breakdown | K72: 11:07 | L72: 11:30 | M72: 23 | N72: 23 | O72: =M72-N72 -> 0 | P72: se revienta correa lateral encintadora. | Q72: Jordan Dawkins | R72: No | S72: Bandas, correas y cadenas (se frenan / descarrilan)
A73: Enero | B73: 35680 | C73: 46049 | D73: LINEA 19 | E73: 1 | F73: 3282078 | G73: VANSH,CO,VANISH PINK 1.8LX6 DP | H73: ENCINTADORA | I73: MS | J73: Adjustment + Breakdown | K73: 12:00 | L73: 12:52 | M73: 52 | N73: 52 | O73: =M73-N73 -> 0 | P73: cambio de correa encintadora | Q73: Jordan Dawkins | R73: No | S73: Bandas, correas y cadenas (se frenan / descarrilan)
... A76: Enero | B76: 35775 | C76: 46050 | D76: LINEA 20 | E76: 2 | F76: 3303243 | G76: VANSH,CO,POLVO BLANCO 850GRX6 | H76: TIJERA | I76: TJ | J76: Adjustment + Breakdown | K76: 15:00 | L76: 16:00 | M76: 60 | N76: 60 | O76: =M76-N76 -> 0 | P76: cambio de tijera, se debe realizar bloqueo en la maquina, para realizar el cambio | Q76: Carlos Rodriguez | R76: No | S76: Tijera y cuchillas (cambio / calibración)
A77: Enero | B77: 35823 | C77: 46051 | D77: LINEA 14 | E77: 1 | F77: 3206376 | G77: WLITE,CO,900ML X 12 BEBE | H77: ENCINTADORA | I77: MS | J77: Adjustment + Breakdown | K77: 08:00 | L77: 08:44 | M77: 44 | N77: 44 | O77: =M77-N77 -> 0 | Q77: Cristian Santacruz | R77: Sí | S77: Sin observación
A78: Enero | B78: 35911 | C78: 46052 | D78: LINEA 19 | E78: 1 | F78: 3252560 | G78: VANSH,CO,1800ML PINKX6 DP | H78: BANDA TRANSPORTADORA | I78: MD | J78: Adjustment + Breakdown | K78: 12:31 | L78: 13:00 | M78: 29 | N78: 29 | O78: =M78-N78 -> 0 | P78: se descarrila cadena del pinon arrastre banda azul | Q78: Jordan Dawkins | R78: No | S78: Servo de arrastre / encoder (falla de arrastre)
A79: Enero | B79: 35912 | C79: 46052 | D79: LINEA 19 | E79: 1 | F79: 3252560 | G79: VANSH,CO,1800ML PINKX6 DP | H79: BANDA TRANSPORTADORA | I79: MD | J79: Adjustment + Breakdown | K79: 13:00 | L79: 13:14 | M79: 14 | N79: 14 | O79: =M79-N79 -> 0 | Q79: Jordan Dawkins | R79: No | S79: Bandas, correas y cadenas (se frenan / descarrilan)
A80: Mayo | B80: 42836 | C80: 46146 | D80: LINEA 02 | E80: 1 | F80: 3340335 | G80: CHERR,CO,NEGRO 12G X 96 SPIR | H80: LLENADORA | I80: ML | J80: Adjustment + Breakdown | K80: 08:00 | L80: 08:40 | M80: 40 | N80: 40 | O80: =M80-N80 -> 0 | P80: se interviene la boquilla 6 por fuga de betun | Q80: Edward Gomez | R80: No | S80: Boquillas de llenado (goteo, fugas, conos)
A81: Mayo | B81: 42842 | C81: 46146 | D81: LINEA 02 | E81: 1 | F81: 3340335 | G81: CHERR,CO,NEGRO 12G X 96 SPIR | H81: LLENADORA | I81: ML | J81: Adjustment + Breakdown | K81: 09:10 | L81: 10:00 | M81: 50 | N81: 50 | O81: =M81-N81 -> 0 | P81: se habilitan las 2 boquilla 1,2 | Q81: Edward Gomez | R81: Sí | S81: Boquillas de llenado (goteo, fugas, conos)
A82: Mayo | B82: 42890 | C82: 46146 | D82: LINEA 02 | E82: 2 | F82: 3340335 | G82: CHERR,CO,NEGRO 12G X 96 SPIR | H82: LLENADORA | I82: ML | J82: Adjustment + Breakdown | K82: 14:46 | L82: 15:00 | M82: 14 | N82: 14 | O82: =M82-N82 -> 0 | P82: Ajustes en llenadora | Q82: Yeison Rojas | R82: No | S82: Otras fallas
A83: Mayo | B83: 42902 | C83: 46146 | D83: LINEA 18 | E83: 2 | F83: 3097733 | G83: VANSH,CR,GEL PINK 100ML CAM | H83: MORDAZAS | I83: MO | J83: Adjustment + Breakdown | K83: 17:10 | L83: 17:25 | M83: 15 | N83: 15 | O83: =M83-N83 -> 0 | P83: Temperatura | Q83: Adriana Vasquez | R83: No | S83: Resistencias / temperatura de mordazas
A84: Mayo | B84: 42903 | C84: 46146 | D84: LINEA 18 | E84: 2 | F84: 3097733 | G84: VANSH,CR,GEL PINK 100ML CAM | H84: MORDAZAS | I84: MO | J84: Adjustment + Breakdown | K84: 17:25 | L84: 17:30 | M84: 5 | N84: 5 | O84: =M84-N84 -> 0 | P84: Falla temperaturas | Q84: Adriana Vasquez | R84: No | S84: Resistencias / temperatura de mordazas
A85: Mayo | B85: 42904 | C85: 46146 | D85: LINEA 18 | E85: 2 | F85: 3097733 | G85: VANSH,CR,GEL PINK 100ML CAM | H85: MORDAZAS | I85: MO | J85: Adjustment + Breakdown | K85: 17:30 | L85: 18:00 | M85: 30 | N85: 30 | O85: =M85-N85 -> 0 | P85: Temperatura | Q85: Adriana Vasquez | R85: No | S85: Resistencias / temperatura de mordazas
A86: Mayo | B86: 42913 | C86: 46146 | D86: LINEA 11 | E86: 2 | F86: 3303245 | G86: VANSH,CO,POLVO BLANCO 900GRX6 | H86: SISTEMA SUCCION - OGA | I86: SS | J86: Adjustment + Breakdown | K86: 16:00 | L86: 17:00 | M86: 60 | N86: 60 | O86: =M86-N86 -> 0 | P86: falla en vavlvula admision silo sistema oga | Q86: Jhonier Rincon | R86: No | S86: Válvula de admisión sistema OGA / succión
A87: Mayo | B87: 42956 | C87: 46146 | D87: LINEA 11 | E87: 2 | F87: 3303245 | G87: VANSH,CO,POLVO BLANCO 900GRX6 | H87: SISTEMA SUCCION - OGA | I87: SS | J87: Adjustment + Breakdown | K87: 19:30 | L87: 20:00 | M87: 30 | N87: 30 | O87: =M87-N87 -> 0 | P87: falla en valvula admision sistema oga | Q87: Jhonier Rincon | R87: No | S87: Válvula de admisión sistema OGA / succión
A88: Mayo | B88: 42957 | C88: 46146 | D88: LINEA 11 | E88: 2 | F88: 3303245 | G88: VANSH,CO,POLVO BLANCO 900GRX6 | H88: SISTEMA SUCCION - OGA | I88: SS | J88: Adjustment + Breakdown | K88: 21:00 | L88: 22:00 | M88: 60 | N88: 60 | O88: =M88-N88 -> 0 | P88: falla en valvula admision sistema oga | Q88: Jhonier Rincon | R88: No | S88: Válvula de admisión sistema OGA / succión
A89: Mayo | B89: 42958 | C89: 46146 | D89: LINEA 11 | E89: 2 | F89: 3303245 | G89: VANSH,CO,POLVO BLANCO 900GRX6 | H89: SISTEMA SUCCION - OGA | I89: SS | J89: Adjustment + Breakdown | K89: 18:00 | L89: 19:00 | M89: 60 | N89: 60 | O89: =M89-N89 -> 0 | P89: falla en valvula admision sistema oga | Q89: Jhonier Rincon | R89: No | S89: Válvula de admisión sistema OGA / succión
A90: Mayo | B90: 42959 | C90: 46146 | D90: LINEA 11 | E90: 2 | F90: 3303245 | G90: VANSH,CO,POLVO BLANCO 900GRX6 | H90: SISTEMA SUCCION - OGA | I90: SS | J90: Adjustment + Breakdown | K90: 20:00 | L90: 21:00 | M90: 60 | N90: 60 | O90: =M90-N90 -> 0 | P90: falla en valvula admision sistema oga | Q90: Jhonier Rincon | R90: No | S90: Válvula de admisión sistema OGA / succión
A91: Mayo | B91: 42962 | C91: 46146 | D91: LINEA 11 | E91: 2 | F91: 3303245 | G91: VANSH,CO,POLVO BLANCO 900GRX6 | H91: SISTEMA SUCCION - OGA | I91: SS | J91: Adjustment + Breakdown | K91: 17:15 | L91: 17:27 | M91: 12 | N91: 12 | O91: =M91-N91 -> 0 | Q91: Jhonier Rincon | R91: No | S91: Válvula de admisión sistema OGA / succión
A92: Mayo | B92: 42963 | C92: 46146 | D92: LINEA 11 | E92: 2 | F92: 3303245 | G92: VANSH,CO,POLVO BLANCO 900GRX6 | H92: SISTEMA SUCCION - OGA | I92: SS | J92: Adjustment + Breakdown | K92: 22:00 | L92: 22:16 | M92: 16 | N92: 16 | O92: =M92-N92 -> 0 | Q92: Jhonier Rincon | R92: No | S92: Válvula de admisión sistema OGA / succión
A93: Mayo | B93: 43016 | C93: 46147 | D93: LINEA 18 | E93: 2 | F93: 3097733 | G93: VANSH,CR,GEL PINK 100ML CAM | H93: MORDAZAS | I93: MO | J93: Adjustment + Breakdown | K93: 15:00 | L93: 15:25 | M93: 25 | N93: 25 | O93: =M93-N93 -> 0 | P93: la temperatura se encuentra apagada se espera que suba. la temperatura de la inferior delantera 1 se demora mas que las otras en alcanzar el setpoint | Q93: Adriana Vasquez | R93: No | S93: Máquina / mordazas apagadas (espera de calentamiento)
A94: Mayo | B94: 43026 | C94: 46147 | D94: LINEA 02 | E94: 2 | F94: 3340335 | G94: CHERR,CO,NEGRO 12G X 96 SPIR | H94: LLENADORA | I94: ML | J94: Adjustment + Breakdown | K94: 16:36 | L94: 17:00 | M94: 24 | N94: 24 | O94: =M94-N94 -> 0 | P94: Ajustes en valvulas llenadora, filtracion de agua. | Q94: Yeison Rojas | R94: Sí | S94: Electroválvulas, racores y fugas de aire
A95: Mayo | B95: 43046 | C95: 46147 | D95: LINEA 22 | E95: 2 | F95: 3162876 | G95: SANPC,CO,VAINILLA 200ML DP | H95: DESBOBINADOR | I95: DSB | J95: Adjustment + Breakdown | K95: 18:19 | L95: 18:35 | M95: 16 | N95: 16 | O95: =M95-N95 -> 0 | P95: Cambio de coronas de perforadores | Q95: Diego Garcia | R95: Sí | S95: Coronas de perforadores
A96: Mayo | B96: 43058 | C96: 46147 | D96: LINEA 18 | E96: 2 | F96: 3097733 | G96: VANSH,CR,GEL PINK 100ML CAM | H96: MORDAZAS | I96: MO | J96: Adjustment + Breakdown | K96: 19:38 | L96: 20:00 | M96: 22 | N96: 22 | O96: =M96-N96 -> 0 | P96: la temperatura de la mordaza horizontal delantera 1 presenta variacion y para la maquina. | Q96: Adriana Vasquez | R96: No | S96: Resistencias / temperatura de mordazas
A97: Mayo | B97: 43070 | C97: 46147 | D97: LINEA 18 | E97: 2 | F97: 3097733 | G97: VANSH,CR,GEL PINK 100ML CAM | H97: MORDAZAS | I97: MO | J97: Adjustment + Breakdown | K97: 20:24 | L97: 21:00 | M97: 36 | N97: 36 | O97: =M97-N97 -> 0 | P97: falla en temperatura mordaza delantera 1. lo cual genera continuas paradas | Q97: Adriana Vasquez | R97: No | S97: Resistencias / temperatura de mordazas
A98: Mayo | B98: 43102 | C98: 46147 | D98: LINEA 02 | E98: 2 | F98: 3340335 | G98: CHERR,CO,NEGRO 12G X 96 SPIR | H98: TAPADORA | I98: MT | J98: Adjustment + Breakdown | K98: 21:40 | L98: 22:00 | M98: 20 | N98: 20 | O98: =M98-N98 -> 0 | P98: Se enderaza formato tapadora | Q98: Yeison Rojas | R98: No | S98: Otras fallas
A99: Mayo | B99: 43210 | C99: 46148 | D99: LINEA 18 | E99: 2 | F99: 3097733 | G99: VANSH,CR,GEL PINK 100ML CAM | H99: FECHADOR | I99: MK | J99: Adjustment + Breakdown | K99: 20:00 | L99: 20:24 | M99: 24 | N99: 24 | O99: =M99-N99 -> 0 | P99: el codificador laser deja de marcar. | Q99: Adriana Vasquez | R99: No | S99: Codificador / fechador
A100: Mayo | B100: 43250 | C100: 46149 | D100: LINEA 02 | E100: 1 | F100: 3348658 | G100: NUGET,CO,CAMEXNEG72X12G | H100: LLENADORA | I100: ML | J100: Adjustment + Breakdown | K100: 07:00 | L100: 08:00 | M100: 60 | N100: 60 | O100: =M100-N100 -> 0 | P100: se parte pin del introdutor | Q100: Edward Gomez | R100: No | S100: Tornillos, pines y piezas partidas
A101: Mayo | B101: 43254 | C101: 46149 | D101: LINEA 02 | E101: 1 | F101: 3348658 | G101: NUGET,CO,CAMEXNEG72X12G | H101: LLENADORA | I101: ML | J101: Adjustment + Breakdown | K101: 08:00 | L101: 08:15 | M101: 15 | N101: 15 | O101: =M101-N101 -> 0 | P101: entrega areglada del pin | Q101: Edward Gomez | R101: No | S101: Tornillos, pines y piezas partidas
A102: Mayo | B102: 43293 | C102: 46149 | D102: LINEA 18 | E102: 2 | F102: 3097733 | G102: VANSH,CR,GEL PINK 100ML CAM | H102: MORDAZAS | I102: MO | J102: Adjustment + Breakdown | K102: 15:00 | L102: 15:16 | M102: 16 | N102: 16 | O102: =M102-N102 -> 0 | P102: se espera que suba temperatura ya que se encuentra apagada. la mordaza delantera 1 se demora mas que las otras en subir | Q102: Adriana Vasquez | R102: No | S102: Máquina / mordazas apagadas (espera de calentamiento)
A103: Mayo | B103: 43331 | C103: 46149 | D103: LINEA 11 | E103: 2 | F103: 3303245 | G103: VANSH,CO,POLVO BLANCO 900GRX6 | H103: ETIQUETADORA | I103: ME | J103: Adjustment + Breakdown | K103: 18:16 | L103: 18:32 | M103: 16 | N103: 16 | O103: =M103-N103 -> 0 | P103: se rectifica rosca de tornillo que sostiene platina salida de etiqueta | Q103: Jhonier Rincon | R103: No | S103: Tornillos, pines y piezas partidas
A104: Mayo | B104: 43344 | C104: 46149 | D104: LINEA 02 | E104: 2 | F104: 3348658 | G104: NUGET,CO,CAMEXNEG72X12G | H104: LLENADORA | I104: ML | J104: Adjustment + Breakdown | K104: 19:30 | L104: 20:00 | M104: 30 | N104: 30 | O104: =M104-N104 -> 0 | P104: Se da;a sensor de fibra en llenadora | Q104: Yeison Rojas | R104: No | S104: Fotoceldas y sensores
... A118: Mayo | B118: 44108 | C118: 46156 | D118: LINEA 02 | E118: 2 | F118: 3340848 | G118: NUGET,CO,NEGRO 36G X 72 SPIR | H118: ALIMENTADOR DE FONDOS/ENVASE | I118: MQ | J118: Adjustment + Breakdown | K118: 15:00 | L118: 15:39 | M118: 39 | N118: 39 | O118: =M118-N118 -> 0 | P118: SE PARTE PIN | Q118: Edward Gomez | R118: No | S118: Tornillos, pines y piezas partidas
A119: Mayo | B119: 44137 | C119: 46157 | D119: LINEA 10 | E119: 1 | F119: 3295335 | G119: WOOLITE P&C GALÓN X4 | H119: ENCAJADORA | I119: DC | J119: Adjustment + Breakdown | K119: 08:21 | L119: 08:35 | M119: 14 | N119: 14 | O119: =M119-N119 -> 0 | Q119: Jordan Dawkins | R119: No | S119: Sin observación
A120: Mayo | B120: 44249 | C120: 46157 | D120: LINEA 02 | E120: 2 | F120: 3340848 | G120: NUGET,CO,NEGRO 36G X 72 SPIR | H120: LLENADORA | I120: ML | J120: Adjustment + Breakdown | K120: 18:08 | L120: 18:40 | M120: 32 | N120: 32 | O120: =M120-N120 -> 0 | P120: se aja cono de bq 6 | Q120: Edward Gomez | R120: No | S120: Boquillas de llenado (goteo, fugas, conos)
A121: Mayo | B121: 44278 | C121: 46158 | D121: LINEA 02 | E121: 1 | F121: 3340848 | G121: NUGET,CO,NEGRO 36G X 72 SPIR | H121: LLENADORA | I121: ML | J121: Adjustment + Breakdown | K121: 06:14 | L121: 06:44 | M121: 30 | N121: 30 | O121: =M121-N121 -> 0 | P121: Calentamiento de equipos se encuentran todos los equipos apagados, enfajadora sin calentar, llenadora apagada. | Q121: Yeison Rojas | R121: No | S121: Máquina / mordazas apagadas (espera de calentamiento)
A122: Mayo | B122: 44291 | C122: 46158 | D122: LINEA 20 | E122: 1 | F122: 3303204 | G122: VANSH,CO,POLVO ROSA 120GRX24 | H122: SISTEMA SUCCION - OGA | I122: SS | J122: Adjustment + Breakdown | K122: 09:30 | L122: 09:56 | M122: 26 | N122: 26 | O122: =M122-N122 -> 0 | P122: Falla en barrido por fuga de aire | Q122: Andrés Escobar | R122: Sí | S122: Válvula de admisión sistema OGA / succión
A123: Mayo | B123: 44334 | C123: 46158 | D123: LINEA 16 | E123: 1 | F123: 3303202 | G123: VANSH,CO,POLVO BLANCO 30GRX144 | H123: SERVO MOTOR | I123: SR | J123: Adjustment + Breakdown | K123: 10:50 | L123: 11:00 | M123: 10 | N123: 10 | O123: =M123-N123 -> 0 | P123: encoder | Q123: Carolina Pelaez | R123: No | S123: Servo de arrastre / encoder (falla de arrastre)
A124: Mayo | B124: 44336 | C124: 46158 | D124: LINEA 16 | E124: 1 | F124: 3303202 | G124: VANSH,CO,POLVO BLANCO 30GRX144 | H124: SERVO MOTOR | I124: SR | J124: Adjustment + Breakdown | K124: 11:00 | L124: 12:00 | M124: 60 | N124: 60 | O124: =M124-N124 -> 0 | P124: encoder | Q124: Carolina Pelaez | R124: No | S124: Servo de arrastre / encoder (falla de arrastre)
A125: Mayo | B125: 44338 | C125: 46158 | D125: LINEA 16 | E125: 1 | F125: 3303202 | G125: VANSH,CO,POLVO BLANCO 30GRX144 | H125: SERVO MOTOR | I125: SR | J125: Adjustment + Breakdown | K125: 12:00 | L125: 13:00 | M125: 60 | N125: 60 | O125: =M125-N125 -> 0 | P125: falla en encoder | Q125: Carolina Pelaez | R125: No | S125: Servo de arrastre / encoder (falla de arrastre)
A126: Mayo | B126: 44381 | C126: 46158 | D126: LINEA 16 | E126: 2 | F126: 3303202 | G126: VANSH,CO,POLVO BLANCO 30GRX144 | H126: LLENADORA | I126: ML | J126: Adjustment + Breakdown | K126: 13:00 | L126: 14:00 | M126: 60 | N126: 60 | O126: =M126-N126 -> 0 | P126: falla encoder | Q126: Luis Candelo | R126: No | S126: Servo de arrastre / encoder (falla de arrastre)
A127: Mayo | B127: 44382 | C127: 46158 | D127: LINEA 16 | E127: 2 | F127: 3303202 | G127: VANSH,CO,POLVO BLANCO 30GRX144 | H127: LLENADORA | I127: ML | J127: Adjustment + Breakdown | K127: 14:00 | L127: 15:00 | M127: 60 | N127: 60 | O127: =M127-N127 -> 0 | P127: falla encoder | Q127: Luis Candelo | R127: No | S127: Servo de arrastre / encoder (falla de arrastre)
A128: Mayo | B128: 44383 | C128: 46158 | D128: LINEA 16 | E128: 2 | F128: 3303202 | G128: VANSH,CO,POLVO BLANCO 30GRX144 | H128: LLENADORA | I128: ML | J128: Adjustment + Breakdown | K128: 15:00 | L128: 16:00 | M128: 60 | N128: 60 | O128: =M128-N128 -> 0 | P128: encoder | Q128: Luis Candelo | R128: No | S128: Servo de arrastre / encoder (falla de arrastre)
A129: Mayo | B129: 44384 | C129: 46158 | D129: LINEA 16 | E129: 2 | F129: 3303202 | G129: VANSH,CO,POLVO BLANCO 30GRX144 | H129: LLENADORA | I129: ML | J129: Adjustment + Breakdown | K129: 16:00 | L129: 17:00 | M129: 60 | N129: 60 | O129: =M129-N129 -> 0 | P129: encoder | Q129: Luis Candelo | R129: No | S129: Servo de arrastre / encoder (falla de arrastre)
A130: Mayo | B130: 44385 | C130: 46158 | D130: LINEA 16 | E130: 2 | F130: 3303202 | G130: VANSH,CO,POLVO BLANCO 30GRX144 | H130: LLENADORA | I130: ML | J130: Adjustment + Breakdown | K130: 17:00 | L130: 18:00 | M130: 60 | N130: 60 | O130: =M130-N130 -> 0 | P130: ender | Q130: Luis Candelo | R130: No | S130: Servo de arrastre / encoder (falla de arrastre)
A131: Mayo | B131: 44386 | C131: 46158 | D131: LINEA 16 | E131: 2 | F131: 3303202 | G131: VANSH,CO,POLVO BLANCO 30GRX144 | H131: LLENADORA | I131: ML | J131: Adjustment + Breakdown | K131: 18:12 | L131: 19:00 | M131: 48 | N131: 48 | O131: =M131-N131 -> 0 | P131: encoder | Q131: Luis Candelo | R131: No | S131: Servo de arrastre / encoder (falla de arrastre)
A132: Mayo | B132: 44405 | C132: 46161 | D132: LINEA 10 | E132: 1 | F132: 3295333 | G132: VANISH WHITE GALÓN X4 | H132: FALTA PERSONAL | I132: S4 | J132: Lack of Resources | K132: 09:40 | L132: 09:56 | M132: 16 | N132: 16 | O132: =M132-N132 -> 0 | Q132: Jordan Dawkins | R132: No | S132: Falta de técnico / EPP
A133: Mayo | B133: 44419 | C133: 46161 | D133: LINEA 14 | E133: 1 | F133: 3251825 | G133: VANSH,CO,300ML PINKX48 | H133: MORDAZA SUPERIOR | I133: MOS | J133: Adjustment + Breakdown | K133: 10:22 | L133: 11:00 | M133: 38 | N133: 38 | O133: =M133-N133 -> 0 | P133: cambio de resistencia mordaza superior trasera | Q133: Cristian Santacruz | R133: No | S133: Resistencias / temperatura de mordazas
A134: Mayo | B134: 44442 | C134: 46161 | D134: LINEA 16 | E134: 1 | F134: 3303202 | G134: VANSH,CO,POLVO BLANCO 30GRX144 | H134: SERVO MOTOR | I134: SR | J134: Adjustment + Breakdown | K134: 07:39 | L134: 08:00 | M134: 21 | N134: 21 | O134: =M134-N134 -> 0 | P134: falla de arrastre | Q134: Carolina Pelaez | R134: No | S134: Servo de arrastre / encoder (falla de arrastre)
A135: Mayo | B135: 44445 | C135: 46161 | D135: LINEA 16 | E135: 1 | F135: 3303202 | G135: VANSH,CO,POLVO BLANCO 30GRX144 | H135: SERVO MOTOR | I135: SR | J135: Adjustment + Breakdown | K135: 09:49 | L135: 10:00 | M135: 11 | N135: 11 | O135: =M135-N135 -> 0 | P135: falla de arrastre | Q135: Carolina Pelaez | R135: No | S135: Servo de arrastre / encoder (falla de arrastre)
A136: Mayo | B136: 44446 | C136: 46161 | D136: LINEA 16 | E136: 1 | F136: 3303202 | G136: VANSH,CO,POLVO BLANCO 30GRX144 | H136: SERVO MOTOR | I136: SR | J136: Adjustment + Breakdown | K136: 10:00 | L136: 11:00 | M136: 60 | N136: 60 | O136: =M136-N136 -> 0 | P136: falla de arrastre | Q136: Carolina Pelaez | R136: No | S136: Servo de arrastre / encoder (falla de arrastre)
A137: Mayo | B137: 44448 | C137: 46161 | D137: LINEA 16 | E137: 1 | F137: 3303202 | G137: VANSH,CO,POLVO BLANCO 30GRX144 | H137: SERVO MOTOR | I137: SR | J137: Adjustment + Breakdown | K137: 11:30 | L137: 12:00 | M137: 30 | N137: 30 | O137: =M137-N137 -> 0 | P137: se dispara servomotor | Q137: Carolina Pelaez | R137: No | S137: Servo de arrastre / encoder (falla de arrastre)
A138: Mayo | B138: 44449 | C138: 46161 | D138: LINEA 16 | E138: 1 | F138: 3303202 | G138: VANSH,CO,POLVO BLANCO 30GRX144 | H138: SERVO MOTOR | I138: SR | J138: Adjustment + Breakdown | K138: 12:35 | L138: 13:00 | M138: 25 | N138: 25 | O138: =M138-N138 -> 0 | P138: se dispara servomotor | Q138: Carolina Pelaez | R138: No | S138: Servo de arrastre / encoder (falla de arrastre)
A139: Mayo | B139: 44450 | C139: 46161 | D139: LINEA 16 | E139: 1 | F139: 3303202 | G139: VANSH,CO,POLVO BLANCO 30GRX144 | H139: SERVO MOTOR | I139: SR | J139: Adjustment + Breakdown | K139: 13:19 | L139: 14:00 | M139: 41 | N139: 41 | O139: =M139-N139 -> 0 | P139: se dispara servomotor | Q139: Carolina Pelaez | R139: No | S139: Servo de arrastre / encoder (falla de arrastre)
A140: Mayo | B140: 44458 | C140: 46161 | D140: LINEA 16 | E140: 1 | F140: 3303202 | G140: VANSH,CO,POLVO BLANCO 30GRX144 | H140: SERVO MOTOR | I140: SR | J140: Adjustment + Breakdown | K140: 14:45 | L140: 15:00 | M140: 15 | N140: 15 | O140: =M140-N140 -> 0 | Q140: Carolina Pelaez | R140: No | S140: Servo de arrastre / encoder (falla de arrastre)
A141: Mayo | B141: 44500 | C141: 46161 | D141: LINEA 03 | E141: 2 | F141: 3264491 | G141: POLIF,CO,CUBRERASGUNOS 200ML | H141: LLENADORA | I141: ML | J141: Adjustment + Breakdown | K141: 20:45 | L141: 21:00 | M141: 15 | N141: 15 | O141: =M141-N141 -> 0 | P141: Ajuste en boquilla #1 presentaba fuga de producto | Q141: Yeison Rojas | R141: No | S141: Boquillas de llenado (goteo, fugas, conos)
A142: Mayo | B142: 44533 | C142: 46162 | D142: LINEA 10 | E142: 1 | F142: 3295333 | G142: VANISH WHITE GALÓN X4 | H142: FALTA DE MEZCLA | I142: SM | J142: Lack of Resources | K142: 08:00 | L142: 08:12 | M142: 12 | N142: 12 | O142: =M142-N142 -> 0 | P142: falla en bomba trasiego | Q142: Jordan Dawkins | R142: No | S142: Bombas (llenado / trasiego)
A143: Mayo | B143: 44569 | C143: 46162 | D143: LINEA 14 | E143: 1 | F143: 3251825 | G143: VANSH,CO,300ML PINKX48 | H143: LLENADORA | I143: ML | J143: Adjustment + Breakdown | K143: 11:30 | L143: 11:46 | M143: 16 | N143: 16 | O143: =M143-N143 -> 0 | P143: cambio de valvula tanque | Q143: Cristian Santacruz | R143: No | S143: Electroválvulas, racores y fugas de aire
A144: Mayo | B144: 44592 | C144: 46162 | D144: LINEA 16 | E144: 1 | F144: 3303202 | G144: VANSH,CO,POLVO BLANCO 30GRX144 | H144: SERVO MOTOR | I144: SR | J144: Adjustment + Breakdown | K144: 11:39 | L144: 12:00 | M144: 21 | N144: 21 | O144: =M144-N144 -> 0 | P144: paradas constantes por ristra rota parte lateral | Q144: Carolina Pelaez | R144: No | S144: Ristras rotas / sello de laminado
A145: Mayo | B145: 44593 | C145: 46162 | D145: LINEA 16 | E145: 1 | F145: 3303202 | G145: VANSH,CO,POLVO BLANCO 30GRX144 | H145: SERVO MOTOR | I145: SR | J145: Adjustment + Breakdown | K145: 12:38 | L145: 13:00 | M145: 22 | N145: 22 | O145: =M145-N145 -> 0 | P145: ristra rota partre lateral ajuste de mordaza | Q145: Carolina Pelaez | R145: No | S145: Ristras rotas / sello de laminado
...

Sheet Eventos
B1: Eventos de parada agrupados
B2: Junta los registros del mismo día, la misma línea y el mismo equipo (fallas largas registradas hora por hora). Los minutos se calculan con SUMIFS sobre la hoja Datos.
B4: Mes | C4: Ranking en el mes | D4: Fecha | E4: Línea | F4: Equipo | G4: Turno | H4: Registros | I4: Minutos | J4: Horas | K4: Inicio | L4: Fin | M4: Qué pasó (observaciones)
B5: Enero | C5: 1 | D5: 46035 | E5: LINEA 18 | F5: LLENADORA | G5: 1 | H5: =COUNTIFS(Datos!$C$2:$C$319,D5,Datos!$D$2:$D$319,E5,Datos!$H$2:$H$319,F5) -> 1 | I5: =SUMIFS(Datos!$M$2:$M$319,Datos!$C$2:$C$319,D5,Datos!$D$2:$D$319,E5,Datos!$H$2:$H$319,F5) -> 480 | J5: =I5/60 -> 8 | K5: 07:00 | L5: 15:00 | M5: Arranque con acompañamiento de proyectos
B6: Enero | C6: 2 | D6: 46048 | E6: LINEA 22 | F6: MORDAZA VERTICAL | G6: 1 | H6: =COUNTIFS(Datos!$C$2:$C$319,D6,Datos!$D$2:$D$319,E6,Datos!$H$2:$H$319,F6) -> 3 | I6: =SUMIFS(Datos!$M$2:$M$319,Datos!$C$2:$C$319,D6,Datos!$D$2:$D$319,E6,Datos!$H$2:$H$319,F6) -> 200 | J6: =I6/60 -> 3.3333333 | K6: 07:00 | L6: 11:30 | M6: Daño en motor de placa mordazas / Daño en tarjeta motos correccion de placa mordazas / Daño tarjeta correccion placa mordazas
B7: Enero | C7: 3 | D7: 46024 | E7: LINEA 22 | F7: ENCINTADORA | G7: 1 | H7: =COUNTIFS(Datos!$C$2:$C$319,D7,Datos!$D$2:$D$319,E7,Datos!$H$2:$H$319,F7) -> 1 | I7: =SUMIFS(Datos!$M$2:$M$319,Datos!$C$2:$C$319,D7,Datos!$D$2:$D$319,E7,Datos!$H$2:$H$319,F7) -> 180 | J7: =I7/60 -> 3 | K7: 07:00 | L7: 10:00 | M7: Cambio de moto reductor banda entrada encintadora
B8: Enero | C8: 4 | D8: 46037 | E8: LINEA 18 | F8: FOTOCELULA | G8: 1 | H8: =COUNTIFS(Datos!$C$2:$C$319,D8,Datos!$D$2:$D$319,E8,Datos!$H$2:$H$319,F8) -> 5 | I8: =SUMIFS(Datos!$M$2:$M$319,Datos!$C$2:$C$319,D8,Datos!$D$2:$D$319,E8,Datos!$H$2:$H$319,F8) -> 177 | J8: =I8/60 -> 2.95 | K8: 09:39 | L8: 14:18 | M8: se calibra fotocelda de desbobinador / continuas paradas realizando ajustes en parametros de fotocelda de desbobinador / error en fotocelda de desbobinador / runion para reaizar plan para eliminar fallo en fotocelda de desbobinador / los tecnicos hacen ajusts en el servo
B9: Enero | C9: 5 | D9: 46035 | E9: LINEA 14 | F9: MORDAZA SUPERIOR | G9: 1 | H9: =COUNTIFS(Datos!$C$2:$C$319,D9,Datos!$D$2:$D$319,E9,Datos!$H$2:$H$319,F9) -> 3 | I9: =SUMIFS(Datos!$M$2:$M$319,Datos!$C$2:$C$319,D9,Datos!$D$2:$D$319,E9,Datos!$H$2:$H$319,F9) -> 155 | J9: =I9/60 -> 2.5833333 | K9: 09:25 | L9: 13:00 | M9: hace corto seristencia quemando esta / cambio de resistencias / se hace cambio de resistencias
B10: Enero | C10: 5 | D10: 46041 | E10: LINEA 10 | F10: BANDA TRANSPORTADORA | G10: 2 | H10: =COUNTIFS(Datos!$C$2:$C$319,D10,Datos!$D$2:$D$319,E10,Datos!$H$2:$H$319,F10) -> 4 | I10: =SUMIFS(Datos!$M$2:$M$319,Datos!$C$2:$C$319,D10,Datos!$D$2:$D$319,E10,Datos!$H$2:$H$319,F10) -> 155 | J10: =I10/60 -> 2.5833333 | K10: 15:00 | L10: 17:50 | M10: espera entega de mtto banda ttransporte tapa wollite hacia tapadora / mtto ajusyta banda para empezar proceso / cambio de direccion banda elevador de tapa / ajuste en traslape paso banda salida de llenadora
B11: Enero | C11: 7 | D11: 46044 | E11: LINEA 14 | F11: LLENADORA | G11: 1 | H11: =COUNTIFS(Datos!$C$2:$C$319,D11,Datos!$D$2:$D$319,E11,Datos!$H$2:$H$319,F11) -> 3 | I11: =SUMIFS(Datos!$M$2:$M$319,Datos!$C$2:$C$319,D11,Datos!$D$2:$D$319,E11,Datos!$H$2:$H$319,F11) -> 86 | J11: =I11/60 -> 1.4333333 | K11: 08:40 | L11: 11:12 | M11: personal de mtto realiza intervencion en maquina por falla en programacion para operacion de maquina con jog
B12: Enero | C12: 7 | D12: 46045 | E12: LINEA 14 | F12: MORDAZA SUPERIOR | G12: 1 | H12: =COUNTIFS(Datos!$C$2:$C$319,D12,Datos!$D$2:$D$319,E12,Datos!$H$2:$H$319,F12) -> 3 | I12: =SUMIFS(Datos!$M$2:$M$319,Datos!$C$2:$C$319,D12,Datos!$D$2:$D$319,E12,Datos!$H$2:$H$319,F12) -> 86 | J12: =I12/60 -> 1.4333333 | K12: 09:40 | L12: 15:00 | M12: falla resistencia superio trasera
B13: Enero | C13: 9 | D13: 46038 | E13: LINEA 18 | F13: LLENADORA | G13: 1 | H13: =COUNTIFS(Datos!$C$2:$C$319,D13,Datos!$D$2:$D$319,E13,Datos!$H$2:$H$319,F13) -> 4 | I13: =SUMIFS(Datos!$M$2:$M$319,Datos!$C$2:$C$319,D13,Datos!$D$2:$D$319,E13,Datos!$H$2:$H$319,F13) -> 76 | J13: =I13/60 -> 1.2666667 | K13: 08:52 | L13: 14:47 | M13: paradas por falla en el drive de boquilla se hace seguimiento / falla de variador drive boquilas, se hacen ajustes / continuas paradas por falla en el drive de boquillas de llenado / continuas paradas por falla en el drive de boquillas
B14: Enero | C14: 10 | D14: 46049 | E14: LINEA 19 | F14: ENCINTADORA | G14: 1 | H14: =COUNTIFS(Datos!$C$2:$C$319,D14,Datos!$D$2:$D$319,E14,Datos!$H$2:$H$319,F14) -> 2 | I14: =SUMIFS(Datos!$M$2:$M$319,Datos!$C$2:$C$319,D14,Datos!$D$2:$D$319,E14,Datos!$H$2:$H$319,F14) -> 75 | J14: =I14/60 -> 1.25 | K14: 11:07 | L14: 12:52 | M14: se revienta correa lateral encintadora. / cambio de correa encintadora
B15: Enero | C15: 11 | D15: 46036 | E15: LINEA 18 | F15: DESBOBINADOR | G15: 1 | H15: =COUNTIFS(Datos!$C$2:$C$319,D15,Datos!$D$2:$D$319,E15,Datos!$H$2:$H$319,F15) -> 3 | I15: =SUMIFS(Datos!$M$2:$M$319,Datos!$C$2:$C$319,D15,Datos!$D$2:$D$319,E15,Datos!$H$2:$H$319,F15) -> 74 | J15: =I15/60 -> 1.2333333 | K15: 11:32 | L15: 13:30 | M15: continuas paradas por falla en el deslizamineto de laminado desbobinador
B16: Enero | C16: 12 | D16: 46028 | E16: LINEA 20 | F16: LLENADORA | G16: 1 | H16: =COUNTIFS(Datos!$C$2:$C$319,D16,Datos!$D$2:$D$319,E16,Datos!$H$2:$H$319,F16) -> 3 | I16: =SUMIFS(Datos!$M$2:$M$319,Datos!$C$2:$C$319,D16,Datos!$D$2:$D$319,E16,Datos!$H$2:$H$319,F16) -> 70 | J16: =I16/60 -> 1.1666667 | K16: 07:50 | L16: 09:45 | M16: daño banda de salida de la llenadora / cambio de seguidor
... B189: Julio | C189: 40 | D189: 46232 | E189: LINEA 22 | F189: BANDA TRANSPORTADORA | G189: 1 | H189: =COUNTIFS(Datos!$C$2:$C$319,D189,Datos!$D$2:$D$319,E189,Datos!$H$2:$H$319,F189) -> 1 | I189: =SUMIFS(Datos!$M$2:$M$319,Datos!$C$2:$C$319,D189,Datos!$D$2:$D$319,E189,Datos!$H$2:$H$319,F189) -> 4 | J189: =I189/60 -> 0.066666667 | K189: 12:43 | L189: 12:47 | M189: Se frena banda de salida llenadora

Sheet Top 3 por mes
B1: Las 3 paradas más largas de cada mes
B2: Eventos agrupados (mismo día, línea y equipo). En julio hay empate en el 3er lugar (90 min), por eso aparecen 4.
B4: ENERO
B5: # | C5: Fecha | D5: Línea | E5: Equipo | F5: Registros | G5: Minutos | H5: Horas | I5: % del mes | J5: Qué pasó
B6: 1 | C6: 46035 | D6: LINEA 18 | E6: LLENADORA | F6: =COUNTIFS(Datos!$C$2:$C$319,C6,Datos!$D$2:$D$319,D6,Datos!$H$2:$H$319,E6) -> 1 | G6: =SUMIFS(Datos!$M$2:$M$319,Datos!$C$2:$C$319,C6,Datos!$D$2:$D$319,D6,Datos!$H$2:$H$319,E6) -> 480 | H6: =G6/60 -> 8 | I6: =G6/SUMIFS(Datos!$M$2:$M$319,Datos!$A$2:$A$319,"Enero") -> 0.17253774 | J6: Arranque con acompañamiento de proyectos
B7: 2 | C7: 46048 | D7: LINEA 22 | E7: MORDAZA VERTICAL | F7: =COUNTIFS(Datos!$C$2:$C$319,C7,Datos!$D$2:$D$319,D7,Datos!$H$2:$H$319,E7) -> 3 | G7: =SUMIFS(Datos!$M$2:$M$319,Datos!$C$2:$C$319,C7,Datos!$D$2:$D$319,D7,Datos!$H$2:$H$319,E7) -> 200 | H7: =G7/60 -> 3.3333333 | I7: =G7/SUMIFS(Datos!$M$2:$M$319,Datos!$A$2:$A$319,"Enero") -> 0.071890726 | J7: Daño en motor de placa mordazas / Daño en tarjeta motos correccion de placa mordazas / Daño tarjeta correccion placa mordazas
B8: 3 | C8: 46024 | D8: LINEA 22 | E8: ENCINTADORA | F8: =COUNTIFS(Datos!$C$2:$C$319,C8,Datos!$D$2:$D$319,D8,Datos!$H$2:$H$319,E8) -> 1 | G8: =SUMIFS(Datos!$M$2:$M$319,Datos!$C$2:$C$319,C8,Datos!$D$2:$D$319,D8,Datos!$H$2:$H$319,E8) -> 180 | H8: =G8/60 -> 3 | I8: =G8/SUMIFS(Datos!$M$2:$M$319,Datos!$A$2:$A$319,"Enero") -> 0.064701653 | J8: Cambio de moto reductor banda entrada encintadora
B10: MAYO
B11: # | C11: Fecha | D11: Línea | E11: Equipo | F11: Registros | G11: Minutos | H11: Horas | I11: % del mes | J11: Qué pasó
B12: 1 | C12: 46164 | D12: LINEA 16 | E12: SERVO MOTOR | F12: =COUNTIFS(Datos!$C$2:$C$319,C12,Datos!$D$2:$D$319,D12,Datos!$H$2:$H$319,E12) -> 8 | G12: =SUMIFS(Datos!$M$2:$M$319,Datos!$C$2:$C$319,C12,Datos!$D$2:$D$319,D12,Datos!$H$2:$H$319,E12) -> 420 | H12: =G12/60 -> 7 | I12: =G12/SUMIFS(Datos!$M$2:$M$319,Datos!$A$2:$A$319,"Mayo") -> 0.092633436 | J12: (sin observación)
B13: 2 | C13: 46165 | D13: LINEA 16 | E13: SERVO MOTOR | F13: =COUNTIFS(Datos!$C$2:$C$319,C13,Datos!$D$2:$D$319,D13,Datos!$H$2:$H$319,E13) -> 1 | G13: =SUMIFS(Datos!$M$2:$M$319,Datos!$C$2:$C$319,C13,Datos!$D$2:$D$319,D13,Datos!$H$2:$H$319,E13) -> 400 | H13: =G13/60 -> 6.6666667 | I13: =G13/SUMIFS(Datos!$M$2:$M$319,Datos!$A$2:$A$319,"Mayo") -> 0.08822232 | J13: falla en servo
B14: 3 | C14: 46158 | D14: LINEA 16 | E14: LLENADORA | F14: =COUNTIFS(Datos!$C$2:$C$319,C14,Datos!$D$2:$D$319,D14,Datos!$H$2:$H$319,E14) -> 6 | G14: =SUMIFS(Datos!$M$2:$M$319,Datos!$C$2:$C$319,C14,Datos!$D$2:$D$319,D14,Datos!$H$2:$H$319,E14) -> 348 | H14: =G14/60 -> 5.8 | I14: =G14/SUMIFS(Datos!$M$2:$M$319,Datos!$A$2:$A$319,"Mayo") -> 0.076753419 | J14: falla encoder / encoder / ender
B16: JUNIO
B17: # | C17: Fecha | D17: Línea | E17: Equipo | F17: Registros | G17: Minutos | H17: Horas | I17: % del mes | J17: Qué pasó
B18: 1 | C18: 46184 | D18: LINEA 10 | E18: BANDA TRANSPORTADORA | F18: =COUNTIFS(Datos!$C$2:$C$319,C18,Datos!$D$2:$D$319,D18,Datos!$H$2:$H$319,E18) -> 1 | G18: =SUMIFS(Datos!$M$2:$M$319,Datos!$C$2:$C$319,C18,Datos!$D$2:$D$319,D18,Datos!$H$2:$H$319,E18) -> 440 | H18: =G18/60 -> 7.3333333 | I18: =G18/SUMIFS(Datos!$M$2:$M$319,Datos!$A$2:$A$319,"Junio") -> 0.15130674 | J18: intervencion bandas.
B19: 2 | C19: 46193 | D19: LINEA 16 | E19: LLENADORA | F19: =COUNTIFS(Datos!$C$2:$C$319,C19,Datos!$D$2:$D$319,D19,Datos!$H$2:$H$319,E19) -> 7 | G19: =SUMIFS(Datos!$M$2:$M$319,Datos!$C$2:$C$319,C19,Datos!$D$2:$D$319,D19,Datos!$H$2:$H$319,E19) -> 334 | H19: =G19/60 -> 5.5666667 | I19: =G19/SUMIFS(Datos!$M$2:$M$319,Datos!$A$2:$A$319,"Junio") -> 0.11485557 | J19: falla de arrastre / faklla de arrastre
B20: 3 | C20: 46198 | D20: LINEA 20 | E20: LLENADORA | F20: =COUNTIFS(Datos!$C$2:$C$319,C20,Datos!$D$2:$D$319,D20,Datos!$H$2:$H$319,E20) -> 7 | G20: =SUMIFS(Datos!$M$2:$M$319,Datos!$C$2:$C$319,C20,Datos!$D$2:$D$319,D20,Datos!$H$2:$H$319,E20) -> 230 | H20: =G20/60 -> 3.8333333 | I20: =G20/SUMIFS(Datos!$M$2:$M$319,Datos!$A$2:$A$319,"Junio") -> 0.07909216 | J20: falla electrica / ajuste de rif por falta de tencion en el laminado / falla variador desbobinador zipper / falla de varioador desbobinador zipper
B22: JULIO
B23: # | C23: Fecha | D23: Línea | E23: Equipo | F23: Registros | G23: Minutos | H23: Horas | I23: % del mes | J23: Qué pasó
B24: 1 | C24: 46231 | D24: LINEA 20 | E24: LLENADORA | F24: =COUNTIFS(Datos!$C$2:$C$319,C24,Datos!$D$2:$D$319,D24,Datos!$H$2:$H$319,E24) -> 4 | G24: =SUMIFS(Datos!$M$2:$M$319,Datos!$C$2:$C$319,C24,Datos!$D$2:$D$319,D24,Datos!$H$2:$H$319,E24) -> 270 | H24: =G24/60 -> 4.5 | I24: =G24/SUMIFS(Datos!$M$2:$M$319,Datos!$A$2:$A$319,"Julio") -> 0.15219842 | J24: Lado izquierdo de tolva tapado. / Lado izquierdo de tolva tapado
B25: 2 | C25: 46218 | D25: LINEA 14 | E25: LLENADORA | F25: =COUNTIFS(Datos!$C$2:$C$319,C25,Datos!$D$2:$D$319,D25,Datos!$H$2:$H$319,E25) -> 4 | G25: =SUMIFS(Datos!$M$2:$M$319,Datos!$C$2:$C$319,C25,Datos!$D$2:$D$319,D25,Datos!$H$2:$H$319,E25) -> 191 | H25: =G25/60 -> 3.1833333 | I25: =G25/SUMIFS(Datos!$M$2:$M$319,Datos!$A$2:$A$319,"Julio") -> 0.10766629 | J25: Falla en Clapet / Cambio de cilindro Clapet tapón
B26: 3 | C26: 46207 | D26: LINEA 02 | E26: EHS | F26: =COUNTIFS(Datos!$C$2:$C$319,C26,Datos!$D$2:$D$319,D26,Datos!$H$2:$H$319,E26) -> 2 | G26: =SUMIFS(Datos!$M$2:$M$319,Datos!$C$2:$C$319,C26,Datos!$D$2:$D$319,D26,Datos!$H$2:$H$319,E26) -> 90 | H26: =G26/60 -> 1.5 | I26: =G26/SUMIFS(Datos!$M$2:$M$319,Datos!$A$2:$A$319,"Julio") -> 0.050732807 | J26: se espera la siso para para protocolos de intervencion trabajo en caliente / intervencion en caliente
B27: 3 | C27: 46209 | D27: LINEA 14 | E27: ALIMENTADOR TAPON | F27: =COUNTIFS(Datos!$C$2:$C$319,C27,Datos!$D$2:$D$319,D27,Datos!$H$2:$H$319,E27) -> 2 | G27: =SUMIFS(Datos!$M$2:$M$319,Datos!$C$2:$C$319,C27,Datos!$D$2:$D$319,D27,Datos!$H$2:$H$319,E27) -> 90 | H27: =G27/60 -> 1.5 | I27: =G27/SUMIFS(Datos!$M$2:$M$319,Datos!$A$2:$A$319,"Julio") -> 0.050732807 | J27: se realiza montaje del clapet y ajuste de tiempos de sincronismo / se rectifica rosca de cilindro de la pinza de sujeccion tapon

Sheet Top 3 líneas
B1: Las 3 líneas con más tiempo parado por mes
B2: Con el equipo que más tiempo le quitó y lo que más se repitió.
B4: ENERO
B5: # | C5: Línea | D5: Paradas | E5: Minutos | F5: % del mes | G5: Equipo principal | H5: Min. equipo | I5: Causa más repetida
B6: 1 | C6: LINEA 18 | D6: =COUNTIFS(Datos!$A$2:$A$319,"Enero",Datos!$D$2:$D$319,C6) -> 23 | E6: =SUMIFS(Datos!$M$2:$M$319,Datos!$A$2:$A$319,"Enero",Datos!$D$2:$D$319,C6) -> 945 | F6: =E6/SUMIFS(Datos!$M$2:$M$319,Datos!$A$2:$A$319,"Enero") -> 0.33968368 | G6: LLENADORA | H6: =SUMIFS(Datos!$M$2:$M$319,Datos!$A$2:$A$319,"Enero",Datos!$D$2:$D$319,C6,Datos!$H$2:$H$319,G6) -> 624 | I6: Arranque con acompañamiento de proyectos
B7: 2 | C7: LINEA 14 | D7: =COUNTIFS(Datos!$A$2:$A$319,"Enero",Datos!$D$2:$D$319,C7) -> 18 | E7: =SUMIFS(Datos!$M$2:$M$319,Datos!$A$2:$A$319,"Enero",Datos!$D$2:$D$319,C7) -> 599 | F7: =E7/SUMIFS(Datos!$M$2:$M$319,Datos!$A$2:$A$319,"Enero") -> 0.21531272 | G7: MORDAZA SUPERIOR | H7: =SUMIFS(Datos!$M$2:$M$319,Datos!$A$2:$A$319,"Enero",Datos!$D$2:$D$319,C7,Datos!$H$2:$H$319,G7) -> 348 | I7: Cambio de resistencias
B8: 3 | C8: LINEA 22 | D8: =COUNTIFS(Datos!$A$2:$A$319,"Enero",Datos!$D$2:$D$319,C8) -> 9 | E8: =SUMIFS(Datos!$M$2:$M$319,Datos!$A$2:$A$319,"Enero",Datos!$D$2:$D$319,C8) -> 489 | F8: =E8/SUMIFS(Datos!$M$2:$M$319,Datos!$A$2:$A$319,"Enero") -> 0.17577283 | G8: MORDAZA VERTICAL | H8: =SUMIFS(Datos!$M$2:$M$319,Datos!$A$2:$A$319,"Enero",Datos!$D$2:$D$319,C8,Datos!$H$2:$H$319,G8) -> 200 | I8: Daño en motor de placa mordazas
B10: MAYO
B11: # | C11: Línea | D11: Paradas | E11: Minutos | F11: % del mes | G11: Equipo principal | H11: Min. equipo | I11: Causa más repetida
B12: 1 | C12: LINEA 16 | D12: =COUNTIFS(Datos!$A$2:$A$319,"Mayo",Datos!$D$2:$D$319,C12) -> 49 | E12: =SUMIFS(Datos!$M$2:$M$319,Datos!$A$2:$A$319,"Mayo",Datos!$D$2:$D$319,C12) -> 2458 | F12: =E12/SUMIFS(Datos!$M$2:$M$319,Datos!$A$2:$A$319,"Mayo") -> 0.54212616 | G12: SERVO MOTOR | H12: =SUMIFS(Datos!$M$2:$M$319,Datos!$A$2:$A$319,"Mayo",Datos!$D$2:$D$319,C12,Datos!$H$2:$H$319,G12) -> 1417 | I12: Falla de arrastre
B13: 2 | C13: LINEA 02 | D13: =COUNTIFS(Datos!$A$2:$A$319,"Mayo",Datos!$D$2:$D$319,C13) -> 15 | E13: =SUMIFS(Datos!$M$2:$M$319,Datos!$A$2:$A$319,"Mayo",Datos!$D$2:$D$319,C13) -> 692 | F13: =E13/SUMIFS(Datos!$M$2:$M$319,Datos!$A$2:$A$319,"Mayo") -> 0.15262461 | G13: LLENADORA | H13: =SUMIFS(Datos!$M$2:$M$319,Datos!$A$2:$A$319,"Mayo",Datos!$D$2:$D$319,C13,Datos!$H$2:$H$319,G13) -> 323 | I13: Se parte pin del introdutor
B14: 3 | C14: LINEA 10 | D14: =COUNTIFS(Datos!$A$2:$A$319,"Mayo",Datos!$D$2:$D$319,C14) -> 19 | E14: =SUMIFS(Datos!$M$2:$M$319,Datos!$A$2:$A$319,"Mayo",Datos!$D$2:$D$319,C14) -> 549 | F14: =E14/SUMIFS(Datos!$M$2:$M$319,Datos!$A$2:$A$319,"Mayo") -> 0.12108513 | G14: ENCAJADORA | H14: =SUMIFS(Datos!$M$2:$M$319,Datos!$A$2:$A$319,"Mayo",Datos!$D$2:$D$319,C14,Datos!$H$2:$H$319,G14) -> 217 | I14: Arreglo de pieza freno se cambioan ´piezas en taller.
B16: JUNIO
B17: # | C17: Línea | D17: Paradas | E17: Minutos | F17: % del mes | G17: Equipo principal | H17: Min. equipo | I17: Causa más repetida
B18: 1 | C18: LINEA 16 | D18: =COUNTIFS(Datos!$A$2:$A$319,"Junio",Datos!$D$2:$D$319,C18) -> 15 | E18: =SUMIFS(Datos!$M$2:$M$319,Datos!$A$2:$A$319,"Junio",Datos!$D$2:$D$319,C18) -> 774 | F18: =E18/SUMIFS(Datos!$M$2:$M$319,Datos!$A$2:$A$319,"Junio") -> 0.26616231 | G18: LLENADORA | H18: =SUMIFS(Datos!$M$2:$M$319,Datos!$A$2:$A$319,"Junio",Datos!$D$2:$D$319,C18,Datos!$H$2:$H$319,G18) -> 774 | I18: Falla de arrastre
B19: 2 | C19: LINEA 10 | D19: =COUNTIFS(Datos!$A$2:$A$319,"Junio",Datos!$D$2:$D$319,C19) -> 2 | E19: =SUMIFS(Datos!$M$2:$M$319,Datos!$A$2:$A$319,"Junio",Datos!$D$2:$D$319,C19) -> 498 | F19: =E19/SUMIFS(Datos!$M$2:$M$319,Datos!$A$2:$A$319,"Junio") -> 0.17125172 | G19: BANDA TRANSPORTADORA | H19: =SUMIFS(Datos!$M$2:$M$319,Datos!$A$2:$A$319,"Junio",Datos!$D$2:$D$319,C19,Datos!$H$2:$H$319,G19) -> 498 | I19: Intervencion bandas.
B20: 3 | C20: LINEA 02 | D20: =COUNTIFS(Datos!$A$2:$A$319,"Junio",Datos!$D$2:$D$319,C20) -> 16 | E20: =SUMIFS(Datos!$M$2:$M$319,Datos!$A$2:$A$319,"Junio",Datos!$D$2:$D$319,C20) -> 483 | F20: =E20/SUMIFS(Datos!$M$2:$M$319,Datos!$A$2:$A$319,"Junio") -> 0.16609354 | G20: LLENADORA | H20: =SUMIFS(Datos!$M$2:$M$319,Datos!$A$2:$A$319,"Junio",Datos!$D$2:$D$319,C20,Datos!$H$2:$H$319,G20) -> 218 | I20: Mal funcionamiento boquilla #4 por goteo, se baja la boquilla
B22: JULIO
B23: # | C23: Línea | D23: Paradas | E23: Minutos | F23: % del mes | G23: Equipo principal | H23: Min. equipo | I23: Causa más repetida
B24: 1 | C24: LINEA 14 | D24: =COUNTIFS(Datos!$A$2:$A$319,"Julio",Datos!$D$2:$D$319,C24) -> 11 | E24: =SUMIFS(Datos!$M$2:$M$319,Datos!$A$2:$A$319,"Julio",Datos!$D$2:$D$319,C24) -> 438 | F24: =E24/SUMIFS(Datos!$M$2:$M$319,Datos!$A$2:$A$319,"Julio") -> 0.24689966 | G24: LLENADORA | H24: =SUMIFS(Datos!$M$2:$M$319,Datos!$A$2:$A$319,"Julio",Datos!$D$2:$D$319,C24,Datos!$H$2:$H$319,G24) -> 191 | I24: Falla en clapet
B25: 2 | C25: LINEA 02 | D25: =COUNTIFS(Datos!$A$2:$A$319,"Julio",Datos!$D$2:$D$319,C25) -> 10 | E25: =SUMIFS(Datos!$M$2:$M$319,Datos!$A$2:$A$319,"Julio",Datos!$D$2:$D$319,C25) -> 398 | F25: =E25/SUMIFS(Datos!$M$2:$M$319,Datos!$A$2:$A$319,"Julio") -> 0.22435175 | G25: ENFAJADORA | H25: =SUMIFS(Datos!$M$2:$M$319,Datos!$A$2:$A$319,"Julio",Datos!$D$2:$D$319,C25,Datos!$H$2:$H$319,G25) -> 120 | I25: La enfajadora no funciona
B26: 3 | C26: LINEA 20 | D26: =COUNTIFS(Datos!$A$2:$A$319,"Julio",Datos!$D$2:$D$319,C26) -> 6 | E26: =SUMIFS(Datos!$M$2:$M$319,Datos!$A$2:$A$319,"Julio",Datos!$D$2:$D$319,C26) -> 312 | F26: =E26/SUMIFS(Datos!$M$2:$M$319,Datos!$A$2:$A$319,"Julio") -> 0.17587373 | G26: LLENADORA | H26: =SUMIFS(Datos!$M$2:$M$319,Datos!$A$2:$A$319,"Julio",Datos!$D$2:$D$319,C26,Datos!$H$2:$H$319,G26) -> 270 | I26: Lado izquierdo de tolva tapado

Sheet Calidad de datos
B1: Registros a revisar
B2: Filas donde el TIEMPO PARADA no coincide con INICIO–FIN, o que no tienen observación.
B4: Mes | C4: Id | D4: Fecha | E4: Línea | F4: Equipo | G4: Inicio | H4: Fin | I4: Tiempo registrado | J4: Min. según horario | K4: Problema
B5: Enero | C5: 34877 | D5: 46039 | E5: LINEA 19 | F5: ENCINTADORA | G5: 09:00 | H5: 09:25 | I5: 25 | J5: 25 | K5: Sin observación
B6: Enero | C6: 35408 | D6: 46045 | E6: LINEA 14 | F6: MORDAZA SUPERIOR | G6: 09:40 | H6: 10:00 | I6: 20 | J6: 20 | K6: Sin observación
B7: Enero | C7: 35409 | D7: 46045 | E7: LINEA 14 | F7: MORDAZA SUPERIOR | G7: 10:00 | H7: 10:36 | I7: 36 | J7: 36 | K7: Sin observación
B8: Enero | C8: 35422 | D8: 46045 | E8: LINEA 18 | F8: FALTA DE AIRE COMPRIMIDO | G8: 10:38 | H8: 10:43 | I8: 5 | J8: 5 | K8: Sin observación
B9: Enero | C9: 35748 | D9: 46050 | E9: LINEA 03 | F9: LLENADORA | G9: 10:00 | H9: 11:00 | I9: 12 | J9: 60 | K9: Tiempo no coincide con el horario
B10: Enero | C10: 35823 | D10: 46051 | E10: LINEA 14 | F10: ENCINTADORA | G10: 08:00 | H10: 08:44 | I10: 44 | J10: 44 | K10: Sin observación
B11: Enero | C11: 35912 | D11: 46052 | E11: LINEA 19 | F11: BANDA TRANSPORTADORA | G11: 13:00 | H11: 13:14 | I11: 14 | J11: 14 | K11: Sin observación
B12: Mayo | C12: 42962 | D12: 46146 | E12: LINEA 11 | F12: SISTEMA SUCCION - OGA | G12: 17:15 | H12: 17:27 | I12: 12 | J12: 12 | K12: Sin observación
B13: Mayo | C13: 42963 | D13: 46146 | E13: LINEA 11 | F13: SISTEMA SUCCION - OGA | G13: 22:00 | H13: 22:16 | I13: 16 | J13: 16 | K13: Sin observación
B14: Mayo | C14: 44137 | D14: 46157 | E14: LINEA 10 | F14: ENCAJADORA | G14: 08:21 | H14: 08:35 | I14: 14 | J14: 14 | K14: Sin observación
B15: Mayo | C15: 44405 | D15: 46161 | E15: LINEA 10 | F15: FALTA PERSONAL | G15: 09:40 | H15: 09:56 | I15: 16 | J15: 16 | K15: Sin observación
B16: Mayo | C16: 44458 | D16: 46161 | E16: LINEA 16 | F16: SERVO MOTOR | G16: 14:45 | H16: 15:00 | I16: 15 | J16: 15 | K16: Sin observación
... B42: Julio | C42: 50155 | D42: 46231 | E42: LINEA 20 | F42: LLENADORA | G42: 21:00 | H42: 21:30 | I42: 60 | J42: 30 | K42: Tiempo no coincide con el horario
