Workbook

Sheet Tablero
B1: Monitoreo de Energía
B2: Data Log de medidores de planta · horas en hora de Colombia (los medidores en UTC se corrigen −5 h)
B4: DÍA | D4: HORA DE CORTE 24 h | F4: MEDIDOR PARA LA GRÁFICA DE 15 MIN
B5: 46304 | D5: 0.45833333 | F5: Estación celda 1 | I5: =IFERROR(INDEX(Medidores!$A:$A,MATCH($F$5,Medidores!$B:$B,0)),"") -> 192.168.50.11
B7: CONSUMO DEL PERIODO (kWh) | D7: DEMANDA MEDIA TOTAL (kW) | G7: CONSUMO 24 h AL CORTE (kWh) | J7: FACTOR DE POTENCIA | M7: MEDIDORES CON AVISO
B8: =SUMPRODUCT(W12:W21,H12:H21) -> 1326.727 | D8: =SUMPRODUCT(W12:W21,K12:K21) -> 279.31095 | G8: =IF(COUNT(P12:P21)=0,"Falta el día anterior",SUMPRODUCT(X12:X21,P12:P21)) -> 4514.008 | J8: =IFERROR(SUMPRODUCT(W12:W21*ISNUMBER(L12:L21),H12:H21)/SUMPRODUCT(W12:W21*ISNUMBER(L12:L21),J12:J21),"") -> 0.91047696 | M8: =COUNTIF(D12:D21,"<>Normal")&" de "&COUNTA(C12:C21) -> 3 de 10
B11: Línea | C11: IP | D11: Estado | E11: Desde | F11: Hasta | G11: Lecturas | H11: kWh | I11: kVARh | J11: kVAh | K11: kW medio | L11: FP | M11: kVARh / kWh | N11: kW máx 15 min | O11: Hora kW máx | P11: kWh 24 h al corte | Q11: kW medio vs día anterior | R11: Última lectura kWh | S11: válidas | T11: en cero | U11: con kVAh | V11: kW medio día ant. | W11: suma periodo | X11: suma 24 h
B12: =Medidores!B2 -> L50 | C12: =Medidores!A2 -> 192.168.50.3 | D12: =IF(S12<2,"Sin datos",IF(T12>0,"Lectura en cero",IF(U12<2,"Falta kVAh",IF(H12<=0.001,"Sin consumo",IF(AND(ISNUMBER(M12),M12>0.5),"Reactiva > 50 %","Normal"))))) -> Normal | E12: =IF(S12<2,"",_xlfn.MINIFS(Datos!$G:$G,Datos!$B:$B,$C12,Datos!$A:$A,$B$5,Datos!$D:$D,">0")/1440) -> 0.375 | F12: =IF(S12<2,"",_xlfn.MAXIFS(Datos!$G:$G,Datos!$B:$B,$C12,Datos!$A:$A,$B$5,Datos!$D:$D,">0")/1440) -> 0.57291667 | G12: =COUNTIFS(Datos!$B:$B,$C12,Datos!$A:$A,$B$5) -> 20 | H12: =IF(S12<2,"",_xlfn.MAXIFS(Datos!$D:$D,Datos!$B:$B,$C12,Datos!$A:$A,$B$5,Datos!$D:$D,">0")-_xlfn.MINIFS(Datos!$D:$D,Datos!$B:$B,$C12,Datos!$A:$A,$B$5,Datos!$D:$D,">0")) -> 2.965 | I12: =IF(S12<2,"",_xlfn.MAXIFS(Datos!$E:$E,Datos!$B:$B,$C12,Datos!$A:$A,$B$5,Datos!$D:$D,">0")-_xlfn.MINIFS(Datos!$E:$E,Datos!$B:$B,$C12,Datos!$A:$A,$B$5,Datos!$D:$D,">0")) -> 0 | J12: =IF(U12<2,"",_xlfn.MAXIFS(Datos!$F:$F,Datos!$B:$B,$C12,Datos!$A:$A,$B$5,Datos!$F:$F,">0")-_xlfn.MINIFS(Datos!$F:$F,Datos!$B:$B,$C12,Datos!$A:$A,$B$5,Datos!$F:$F,">0")) -> 3.082 | K12: =IF(H12="","",IF(F12>E12,H12/((F12-E12)*24),"")) -> 0.62421053 | L12: =IF(OR(H12="",J12=""),"",IF(J12>0,H12/J12,"")) -> 0.96203764 | M12: =IF(OR(H12="",I12=""),"",IF(H12>0,I12/H12,"")) -> 0 | N12: =IF(S12<2,"",_xlfn.MAXIFS(Datos!$H:$H,Datos!$B:$B,$C12,Datos!$A:$A,$B$5)) -> 0.628 | O12: =IF(N12="","",_xlfn.MINIFS(Datos!$G:$G,Datos!$B:$B,$C12,Datos!$A:$A,$B$5,Datos!$H:$H,N12)/1440) -> 0.44791667 | P12: =IF(OR(COUNTIFS(Datos!$B:$B,$C12,Datos!$A:$A,$B$5,Datos!$D:$D,">0",Datos!$G:$G,(HOUR($D$5)*60+MINUTE($D$5)))=0,COUNTIFS(Datos!$B:$B,$C12,Datos!$A:$A,$B$5-1,Datos!$D:$D,">0",Datos!$G:$G,(HOUR($D$5)*60+MINUTE($D$5)))=0),"",SUMIFS(Datos!$D:$D,Datos!$B:$B,$C12,Datos!$A:$A,$B$5,Datos!$D:$D,">0",Datos!$G:$G,(HOUR($D$5)*60+MINUTE($D$5)))-SUMIFS(Datos!$D:$D,Datos!$B:$B,$C12,Datos!$A:$A,$B$5-1,Datos!$D:$D,">0",Datos!$G:$G,(HOUR($D$5)*60+MINUTE($D$5)))) -> 31.341 | Q12: =IF(OR(K12="",V12=""),"",IF(V12>0,K12/V12-1,"")) -> -0.068781407 | R12: =IF(S12=0,"",_xlfn.MAXIFS(Datos!$D:$D,Datos!$B:$B,$C12,Datos!$A:$A,$B$5,Datos!$D:$D,">0")) -> 8766.844 | S12: =COUNTIFS(Datos!$B:$B,$C12,Datos!$A:$A,$B$5,Datos!$D:$D,">0") -> 20 | T12: =COUNTIFS(Datos!$B:$B,$C12,Datos!$A:$A,$B$5,Datos!$D:$D,0) -> 0 | U12: =COUNTIFS(Datos!$B:$B,$C12,Datos!$A:$A,$B$5,Datos!$F:$F,">0") -> 20 | V12: =IF(COUNTIFS(Datos!$B:$B,$C12,Datos!$A:$A,$B$5-1,Datos!$D:$D,">0")<2,"",IFERROR((_xlfn.MAXIFS(Datos!$D:$D,Datos!$B:$B,$C12,Datos!$A:$A,$B$5-1,Datos!$D:$D,">0")-_xlfn.MINIFS(Datos!$D:$D,Datos!$B:$B,$C12,Datos!$A:$A,$B$5-1,Datos!$D:$D,">0"))/((_xlfn.MAXIFS(Datos!$G:$G,Datos!$B:$B,$C12,Datos!$A:$A,$B$5-1,Datos!$D:$D,">0")-_xlfn.MINIFS(Datos!$G:$G,Datos!$B:$B,$C12,Datos!$A:$A,$B$5-1,Datos!$D:$D,">0"))/60),"")) -> 0.67031579 | W12: =IF(Medidores!C2="",1,IFERROR(IF(INDEX($H$12:$H$21,MATCH(Medidores!C2,$C$12:$C$21,0))="",1,0),1)) -> 0 | X12: =IF(Medidores!C2="",1,IFERROR(IF(INDEX($P$12:$P$21,MATCH(Medidores!C2,$C$12:$C$21,0))="",1,0),1)) -> 0
B13: =Medidores!B3 -> L21 | C13: =Medidores!A3 -> 192.168.50.4 | D13: =IF(S13<2,"Sin datos",IF(T13>0,"Lectura en cero",IF(U13<2,"Falta kVAh",IF(H13<=0.001,"Sin consumo",IF(AND(ISNUMBER(M13),M13>0.5),"Reactiva > 50 %","Normal"))))) -> Normal | E13: =IF(S13<2,"",_xlfn.MINIFS(Datos!$G:$G,Datos!$B:$B,$C13,Datos!$A:$A,$B$5,Datos!$D:$D,">0")/1440) -> 0.38541667 | F13: =IF(S13<2,"",_xlfn.MAXIFS(Datos!$G:$G,Datos!$B:$B,$C13,Datos!$A:$A,$B$5,Datos!$D:$D,">0")/1440) -> 0.58333333 | G13: =COUNTIFS(Datos!$B:$B,$C13,Datos!$A:$A,$B$5) -> 20 | H13: =IF(S13<2,"",_xlfn.MAXIFS(Datos!$D:$D,Datos!$B:$B,$C13,Datos!$A:$A,$B$5,Datos!$D:$D,">0")-_xlfn.MINIFS(Datos!$D:$D,Datos!$B:$B,$C13,Datos!$A:$A,$B$5,Datos!$D:$D,">0")) -> 2.958 | I13: =IF(S13<2,"",_xlfn.MAXIFS(Datos!$E:$E,Datos!$B:$B,$C13,Datos!$A:$A,$B$5,Datos!$D:$D,">0")-_xlfn.MINIFS(Datos!$E:$E,Datos!$B:$B,$C13,Datos!$A:$A,$B$5,Datos!$D:$D,">0")) -> 0 | J13: =IF(U13<2,"",_xlfn.MAXIFS(Datos!$F:$F,Datos!$B:$B,$C13,Datos!$A:$A,$B$5,Datos!$F:$F,">0")-_xlfn.MINIFS(Datos!$F:$F,Datos!$B:$B,$C13,Datos!$A:$A,$B$5,Datos!$F:$F,">0")) -> 3.003 | K13: =IF(H13="","",IF(F13>E13,H13/((F13-E13)*24),"")) -> 0.62273684 | L13: =IF(OR(H13="",J13=""),"",IF(J13>0,H13/J13,"")) -> 0.98501499 | M13: =IF(OR(H13="",I13=""),"",IF(H13>0,I13/H13,"")) -> 0 | N13: =IF(S13<2,"",_xlfn.MAXIFS(Datos!$H:$H,Datos!$B:$B,$C13,Datos!$A:$A,$B$5)) -> 0.68 | O13: =IF(N13="","",_xlfn.MINIFS(Datos!$G:$G,Datos!$B:$B,$C13,Datos!$A:$A,$B$5,Datos!$H:$H,N13)/1440) -> 0.58333333 | P13: =IF(OR(COUNTIFS(Datos!$B:$B,$C13,Datos!$A:$A,$B$5,Datos!$D:$D,">0",Datos!$G:$G,(HOUR($D$5)*60+MINUTE($D$5)))=0,COUNTIFS(Datos!$B:$B,$C13,Datos!$A:$A,$B$5-1,Datos!$D:$D,">0",Datos!$G:$G,(HOUR($D$5)*60+MINUTE($D$5)))=0),"",SUMIFS(Datos!$D:$D,Datos!$B:$B,$C13,Datos!$A:$A,$B$5,Datos!$D:$D,">0",Datos!$G:$G,(HOUR($D$5)*60+MINUTE($D$5)))-SUMIFS(Datos!$D:$D,Datos!$B:$B,$C13,Datos!$A:$A,$B$5-1,Datos!$D:$D,">0",Datos!$G:$G,(HOUR($D$5)*60+MINUTE($D$5)))) -> 40.641 | Q13: =IF(OR(K13="",V13=""),"",IF(V13>0,K13/V13-1,"")) -> -0.42056807 | R13: =IF(S13=0,"",_xlfn.MAXIFS(Datos!$D:$D,Datos!$B:$B,$C13,Datos!$A:$A,$B$5,Datos!$D:$D,">0")) -> 9961.256 | S13: =COUNTIFS(Datos!$B:$B,$C13,Datos!$A:$A,$B$5,Datos!$D:$D,">0") -> 20 | T13: =COUNTIFS(Datos!$B:$B,$C13,Datos!$A:$A,$B$5,Datos!$D:$D,0) -> 0 | U13: =COUNTIFS(Datos!$B:$B,$C13,Datos!$A:$A,$B$5,Datos!$F:$F,">0") -> 20 | V13: =IF(COUNTIFS(Datos!$B:$B,$C13,Datos!$A:$A,$B$5-1,Datos!$D:$D,">0")<2,"",IFERROR((_xlfn.MAXIFS(Datos!$D:$D,Datos!$B:$B,$C13,Datos!$A:$A,$B$5-1,Datos!$D:$D,">0")-_xlfn.MINIFS(Datos!$D:$D,Datos!$B:$B,$C13,Datos!$A:$A,$B$5-1,Datos!$D:$D,">0"))/((_xlfn.MAXIFS(Datos!$G:$G,Datos!$B:$B,$C13,Datos!$A:$A,$B$5-1,Datos!$D:$D,">0")-_xlfn.MINIFS(Datos!$G:$G,Datos!$B:$B,$C13,Datos!$A:$A,$B$5-1,Datos!$D:$D,">0"))/60),"")) -> 1.0747368 | W13: =IF(Medidores!C3="",1,IFERROR(IF(INDEX($H$12:$H$21,MATCH(Medidores!C3,$C$12:$C$21,0))="",1,0),1)) -> 0 | X13: =IF(Medidores!C3="",1,IFERROR(IF(INDEX($P$12:$P$21,MATCH(Medidores!C3,$C$12:$C$21,0))="",1,0),1)) -> 0
B14: =Medidores!B4 -> L14 | C14: =Medidores!A4 -> 192.168.50.5 | D14: =IF(S14<2,"Sin datos",IF(T14>0,"Lectura en cero",IF(U14<2,"Falta kVAh",IF(H14<=0.001,"Sin consumo",IF(AND(ISNUMBER(M14),M14>0.5),"Reactiva > 50 %","Normal"))))) -> Reactiva > 50 % | E14: =IF(S14<2,"",_xlfn.MINIFS(Datos!$G:$G,Datos!$B:$B,$C14,Datos!$A:$A,$B$5,Datos!$D:$D,">0")/1440) -> 0.38541667 | F14: =IF(S14<2,"",_xlfn.MAXIFS(Datos!$G:$G,Datos!$B:$B,$C14,Datos!$A:$A,$B$5,Datos!$D:$D,">0")/1440) -> 0.58333333 | G14: =COUNTIFS(Datos!$B:$B,$C14,Datos!$A:$A,$B$5) -> 20 | H14: =IF(S14<2,"",_xlfn.MAXIFS(Datos!$D:$D,Datos!$B:$B,$C14,Datos!$A:$A,$B$5,Datos!$D:$D,">0")-_xlfn.MINIFS(Datos!$D:$D,Datos!$B:$B,$C14,Datos!$A:$A,$B$5,Datos!$D:$D,">0")) -> 17.416 | I14: =IF(S14<2,"",_xlfn.MAXIFS(Datos!$E:$E,Datos!$B:$B,$C14,Datos!$A:$A,$B$5,Datos!$D:$D,">0")-_xlfn.MINIFS(Datos!$E:$E,Datos!$B:$B,$C14,Datos!$A:$A,$B$5,Datos!$D:$D,">0")) -> 9.014 | J14: =IF(U14<2,"",_xlfn.MAXIFS(Datos!$F:$F,Datos!$B:$B,$C14,Datos!$A:$A,$B$5,Datos!$F:$F,">0")-_xlfn.MINIFS(Datos!$F:$F,Datos!$B:$B,$C14,Datos!$A:$A,$B$5,Datos!$F:$F,">0")) -> 19.679 | K14: =IF(H14="","",IF(F14>E14,H14/((F14-E14)*24),"")) -> 3.6665263 | L14: =IF(OR(H14="",J14=""),"",IF(J14>0,H14/J14,"")) -> 0.88500432 | M14: =IF(OR(H14="",I14=""),"",IF(H14>0,I14/H14,"")) -> 0.51757005 | N14: =IF(S14<2,"",_xlfn.MAXIFS(Datos!$H:$H,Datos!$B:$B,$C14,Datos!$A:$A,$B$5)) -> 4.244 | O14: =IF(N14="","",_xlfn.MINIFS(Datos!$G:$G,Datos!$B:$B,$C14,Datos!$A:$A,$B$5,Datos!$H:$H,N14)/1440) -> 0.47916667 | P14: =IF(OR(COUNTIFS(Datos!$B:$B,$C14,Datos!$A:$A,$B$5,Datos!$D:$D,">0",Datos!$G:$G,(HOUR($D$5)*60+MINUTE($D$5)))=0,COUNTIFS(Datos!$B:$B,$C14,Datos!$A:$A,$B$5-1,Datos!$D:$D,">0",Datos!$G:$G,(HOUR($D$5)*60+MINUTE($D$5)))=0),"",SUMIFS(Datos!$D:$D,Datos!$B:$B,$C14,Datos!$A:$A,$B$5,Datos!$D:$D,">0",Datos!$G:$G,(HOUR($D$5)*60+MINUTE($D$5)))-SUMIFS(Datos!$D:$D,Datos!$B:$B,$C14,Datos!$A:$A,$B$5-1,Datos!$D:$D,">0",Datos!$G:$G,(HOUR($D$5)*60+MINUTE($D$5)))) -> 58.982 | Q14: =IF(OR(K14="",V14=""),"",IF(V14>0,K14/V14-1,"")) -> -0.015989604 | R14: =IF(S14=0,"",_xlfn.MAXIFS(Datos!$D:$D,Datos!$B:$B,$C14,Datos!$A:$A,$B$5,Datos!$D:$D,">0")) -> 10579.974 | S14: =COUNTIFS(Datos!$B:$B,$C14,Datos!$A:$A,$B$5,Datos!$D:$D,">0") -> 20 | T14: =COUNTIFS(Datos!$B:$B,$C14,Datos!$A:$A,$B$5,Datos!$D:$D,0) -> 0 | U14: =COUNTIFS(Datos!$B:$B,$C14,Datos!$A:$A,$B$5,Datos!$F:$F,">0") -> 20 | V14: =IF(COUNTIFS(Datos!$B:$B,$C14,Datos!$A:$A,$B$5-1,Datos!$D:$D,">0")<2,"",IFERROR((_xlfn.MAXIFS(Datos!$D:$D,Datos!$B:$B,$C14,Datos!$A:$A,$B$5-1,Datos!$D:$D,">0")-_xlfn.MINIFS(Datos!$D:$D,Datos!$B:$B,$C14,Datos!$A:$A,$B$5-1,Datos!$D:$D,">0"))/((_xlfn.MAXIFS(Datos!$G:$G,Datos!$B:$B,$C14,Datos!$A:$A,$B$5-1,Datos!$D:$D,">0")-_xlfn.MINIFS(Datos!$G:$G,Datos!$B:$B,$C14,Datos!$A:$A,$B$5-1,Datos!$D:$D,">0"))/60),"")) -> 3.7261053 | W14: =IF(Medidores!C4="",1,IFERROR(IF(INDEX($H$12:$H$21,MATCH(Medidores!C4,$C$12:$C$21,0))="",1,0),1)) -> 0 | X14: =IF(Medidores!C4="",1,IFERROR(IF(INDEX($P$12:$P$21,MATCH(Medidores!C4,$C$12:$C$21,0))="",1,0),1)) -> 0
B15: =Medidores!B5 -> L20 | C15: =Medidores!A5 -> 192.168.50.6 | D15: =IF(S15<2,"Sin datos",IF(T15>0,"Lectura en cero",IF(U15<2,"Falta kVAh",IF(H15<=0.001,"Sin consumo",IF(AND(ISNUMBER(M15),M15>0.5),"Reactiva > 50 %","Normal"))))) -> Reactiva > 50 % | E15: =IF(S15<2,"",_xlfn.MINIFS(Datos!$G:$G,Datos!$B:$B,$C15,Datos!$A:$A,$B$5,Datos!$D:$D,">0")/1440) -> 0.375 | F15: =IF(S15<2,"",_xlfn.MAXIFS(Datos!$G:$G,Datos!$B:$B,$C15,Datos!$A:$A,$B$5,Datos!$D:$D,">0")/1440) -> 0.57291667 | G15: =COUNTIFS(Datos!$B:$B,$C15,Datos!$A:$A,$B$5) -> 20 | H15: =IF(S15<2,"",_xlfn.MAXIFS(Datos!$D:$D,Datos!$B:$B,$C15,Datos!$A:$A,$B$5,Datos!$D:$D,">0")-_xlfn.MINIFS(Datos!$D:$D,Datos!$B:$B,$C15,Datos!$A:$A,$B$5,Datos!$D:$D,">0")) -> 16.199 | I15: =IF(S15<2,"",_xlfn.MAXIFS(Datos!$E:$E,Datos!$B:$B,$C15,Datos!$A:$A,$B$5,Datos!$D:$D,">0")-_xlfn.MINIFS(Datos!$E:$E,Datos!$B:$B,$C15,Datos!$A:$A,$B$5,Datos!$D:$D,">0")) -> 12.25 | J15: =IF(U15<2,"",_xlfn.MAXIFS(Datos!$F:$F,Datos!$B:$B,$C15,Datos!$A:$A,$B$5,Datos!$F:$F,">0")-_xlfn.MINIFS(Datos!$F:$F,Datos!$B:$B,$C15,Datos!$A:$A,$B$5,Datos!$F:$F,">0")) -> 20.383 | K15: =IF(H15="","",IF(F15>E15,H15/((F15-E15)*24),"")) -> 3.4103158 | L15: =IF(OR(H15="",J15=""),"",IF(J15>0,H15/J15,"")) -> 0.7947309 | M15: =IF(OR(H15="",I15=""),"",IF(H15>0,I15/H15,"")) -> 0.75621952 | N15: =IF(S15<2,"",_xlfn.MAXIFS(Datos!$H:$H,Datos!$B:$B,$C15,Datos!$A:$A,$B$5)) -> 4.084 | O15: =IF(N15="","",_xlfn.MINIFS(Datos!$G:$G,Datos!$B:$B,$C15,Datos!$A:$A,$B$5,Datos!$H:$H,N15)/1440) -> 0.48958333 | P15: =IF(OR(COUNTIFS(Datos!$B:$B,$C15,Datos!$A:$A,$B$5,Datos!$D:$D,">0",Datos!$G:$G,(HOUR($D$5)*60+MINUTE($D$5)))=0,COUNTIFS(Datos!$B:$B,$C15,Datos!$A:$A,$B$5-1,Datos!$D:$D,">0",Datos!$G:$G,(HOUR($D$5)*60+MINUTE($D$5)))=0),"",SUMIFS(Datos!$D:$D,Datos!$B:$B,$C15,Datos!$A:$A,$B$5,Datos!$D:$D,">0",Datos!$G:$G,(HOUR($D$5)*60+MINUTE($D$5)))-SUMIFS(Datos!$D:$D,Datos!$B:$B,$C15,Datos!$A:$A,$B$5-1,Datos!$D:$D,">0",Datos!$G:$G,(HOUR($D$5)*60+MINUTE($D$5)))) -> 57.596 | Q15: =IF(OR(K15="",V15=""),"",IF(V15>0,K15/V15-1,"")) -> -0.0027088592 | R15: =IF(S15=0,"",_xlfn.MAXIFS(Datos!$D:$D,Datos!$B:$B,$C15,Datos!$A:$A,$B$5,Datos!$D:$D,">0")) -> 13652.201 | S15: =COUNTIFS(Datos!$B:$B,$C15,Datos!$A:$A,$B$5,Datos!$D:$D,">0") -> 20 | T15: =COUNTIFS(Datos!$B:$B,$C15,Datos!$A:$A,$B$5,Datos!$D:$D,0) -> 0 | U15: =COUNTIFS(Datos!$B:$B,$C15,Datos!$A:$A,$B$5,Datos!$F:$F,">0") -> 20 | V15: =IF(COUNTIFS(Datos!$B:$B,$C15,Datos!$A:$A,$B$5-1,Datos!$D:$D,">0")<2,"",IFERROR((_xlfn.MAXIFS(Datos!$D:$D,Datos!$B:$B,$C15,Datos!$A:$A,$B$5-1,Datos!$D:$D,">0")-_xlfn.MINIFS(Datos!$D:$D,Datos!$B:$B,$C15,Datos!$A:$A,$B$5-1,Datos!$D:$D,">0"))/((_xlfn.MAXIFS(Datos!$G:$G,Datos!$B:$B,$C15,Datos!$A:$A,$B$5-1,Datos!$D:$D,">0")-_xlfn.MINIFS(Datos!$G:$G,Datos!$B:$B,$C15,Datos!$A:$A,$B$5-1,Datos!$D:$D,">0"))/60),"")) -> 3.4195789 | W15: =IF(Medidores!C5="",1,IFERROR(IF(INDEX($H$12:$H$21,MATCH(Medidores!C5,$C$12:$C$21,0))="",1,0),1)) -> 0 | X15: =IF(Medidores!C5="",1,IFERROR(IF(INDEX($P$12:$P$21,MATCH(Medidores!C5,$C$12:$C$21,0))="",1,0),1)) -> 0
B16: =Medidores!B6 -> L16 | C16: =Medidores!A6 -> 192.168.50.7 | D16: =IF(S16<2,"Sin datos",IF(T16>0,"Lectura en cero",IF(U16<2,"Falta kVAh",IF(H16<=0.001,"Sin consumo",IF(AND(ISNUMBER(M16),M16>0.5),"Reactiva > 50 %","Normal"))))) -> Normal | E16: =IF(S16<2,"",_xlfn.MINIFS(Datos!$G:$G,Datos!$B:$B,$C16,Datos!$A:$A,$B$5,Datos!$D:$D,">0")/1440) -> 0.38541667 | F16: =IF(S16<2,"",_xlfn.MAXIFS(Datos!$G:$G,Datos!$B:$B,$C16,Datos!$A:$A,$B$5,Datos!$D:$D,">0")/1440) -> 0.58333333 | G16: =COUNTIFS(Datos!$B:$B,$C16,Datos!$A:$A,$B$5) -> 20 | H16: =IF(S16<2,"",_xlfn.MAXIFS(Datos!$D:$D,Datos!$B:$B,$C16,Datos!$A:$A,$B$5,Datos!$D:$D,">0")-_xlfn.MINIFS(Datos!$D:$D,Datos!$B:$B,$C16,Datos!$A:$A,$B$5,Datos!$D:$D,">0")) -> 0.745 | I16: =IF(S16<2,"",_xlfn.MAXIFS(Datos!$E:$E,Datos!$B:$B,$C16,Datos!$A:$A,$B$5,Datos!$D:$D,">0")-_xlfn.MINIFS(Datos!$E:$E,Datos!$B:$B,$C16,Datos!$A:$A,$B$5,Datos!$D:$D,">0")) -> 0 | J16: =IF(U16<2,"",_xlfn.MAXIFS(Datos!$F:$F,Datos!$B:$B,$C16,Datos!$A:$A,$B$5,Datos!$F:$F,">0")-_xlfn.MINIFS(Datos!$F:$F,Datos!$B:$B,$C16,Datos!$A:$A,$B$5,Datos!$F:$F,">0")) -> 2.017 | K16: =IF(H16="","",IF(F16>E16,H16/((F16-E16)*24),"")) -> 0.15684211 | L16: =IF(OR(H16="",J16=""),"",IF(J16>0,H16/J16,"")) -> 0.36936044 | M16: =IF(OR(H16="",I16=""),"",IF(H16>0,I16/H16,"")) -> 0 | N16: =IF(S16<2,"",_xlfn.MAXIFS(Datos!$H:$H,Datos!$B:$B,$C16,Datos!$A:$A,$B$5)) -> 0.16 | O16: =IF(N16="","",_xlfn.MINIFS(Datos!$G:$G,Datos!$B:$B,$C16,Datos!$A:$A,$B$5,Datos!$H:$H,N16)/1440) -> 0.39583333 | P16: =IF(OR(COUNTIFS(Datos!$B:$B,$C16,Datos!$A:$A,$B$5,Datos!$D:$D,">0",Datos!$G:$G,(HOUR($D$5)*60+MINUTE($D$5)))=0,COUNTIFS(Datos!$B:$B,$C16,Datos!$A:$A,$B$5-1,Datos!$D:$D,">0",Datos!$G:$G,(HOUR($D$5)*60+MINUTE($D$5)))=0),"",SUMIFS(Datos!$D:$D,Datos!$B:$B,$C16,Datos!$A:$A,$B$5,Datos!$D:$D,">0",Datos!$G:$G,(HOUR($D$5)*60+MINUTE($D$5)))-SUMIFS(Datos!$D:$D,Datos!$B:$B,$C16,Datos!$A:$A,$B$5-1,Datos!$D:$D,">0",Datos!$G:$G,(HOUR($D$5)*60+MINUTE($D$5)))) -> 3.768 | Q16: =IF(OR(K16="",V16=""),"",IF(V16>0,K16/V16-1,"")) -> 0.0053981107 | R16: =IF(S16=0,"",_xlfn.MAXIFS(Datos!$D:$D,Datos!$B:$B,$C16,Datos!$A:$A,$B$5,Datos!$D:$D,">0")) -> 6628.975 | S16: =COUNTIFS(Datos!$B:$B,$C16,Datos!$A:$A,$B$5,Datos!$D:$D,">0") -> 20 | T16: =COUNTIFS(Datos!$B:$B,$C16,Datos!$A:$A,$B$5,Datos!$D:$D,0) -> 0 | U16: =COUNTIFS(Datos!$B:$B,$C16,Datos!$A:$A,$B$5,Datos!$F:$F,">0") -> 20 | V16: =IF(COUNTIFS(Datos!$B:$B,$C16,Datos!$A:$A,$B$5-1,Datos!$D:$D,">0")<2,"",IFERROR((_xlfn.MAXIFS(Datos!$D:$D,Datos!$B:$B,$C16,Datos!$A:$A,$B$5-1,Datos!$D:$D,">0")-_xlfn.MINIFS(Datos!$D:$D,Datos!$B:$B,$C16,Datos!$A:$A,$B$5-1,Datos!$D:$D,">0"))/((_xlfn.MAXIFS(Datos!$G:$G,Datos!$B:$B,$C16,Datos!$A:$A,$B$5-1,Datos!$D:$D,">0")-_xlfn.MINIFS(Datos!$G:$G,Datos!$B:$B,$C16,Datos!$A:$A,$B$5-1,Datos!$D:$D,">0"))/60),"")) -> 0.156 | W16: =IF(Medidores!C6="",1,IFERROR(IF(INDEX($H$12:$H$21,MATCH(Medidores!C6,$C$12:$C$21,0))="",1,0),1)) -> 0 | X16: =IF(Medidores!C6="",1,IFERROR(IF(INDEX($P$12:$P$21,MATCH(Medidores!C6,$C$12:$C$21,0))="",1,0),1)) -> 0
B17: =Medidores!B7 -> L22 | C17: =Medidores!A7 -> 192.168.1.168 | D17: =IF(S17<2,"Sin datos",IF(T17>0,"Lectura en cero",IF(U17<2,"Falta kVAh",IF(H17<=0.001,"Sin consumo",IF(AND(ISNUMBER(M17),M17>0.5),"Reactiva > 50 %","Normal"))))) -> Normal | E17: =IF(S17<2,"",_xlfn.MINIFS(Datos!$G:$G,Datos!$B:$B,$C17,Datos!$A:$A,$B$5,Datos!$D:$D,">0")/1440) -> 0.38541667 | F17: =IF(S17<2,"",_xlfn.MAXIFS(Datos!$G:$G,Datos!$B:$B,$C17,Datos!$A:$A,$B$5,Datos!$D:$D,">0")/1440) -> 0.58333333 | G17: =COUNTIFS(Datos!$B:$B,$C17,Datos!$A:$A,$B$5) -> 20 | H17: =IF(S17<2,"",_xlfn.MAXIFS(Datos!$D:$D,Datos!$B:$B,$C17,Datos!$A:$A,$B$5,Datos!$D:$D,">0")-_xlfn.MINIFS(Datos!$D:$D,Datos!$B:$B,$C17,Datos!$A:$A,$B$5,Datos!$D:$D,">0")) -> 27.758 | I17: =IF(S17<2,"",_xlfn.MAXIFS(Datos!$E:$E,Datos!$B:$B,$C17,Datos!$A:$A,$B$5,Datos!$D:$D,">0")-_xlfn.MINIFS(Datos!$E:$E,Datos!$B:$B,$C17,Datos!$A:$A,$B$5,Datos!$D:$D,">0")) -> 8.007 | J17: =IF(U17<2,"",_xlfn.MAXIFS(Datos!$F:$F,Datos!$B:$B,$C17,Datos!$A:$A,$B$5,Datos!$F:$F,">0")-_xlfn.MINIFS(Datos!$F:$F,Datos!$B:$B,$C17,Datos!$A:$A,$B$5,Datos!$F:$F,">0")) -> 29.144 | K17: =IF(H17="","",IF(F17>E17,H17/((F17-E17)*24),"")) -> 5.8437895 | L17: =IF(OR(H17="",J17=""),"",IF(J17>0,H17/J17,"")) -> 0.95244304 | M17: =IF(OR(H17="",I17=""),"",IF(H17>0,I17/H17,"")) -> 0.28845738 | N17: =IF(S17<2,"",_xlfn.MAXIFS(Datos!$H:$H,Datos!$B:$B,$C17,Datos!$A:$A,$B$5)) -> 6.776 | O17: =IF(N17="","",_xlfn.MINIFS(Datos!$G:$G,Datos!$B:$B,$C17,Datos!$A:$A,$B$5,Datos!$H:$H,N17)/1440) -> 0.58333333 | P17: =IF(OR(COUNTIFS(Datos!$B:$B,$C17,Datos!$A:$A,$B$5,Datos!$D:$D,">0",Datos!$G:$G,(HOUR($D$5)*60+MINUTE($D$5)))=0,COUNTIFS(Datos!$B:$B,$C17,Datos!$A:$A,$B$5-1,Datos!$D:$D,">0",Datos!$G:$G,(HOUR($D$5)*60+MINUTE($D$5)))=0),"",SUMIFS(Datos!$D:$D,Datos!$B:$B,$C17,Datos!$A:$A,$B$5,Datos!$D:$D,">0",Datos!$G:$G,(HOUR($D$5)*60+MINUTE($D$5)))-SUMIFS(Datos!$D:$D,Datos!$B:$B,$C17,Datos!$A:$A,$B$5-1,Datos!$D:$D,">0",Datos!$G:$G,(HOUR($D$5)*60+MINUTE($D$5)))) -> 104.231 | Q17: =IF(OR(K17="",V17=""),"",IF(V17>0,K17/V17-1,"")) -> -0.060197725 | R17: =IF(S17=0,"",_xlfn.MAXIFS(Datos!$D:$D,Datos!$B:$B,$C17,Datos!$A:$A,$B$5,Datos!$D:$D,">0")) -> 23462.465 | S17: =COUNTIFS(Datos!$B:$B,$C17,Datos!$A:$A,$B$5,Datos!$D:$D,">0") -> 20 | T17: =COUNTIFS(Datos!$B:$B,$C17,Datos!$A:$A,$B$5,Datos!$D:$D,0) -> 0 | U17: =COUNTIFS(Datos!$B:$B,$C17,Datos!$A:$A,$B$5,Datos!$F:$F,">0") -> 20 | V17: =IF(COUNTIFS(Datos!$B:$B,$C17,Datos!$A:$A,$B$5-1,Datos!$D:$D,">0")<2,"",IFERROR((_xlfn.MAXIFS(Datos!$D:$D,Datos!$B:$B,$C17,Datos!$A:$A,$B$5-1,Datos!$D:$D,">0")-_xlfn.MINIFS(Datos!$D:$D,Datos!$B:$B,$C17,Datos!$A:$A,$B$5-1,Datos!$D:$D,">0"))/((_xlfn.MAXIFS(Datos!$G:$G,Datos!$B:$B,$C17,Datos!$A:$A,$B$5-1,Datos!$D:$D,">0")-_xlfn.MINIFS(Datos!$G:$G,Datos!$B:$B,$C17,Datos!$A:$A,$B$5-1,Datos!$D:$D,">0"))/60),"")) -> 6.2181053 | W17: =IF(Medidores!C7="",1,IFERROR(IF(INDEX($H$12:$H$21,MATCH(Medidores!C7,$C$12:$C$21,0))="",1,0),1)) -> 0 | X17: =IF(Medidores!C7="",1,IFERROR(IF(INDEX($P$12:$P$21,MATCH(Medidores!C7,$C$12:$C$21,0))="",1,0),1)) -> 0
B18: =Medidores!B8 -> Estación planta | C18: =Medidores!A8 -> 192.168.50.8 | D18: =IF(S18<2,"Sin datos",IF(T18>0,"Lectura en cero",IF(U18<2,"Falta kVAh",IF(H18<=0.001,"Sin consumo",IF(AND(ISNUMBER(M18),M18>0.5),"Reactiva > 50 %","Normal"))))) -> Normal | E18: =IF(S18<2,"",_xlfn.MINIFS(Datos!$G:$G,Datos!$B:$B,$C18,Datos!$A:$A,$B$5,Datos!$D:$D,">0")/1440) -> 0.38541667 | F18: =IF(S18<2,"",_xlfn.MAXIFS(Datos!$G:$G,Datos!$B:$B,$C18,Datos!$A:$A,$B$5,Datos!$D:$D,">0")/1440) -> 0.58333333 | G18: =COUNTIFS(Datos!$B:$B,$C18,Datos!$A:$A,$B$5) -> 20 | H18: =IF(S18<2,"",_xlfn.MAXIFS(Datos!$D:$D,Datos!$B:$B,$C18,Datos!$A:$A,$B$5,Datos!$D:$D,">0")-_xlfn.MINIFS(Datos!$D:$D,Datos!$B:$B,$C18,Datos!$A:$A,$B$5,Datos!$D:$D,">0")) -> 127.946 | I18: =IF(S18<2,"",_xlfn.MAXIFS(Datos!$E:$E,Datos!$B:$B,$C18,Datos!$A:$A,$B$5,Datos!$D:$D,">0")-_xlfn.MINIFS(Datos!$E:$E,Datos!$B:$B,$C18,Datos!$A:$A,$B$5,Datos!$D:$D,">0")) -> 6.65 | J18: =IF(U18<2,"",_xlfn.MAXIFS(Datos!$F:$F,Datos!$B:$B,$C18,Datos!$A:$A,$B$5,Datos!$F:$F,">0")-_xlfn.MINIFS(Datos!$F:$F,Datos!$B:$B,$C18,Datos!$A:$A,$B$5,Datos!$F:$F,">0")) -> 128.148 | K18: =IF(H18="","",IF(F18>E18,H18/((F18-E18)*24),"")) -> 26.936 | L18: =IF(OR(H18="",J18=""),"",IF(J18>0,H18/J18,"")) -> 0.9984237 | M18: =IF(OR(H18="",I18=""),"",IF(H18>0,I18/H18,"")) -> 0.051975052 | N18: =IF(S18<2,"",_xlfn.MAXIFS(Datos!$H:$H,Datos!$B:$B,$C18,Datos!$A:$A,$B$5)) -> 29.876 | O18: =IF(N18="","",_xlfn.MINIFS(Datos!$G:$G,Datos!$B:$B,$C18,Datos!$A:$A,$B$5,Datos!$H:$H,N18)/1440) -> 0.42708333 | P18: =IF(OR(COUNTIFS(Datos!$B:$B,$C18,Datos!$A:$A,$B$5,Datos!$D:$D,">0",Datos!$G:$G,(HOUR($D$5)*60+MINUTE($D$5)))=0,COUNTIFS(Datos!$B:$B,$C18,Datos!$A:$A,$B$5-1,Datos!$D:$D,">0",Datos!$G:$G,(HOUR($D$5)*60+MINUTE($D$5)))=0),"",SUMIFS(Datos!$D:$D,Datos!$B:$B,$C18,Datos!$A:$A,$B$5,Datos!$D:$D,">0",Datos!$G:$G,(HOUR($D$5)*60+MINUTE($D$5)))-SUMIFS(Datos!$D:$D,Datos!$B:$B,$C18,Datos!$A:$A,$B$5-1,Datos!$D:$D,">0",Datos!$G:$G,(HOUR($D$5)*60+MINUTE($D$5)))) -> 476.008 | Q18: =IF(OR(K18="",V18=""),"",IF(V18>0,K18/V18-1,"")) -> -0.13737097 | R18: =IF(S18=0,"",_xlfn.MAXIFS(Datos!$D:$D,Datos!$B:$B,$C18,Datos!$A:$A,$B$5,Datos!$D:$D,">0")) -> 107913.1 | S18: =COUNTIFS(Datos!$B:$B,$C18,Datos!$A:$A,$B$5,Datos!$D:$D,">0") -> 20 | T18: =COUNTIFS(Datos!$B:$B,$C18,Datos!$A:$A,$B$5,Datos!$D:$D,0) -> 0 | U18: =COUNTIFS(Datos!$B:$B,$C18,Datos!$A:$A,$B$5,Datos!$F:$F,">0") -> 20 | V18: =IF(COUNTIFS(Datos!$B:$B,$C18,Datos!$A:$A,$B$5-1,Datos!$D:$D,">0")<2,"",IFERROR((_xlfn.MAXIFS(Datos!$D:$D,Datos!$B:$B,$C18,Datos!$A:$A,$B$5-1,Datos!$D:$D,">0")-_xlfn.MINIFS(Datos!$D:$D,Datos!$B:$B,$C18,Datos!$A:$A,$B$5-1,Datos!$D:$D,">0"))/((_xlfn.MAXIFS(Datos!$G:$G,Datos!$B:$B,$C18,Datos!$A:$A,$B$5-1,Datos!$D:$D,">0")-_xlfn.MINIFS(Datos!$G:$G,Datos!$B:$B,$C18,Datos!$A:$A,$B$5-1,Datos!$D:$D,">0"))/60),"")) -> 31.225474 | W18: =IF(Medidores!C8="",1,IFERROR(IF(INDEX($H$12:$H$21,MATCH(Medidores!C8,$C$12:$C$21,0))="",1,0),1)) -> 1 | X18: =IF(Medidores!C8="",1,IFERROR(IF(INDEX($P$12:$P$21,MATCH(Medidores!C8,$C$12:$C$21,0))="",1,0),1)) -> 1
B19: =Medidores!B9 -> Estación celda 3 | C19: =Medidores!A9 -> 192.168.50.9 | D19: =IF(S19<2,"Sin datos",IF(T19>0,"Lectura en cero",IF(U19<2,"Falta kVAh",IF(H19<=0.001,"Sin consumo",IF(AND(ISNUMBER(M19),M19>0.5),"Reactiva > 50 %","Normal"))))) -> Normal | E19: =IF(S19<2,"",_xlfn.MINIFS(Datos!$G:$G,Datos!$B:$B,$C19,Datos!$A:$A,$B$5,Datos!$D:$D,">0")/1440) -> 0.38541667 | F19: =IF(S19<2,"",_xlfn.MAXIFS(Datos!$G:$G,Datos!$B:$B,$C19,Datos!$A:$A,$B$5,Datos!$D:$D,">0")/1440) -> 0.58333333 | G19: =COUNTIFS(Datos!$B:$B,$C19,Datos!$A:$A,$B$5) -> 20 | H19: =IF(S19<2,"",_xlfn.MAXIFS(Datos!$D:$D,Datos!$B:$B,$C19,Datos!$A:$A,$B$5,Datos!$D:$D,">0")-_xlfn.MINIFS(Datos!$D:$D,Datos!$B:$B,$C19,Datos!$A:$A,$B$5,Datos!$D:$D,">0")) -> 341.219 | I19: =IF(S19<2,"",_xlfn.MAXIFS(Datos!$E:$E,Datos!$B:$B,$C19,Datos!$A:$A,$B$5,Datos!$D:$D,">0")-_xlfn.MINIFS(Datos!$E:$E,Datos!$B:$B,$C19,Datos!$A:$A,$B$5,Datos!$D:$D,">0")) -> 137.774 | J19: =IF(U19<2,"",_xlfn.MAXIFS(Datos!$F:$F,Datos!$B:$B,$C19,Datos!$A:$A,$B$5,Datos!$F:$F,">0")-_xlfn.MINIFS(Datos!$F:$F,Datos!$B:$B,$C19,Datos!$A:$A,$B$5,Datos!$F:$F,">0")) -> 368.25 | K19: =IF(H19="","",IF(F19>E19,H19/((F19-E19)*24),"")) -> 71.835579 | L19: =IF(OR(H19="",J19=""),"",IF(J19>0,H19/J19,"")) -> 0.92659606 | M19: =IF(OR(H19="",I19=""),"",IF(H19>0,I19/H19,"")) -> 0.40377001 | N19: =IF(S19<2,"",_xlfn.MAXIFS(Datos!$H:$H,Datos!$B:$B,$C19,Datos!$A:$A,$B$5)) -> 86.752 | O19: =IF(N19="","",_xlfn.MINIFS(Datos!$G:$G,Datos!$B:$B,$C19,Datos!$A:$A,$B$5,Datos!$H:$H,N19)/1440) -> 0.57291667 | P19: =IF(OR(COUNTIFS(Datos!$B:$B,$C19,Datos!$A:$A,$B$5,Datos!$D:$D,">0",Datos!$G:$G,(HOUR($D$5)*60+MINUTE($D$5)))=0,COUNTIFS(Datos!$B:$B,$C19,Datos!$A:$A,$B$5-1,Datos!$D:$D,">0",Datos!$G:$G,(HOUR($D$5)*60+MINUTE($D$5)))=0),"",SUMIFS(Datos!$D:$D,Datos!$B:$B,$C19,Datos!$A:$A,$B$5,Datos!$D:$D,">0",Datos!$G:$G,(HOUR($D$5)*60+MINUTE($D$5)))-SUMIFS(Datos!$D:$D,Datos!$B:$B,$C19,Datos!$A:$A,$B$5-1,Datos!$D:$D,">0",Datos!$G:$G,(HOUR($D$5)*60+MINUTE($D$5)))) -> 1117.938 | Q19: =IF(OR(K19="",V19=""),"",IF(V19>0,K19/V19-1,"")) -> 0.020849663 | R19: =IF(S19=0,"",_xlfn.MAXIFS(Datos!$D:$D,Datos!$B:$B,$C19,Datos!$A:$A,$B$5,Datos!$D:$D,">0")) -> 267912.5 | S19: =COUNTIFS(Datos!$B:$B,$C19,Datos!$A:$A,$B$5,Datos!$D:$D,">0") -> 20 | T19: =COUNTIFS(Datos!$B:$B,$C19,Datos!$A:$A,$B$5,Datos!$D:$D,0) -> 0 | U19: =COUNTIFS(Datos!$B:$B,$C19,Datos!$A:$A,$B$5,Datos!$F:$F,">0") -> 20 | V19: =IF(COUNTIFS(Datos!$B:$B,$C19,Datos!$A:$A,$B$5-1,Datos!$D:$D,">0")<2,"",IFERROR((_xlfn.MAXIFS(Datos!$D:$D,Datos!$B:$B,$C19,Datos!$A:$A,$B$5-1,Datos!$D:$D,">0")-_xlfn.MINIFS(Datos!$D:$D,Datos!$B:$B,$C19,Datos!$A:$A,$B$5-1,Datos!$D:$D,">0"))/((_xlfn.MAXIFS(Datos!$G:$G,Datos!$B:$B,$C19,Datos!$A:$A,$B$5-1,Datos!$D:$D,">0")-_xlfn.MINIFS(Datos!$G:$G,Datos!$B:$B,$C19,Datos!$A:$A,$B$5-1,Datos!$D:$D,">0"))/60),"")) -> 70.368421 | W19: =IF(Medidores!C9="",1,IFERROR(IF(INDEX($H$12:$H$21,MATCH(Medidores!C9,$C$12:$C$21,0))="",1,0),1)) -> 1 | X19: =IF(Medidores!C9="",1,IFERROR(IF(INDEX($P$12:$P$21,MATCH(Medidores!C9,$C$12:$C$21,0))="",1,0),1)) -> 1
B20: =Medidores!B10 -> Estación celda 2 | C20: =Medidores!A10 -> 192.168.50.10 | D20: =IF(S20<2,"Sin datos",IF(T20>0,"Lectura en cero",IF(U20<2,"Falta kVAh",IF(H20<=0.001,"Sin consumo",IF(AND(ISNUMBER(M20),M20>0.5),"Reactiva > 50 %","Normal"))))) -> Normal | E20: =IF(S20<2,"",_xlfn.MINIFS(Datos!$G:$G,Datos!$B:$B,$C20,Datos!$A:$A,$B$5,Datos!$D:$D,">0")/1440) -> 0.38541667 | F20: =IF(S20<2,"",_xlfn.MAXIFS(Datos!$G:$G,Datos!$B:$B,$C20,Datos!$A:$A,$B$5,Datos!$D:$D,">0")/1440) -> 0.58333333 | G20: =COUNTIFS(Datos!$B:$B,$C20,Datos!$A:$A,$B$5) -> 20 | H20: =IF(S20<2,"",_xlfn.MAXIFS(Datos!$D:$D,Datos!$B:$B,$C20,Datos!$A:$A,$B$5,Datos!$D:$D,">0")-_xlfn.MINIFS(Datos!$D:$D,Datos!$B:$B,$C20,Datos!$A:$A,$B$5,Datos!$D:$D,">0")) -> 427.343 | I20: =IF(S20<2,"",_xlfn.MAXIFS(Datos!$E:$E,Datos!$B:$B,$C20,Datos!$A:$A,$B$5,Datos!$D:$D,">0")-_xlfn.MINIFS(Datos!$E:$E,Datos!$B:$B,$C20,Datos!$A:$A,$B$5,Datos!$D:$D,">0")) -> 184.922 | J20: =IF(U20<2,"",_xlfn.MAXIFS(Datos!$F:$F,Datos!$B:$B,$C20,Datos!$A:$A,$B$5,Datos!$F:$F,">0")-_xlfn.MINIFS(Datos!$F:$F,Datos!$B:$B,$C20,Datos!$A:$A,$B$5,Datos!$F:$F,">0")) -> 465.718 | K20: =IF(H20="","",IF(F20>E20,H20/((F20-E20)*24),"")) -> 89.966947 | L20: =IF(OR(H20="",J20=""),"",IF(J20>0,H20/J20,"")) -> 0.91760035 | M20: =IF(OR(H20="",I20=""),"",IF(H20>0,I20/H20,"")) -> 0.432725 | N20: =IF(S20<2,"",_xlfn.MAXIFS(Datos!$H:$H,Datos!$B:$B,$C20,Datos!$A:$A,$B$5)) -> 100.252 | O20: =IF(N20="","",_xlfn.MINIFS(Datos!$G:$G,Datos!$B:$B,$C20,Datos!$A:$A,$B$5,Datos!$H:$H,N20)/1440) -> 0.57291667 | P20: =IF(OR(COUNTIFS(Datos!$B:$B,$C20,Datos!$A:$A,$B$5,Datos!$D:$D,">0",Datos!$G:$G,(HOUR($D$5)*60+MINUTE($D$5)))=0,COUNTIFS(Datos!$B:$B,$C20,Datos!$A:$A,$B$5-1,Datos!$D:$D,">0",Datos!$G:$G,(HOUR($D$5)*60+MINUTE($D$5)))=0),"",SUMIFS(Datos!$D:$D,Datos!$B:$B,$C20,Datos!$A:$A,$B$5,Datos!$D:$D,">0",Datos!$G:$G,(HOUR($D$5)*60+MINUTE($D$5)))-SUMIFS(Datos!$D:$D,Datos!$B:$B,$C20,Datos!$A:$A,$B$5-1,Datos!$D:$D,">0",Datos!$G:$G,(HOUR($D$5)*60+MINUTE($D$5)))) -> 1557.125 | Q20: =IF(OR(K20="",V20=""),"",IF(V20>0,K20/V20-1,"")) -> 0.018392612 | R20: =IF(S20=0,"",_xlfn.MAXIFS(Datos!$D:$D,Datos!$B:$B,$C20,Datos!$A:$A,$B$5,Datos!$D:$D,">0")) -> 436443.53 | S20: =COUNTIFS(Datos!$B:$B,$C20,Datos!$A:$A,$B$5,Datos!$D:$D,">0") -> 20 | T20: =COUNTIFS(Datos!$B:$B,$C20,Datos!$A:$A,$B$5,Datos!$D:$D,0) -> 0 | U20: =COUNTIFS(Datos!$B:$B,$C20,Datos!$A:$A,$B$5,Datos!$F:$F,">0") -> 20 | V20: =IF(COUNTIFS(Datos!$B:$B,$C20,Datos!$A:$A,$B$5-1,Datos!$D:$D,">0")<2,"",IFERROR((_xlfn.MAXIFS(Datos!$D:$D,Datos!$B:$B,$C20,Datos!$A:$A,$B$5-1,Datos!$D:$D,">0")-_xlfn.MINIFS(Datos!$D:$D,Datos!$B:$B,$C20,Datos!$A:$A,$B$5-1,Datos!$D:$D,">0"))/((_xlfn.MAXIFS(Datos!$G:$G,Datos!$B:$B,$C20,Datos!$A:$A,$B$5-1,Datos!$D:$D,">0")-_xlfn.MINIFS(Datos!$G:$G,Datos!$B:$B,$C20,Datos!$A:$A,$B$5-1,Datos!$D:$D,">0"))/60),"")) -> 88.342105 | W20: =IF(Medidores!C10="",1,IFERROR(IF(INDEX($H$12:$H$21,MATCH(Medidores!C10,$C$12:$C$21,0))="",1,0),1)) -> 1 | X20: =IF(Medidores!C10="",1,IFERROR(IF(INDEX($P$12:$P$21,MATCH(Medidores!C10,$C$12:$C$21,0))="",1,0),1)) -> 1
B21: =Medidores!B11 -> Estación celda 1 | C21: =Medidores!A11 -> 192.168.50.11 | D21: =IF(S21<2,"Sin datos",IF(T21>0,"Lectura en cero",IF(U21<2,"Falta kVAh",IF(H21<=0.001,"Sin consumo",IF(AND(ISNUMBER(M21),M21>0.5),"Reactiva > 50 %","Normal"))))) -> Reactiva > 50 % | E21: =IF(S21<2,"",_xlfn.MINIFS(Datos!$G:$G,Datos!$B:$B,$C21,Datos!$A:$A,$B$5,Datos!$D:$D,">0")/1440) -> 0.38541667 | F21: =IF(S21<2,"",_xlfn.MAXIFS(Datos!$G:$G,Datos!$B:$B,$C21,Datos!$A:$A,$B$5,Datos!$D:$D,">0")/1440) -> 0.58333333 | G21: =COUNTIFS(Datos!$B:$B,$C21,Datos!$A:$A,$B$5) -> 20 | H21: =IF(S21<2,"",_xlfn.MAXIFS(Datos!$D:$D,Datos!$B:$B,$C21,Datos!$A:$A,$B$5,Datos!$D:$D,">0")-_xlfn.MINIFS(Datos!$D:$D,Datos!$B:$B,$C21,Datos!$A:$A,$B$5,Datos!$D:$D,">0")) -> 430.219 | I21: =IF(S21<2,"",_xlfn.MAXIFS(Datos!$E:$E,Datos!$B:$B,$C21,Datos!$A:$A,$B$5,Datos!$D:$D,">0")-_xlfn.MINIFS(Datos!$E:$E,Datos!$B:$B,$C21,Datos!$A:$A,$B$5,Datos!$D:$D,">0")) -> 229.547 | J21: =IF(U21<2,"",_xlfn.MAXIFS(Datos!$F:$F,Datos!$B:$B,$C21,Datos!$A:$A,$B$5,Datos!$F:$F,">0")-_xlfn.MINIFS(Datos!$F:$F,Datos!$B:$B,$C21,Datos!$A:$A,$B$5,Datos!$F:$F,">0")) -> 495.062 | K21: =IF(H21="","",IF(F21>E21,H21/((F21-E21)*24),"")) -> 90.572421 | L21: =IF(OR(H21="",J21=""),"",IF(J21>0,H21/J21,"")) -> 0.86902045 | M21: =IF(OR(H21="",I21=""),"",IF(H21>0,I21/H21,"")) -> 0.53355849 | N21: =IF(S21<2,"",_xlfn.MAXIFS(Datos!$H:$H,Datos!$B:$B,$C21,Datos!$A:$A,$B$5)) -> 130.248 | O21: =IF(N21="","",_xlfn.MINIFS(Datos!$G:$G,Datos!$B:$B,$C21,Datos!$A:$A,$B$5,Datos!$H:$H,N21)/1440) -> 0.40625 | P21: =IF(OR(COUNTIFS(Datos!$B:$B,$C21,Datos!$A:$A,$B$5,Datos!$D:$D,">0",Datos!$G:$G,(HOUR($D$5)*60+MINUTE($D$5)))=0,COUNTIFS(Datos!$B:$B,$C21,Datos!$A:$A,$B$5-1,Datos!$D:$D,">0",Datos!$G:$G,(HOUR($D$5)*60+MINUTE($D$5)))=0),"",SUMIFS(Datos!$D:$D,Datos!$B:$B,$C21,Datos!$A:$A,$B$5,Datos!$D:$D,">0",Datos!$G:$G,(HOUR($D$5)*60+MINUTE($D$5)))-SUMIFS(Datos!$D:$D,Datos!$B:$B,$C21,Datos!$A:$A,$B$5-1,Datos!$D:$D,">0",Datos!$G:$G,(HOUR($D$5)*60+MINUTE($D$5)))) -> 1362.937 | Q21: =IF(OR(K21="",V21=""),"",IF(V21>0,K21/V21-1,"")) -> 0.12825684 | R21: =IF(S21=0,"",_xlfn.MAXIFS(Datos!$D:$D,Datos!$B:$B,$C21,Datos!$A:$A,$B$5,Datos!$D:$D,">0")) -> 331773.06 | S21: =COUNTIFS(Datos!$B:$B,$C21,Datos!$A:$A,$B$5,Datos!$D:$D,">0") -> 20 | T21: =COUNTIFS(Datos!$B:$B,$C21,Datos!$A:$A,$B$5,Datos!$D:$D,0) -> 0 | U21: =COUNTIFS(Datos!$B:$B,$C21,Datos!$A:$A,$B$5,Datos!$F:$F,">0") -> 20 | V21: =IF(COUNTIFS(Datos!$B:$B,$C21,Datos!$A:$A,$B$5-1,Datos!$D:$D,">0")<2,"",IFERROR((_xlfn.MAXIFS(Datos!$D:$D,Datos!$B:$B,$C21,Datos!$A:$A,$B$5-1,Datos!$D:$D,">0")-_xlfn.MINIFS(Datos!$D:$D,Datos!$B:$B,$C21,Datos!$A:$A,$B$5-1,Datos!$D:$D,">0"))/((_xlfn.MAXIFS(Datos!$G:$G,Datos!$B:$B,$C21,Datos!$A:$A,$B$5-1,Datos!$D:$D,">0")-_xlfn.MINIFS(Datos!$G:$G,Datos!$B:$B,$C21,Datos!$A:$A,$B$5-1,Datos!$D:$D,">0"))/60),"")) -> 80.276421 | W21: =IF(Medidores!C11="",1,IFERROR(IF(INDEX($H$12:$H$21,MATCH(Medidores!C11,$C$12:$C$21,0))="",1,0),1)) -> 1 | X21: =IF(Medidores!C11="",1,IFERROR(IF(INDEX($P$12:$P$21,MATCH(Medidores!C11,$C$12:$C$21,0))="",1,0),1)) -> 1
B23: Celdas amarillas: día y medidor se eligen de la lista; la hora de corte se escribe (ej. 11:00).
B24: kWh 24 h al corte = lectura del día a la hora de corte − lectura del día anterior a la misma hora. Requiere ambas lecturas.
B25: kVARh / kWh > 50 %: la línea consume mucha reactiva. EMCALI cobra según la frontera (hoja EMCALI), donde el banco de condensadores compensa.
B26: kW medio vs día anterior compara la demanda media del periodo registrado de cada día. Las lecturas en cero se excluyen.
B27: Totales: las líneas L14–L50 están dentro de Estación planta (hoja Medidores, columna Dentro de) y no se suman dos veces.

Sheet Datos
A1: Fecha | B1: IP | C1: Hora | D1: kWh | E1: kVARh | F1: kVAh | G1: Minuto | H1: kW intervalo | I1: Línea | J1: Hora en el medidor
A2: 46302 | B2: 192.168.1.168 | C2: 0.26041667 | D2: 23213.115 | E2: 5870.396 | F2: 24149.643 | G2: =HOUR(C2)*60+MINUTE(C2) -> 375 | H2: =IF(AND(B2=B1,A2=A1,D2>0,N(D1)>0,G2>N(G1)),(D2-D1)/((G2-G1)/60),"") | I2: =IFERROR(INDEX(Medidores!$B:$B,MATCH(B2,Medidores!$A:$A,0)),"") -> L22 | J2: 2026-10-07 11:15
A3: 46302 | B3: 192.168.1.168 | C3: 0.27083333 | D3: 23213.744 | E3: 5870.521 | F3: 24150.285 | G3: =HOUR(C3)*60+MINUTE(C3) -> 390 | H3: =IF(AND(B3=B2,A3=A2,D3>0,N(D2)>0,G3>N(G2)),(D3-D2)/((G3-G2)/60),"") -> 2.516 | I3: =IFERROR(INDEX(Medidores!$B:$B,MATCH(B3,Medidores!$A:$A,0)),"") -> L22 | J3: 2026-10-07 11:30
A4: 46302 | B4: 192.168.1.168 | C4: 0.28125 | D4: 23214.371 | E4: 5870.632 | F4: 24150.926 | G4: =HOUR(C4)*60+MINUTE(C4) -> 405 | H4: =IF(AND(B4=B3,A4=A3,D4>0,N(D3)>0,G4>N(G3)),(D4-D3)/((G4-G3)/60),"") -> 2.508 | I4: =IFERROR(INDEX(Medidores!$B:$B,MATCH(B4,Medidores!$A:$A,0)),"") -> L22 | J4: 2026-10-07 11:45
A5: 46302 | B5: 192.168.1.168 | C5: 0.29166667 | D5: 23215.045 | E5: 5870.742 | F5: 24151.609 | G5: =HOUR(C5)*60+MINUTE(C5) -> 420 | H5: =IF(AND(B5=B4,A5=A4,D5>0,N(D4)>0,G5>N(G4)),(D5-D4)/((G5-G4)/60),"") -> 2.696 | I5: =IFERROR(INDEX(Medidores!$B:$B,MATCH(B5,Medidores!$A:$A,0)),"") -> L22 | J5: 2026-10-07 12:00
A6: 46302 | B6: 192.168.1.168 | C6: 0.30208333 | D6: 23216.727 | E6: 5871.275 | F6: 24153.393 | G6: =HOUR(C6)*60+MINUTE(C6) -> 435 | H6: =IF(AND(B6=B5,A6=A5,D6>0,N(D5)>0,G6>N(G5)),(D6-D5)/((G6-G5)/60),"") -> 6.728 | I6: =IFERROR(INDEX(Medidores!$B:$B,MATCH(B6,Medidores!$A:$A,0)),"") -> L22 | J6: 2026-10-07 12:15
A7: 46302 | B7: 192.168.1.168 | C7: 0.3125 | D7: 23218.24 | E7: 5871.698 | F7: 24154.981 | G7: =HOUR(C7)*60+MINUTE(C7) -> 450 | H7: =IF(AND(B7=B6,A7=A6,D7>0,N(D6)>0,G7>N(G6)),(D7-D6)/((G7-G6)/60),"") -> 6.052 | I7: =IFERROR(INDEX(Medidores!$B:$B,MATCH(B7,Medidores!$A:$A,0)),"") -> L22 | J7: 2026-10-07 12:30
A8: 46302 | B8: 192.168.1.168 | C8: 0.32291667 | D8: 23219.891 | E8: 5872.194 | F8: 24156.713 | G8: =HOUR(C8)*60+MINUTE(C8) -> 465 | H8: =IF(AND(B8=B7,A8=A7,D8>0,N(D7)>0,G8>N(G7)),(D8-D7)/((G8-G7)/60),"") -> 6.604 | I8: =IFERROR(INDEX(Medidores!$B:$B,MATCH(B8,Medidores!$A:$A,0)),"") -> L22 | J8: 2026-10-07 12:45
A9: 46302 | B9: 192.168.1.168 | C9: 0.33333333 | D9: 23221.516 | E9: 5872.683 | F9: 24158.422 | G9: =HOUR(C9)*60+MINUTE(C9) -> 480 | H9: =IF(AND(B9=B8,A9=A8,D9>0,N(D8)>0,G9>N(G8)),(D9-D8)/((G9-G8)/60),"") -> 6.5 | I9: =IFERROR(INDEX(Medidores!$B:$B,MATCH(B9,Medidores!$A:$A,0)),"") -> L22 | J9: 2026-10-07 13:00
A10: 46302 | B10: 192.168.1.168 | C10: 0.34375 | D10: 23223.152 | E10: 5873.226 | F10: 24160.164 | G10: =HOUR(C10)*60+MINUTE(C10) -> 495 | H10: =IF(AND(B10=B9,A10=A9,D10>0,N(D9)>0,G10>N(G9)),(D10-D9)/((G10-G9)/60),"") -> 6.544 | I10: =IFERROR(INDEX(Medidores!$B:$B,MATCH(B10,Medidores!$A:$A,0)),"") -> L22 | J10: 2026-10-07 13:15
A11: 46302 | B11: 192.168.1.168 | C11: 0.35416667 | D11: 23224.775 | E11: 5873.71 | F11: 24161.877 | G11: =HOUR(C11)*60+MINUTE(C11) -> 510 | H11: =IF(AND(B11=B10,A11=A10,D11>0,N(D10)>0,G11>N(G10)),(D11-D10)/((G11-G10)/60),"") -> 6.492 | I11: =IFERROR(INDEX(Medidores!$B:$B,MATCH(B11,Medidores!$A:$A,0)),"") -> L22 | J11: 2026-10-07 13:30
A12: 46302 | B12: 192.168.1.168 | C12: 0.36458333 | D12: 23226.219 | E12: 5874.117 | F12: 24163.389 | G12: =HOUR(C12)*60+MINUTE(C12) -> 525 | H12: =IF(AND(B12=B11,A12=A11,D12>0,N(D11)>0,G12>N(G11)),(D12-D11)/((G12-G11)/60),"") -> 5.776 | I12: =IFERROR(INDEX(Medidores!$B:$B,MATCH(B12,Medidores!$A:$A,0)),"") -> L22 | J12: 2026-10-07 13:45
A13: 46302 | B13: 192.168.1.168 | C13: 0.375 | D13: 23227.84 | E13: 5874.638 | F13: 24165.106 | G13: =HOUR(C13)*60+MINUTE(C13) -> 540 | H13: =IF(AND(B13=B12,A13=A12,D13>0,N(D12)>0,G13>N(G12)),(D13-D12)/((G13-G12)/60),"") -> 6.484 | I13: =IFERROR(INDEX(Medidores!$B:$B,MATCH(B13,Medidores!$A:$A,0)),"") -> L22 | J13: 2026-10-07 14:00
... A121: 46302 | B121: 192.168.50.8 | C121: 0.35416667 | D121: 106818.85 | E121: 22790.152 | F121: 109776.4 | G121: =HOUR(C121)*60+MINUTE(C121) -> 510 | H121: =IF(AND(B121=B120,A121=A120,D121>0,N(D120)>0,G121>N(G120)),(D121-D120)/((G121-G120)/60),"") -> 27.188 | I121: =IFERROR(INDEX(Medidores!$B:$B,MATCH(B121,Medidores!$A:$A,0)),"") -> Estación planta | J121: 2026-10-07 13:30
A122: 46302 | B122: 192.168.50.9 | C122: 0.27083333 | D122: 265368.78 | E122: 109231.53 | G122: =HOUR(C122)*60+MINUTE(C122) -> 390 | H122: =IF(AND(B122=B121,A122=A121,D122>0,N(D121)>0,G122>N(G121)),(D122-D121)/((G122-G121)/60),"") | I122: =IFERROR(INDEX(Medidores!$B:$B,MATCH(B122,Medidores!$A:$A,0)),"") -> Estación celda 3 | J122: 2026-10-07 11:30
A123: 46302 | B123: 192.168.50.9 | C123: 0.28125 | D123: 265380.44 | E123: 109235.91 | G123: =HOUR(C123)*60+MINUTE(C123) -> 405 | H123: =IF(AND(B123=B122,A123=A122,D123>0,N(D122)>0,G123>N(G122)),(D123-D122)/((G123-G122)/60),"") -> 46.628 | I123: =IFERROR(INDEX(Medidores!$B:$B,MATCH(B123,Medidores!$A:$A,0)),"") -> Estación celda 3 | J123: 2026-10-07 11:45
A124: 46302 | B124: 192.168.50.9 | C124: 0.29166667 | D124: 265388.25 | E124: 109238.12 | G124: =HOUR(C124)*60+MINUTE(C124) -> 420 | H124: =IF(AND(B124=B123,A124=A123,D124>0,N(D123)>0,G124>N(G123)),(D124-D123)/((G124-G123)/60),"") -> 31.248 | I124: =IFERROR(INDEX(Medidores!$B:$B,MATCH(B124,Medidores!$A:$A,0)),"") -> Estación celda 3 | J124: 2026-10-07 12:00
A125: 46302 | B125: 192.168.50.9 | C125: 0.30208333 | D125: 265398.28 | E125: 109242.86 | G125: =HOUR(C125)*60+MINUTE(C125) -> 435 | H125: =IF(AND(B125=B124,A125=A124,D125>0,N(D124)>0,G125>N(G124)),(D125-D124)/((G125-G124)/60),"") -> 40.124 | I125: =IFERROR(INDEX(Medidores!$B:$B,MATCH(B125,Medidores!$A:$A,0)),"") -> Estación celda 3 | J125: 2026-10-07 12:15
A126: 46302 | B126: 192.168.50.9 | C126: 0.3125 | D126: 265411.91 | E126: 109250.34 | G126: =HOUR(C126)*60+MINUTE(C126) -> 450 | H126: =IF(AND(B126=B125,A126=A125,D126>0,N(D125)>0,G126>N(G125)),(D126-D125)/((G126-G125)/60),"") -> 54.5 | I126: =IFERROR(INDEX(Medidores!$B:$B,MATCH(B126,Medidores!$A:$A,0)),"") -> Estación celda 3 | J126: 2026-10-07 12:30
A127: 46302 | B127: 192.168.50.9 | C127: 0.32291667 | D127: 265423.62 | E127: 109256.3 | G127: =HOUR(C127)*60+MINUTE(C127) -> 465 | H127: =IF(AND(B127=B126,A127=A126,D127>0,N(D126)>0,G127>N(G126)),(D127-D126)/((G127-G126)/60),"") -> 46.876 | I127: =IFERROR(INDEX(Medidores!$B:$B,MATCH(B127,Medidores!$A:$A,0)),"") -> Estación celda 3 | J127: 2026-10-07 12:45
A128: 46302 | B128: 192.168.50.9 | C128: 0.33333333 | D128: 265435.47 | E128: 109262.2 | G128: =HOUR(C128)*60+MINUTE(C128) -> 480 | H128: =IF(AND(B128=B127,A128=A127,D128>0,N(D127)>0,G128>N(G127)),(D128-D127)/((G128-G127)/60),"") -> 47.376 | I128: =IFERROR(INDEX(Medidores!$B:$B,MATCH(B128,Medidores!$A:$A,0)),"") -> Estación celda 3 | J128: 2026-10-07 13:00
A129: 46302 | B129: 192.168.50.9 | C129: 0.34375 | D129: 265450.19 | E129: 109270.9 | G129: =HOUR(C129)*60+MINUTE(C129) -> 495 | H129: =IF(AND(B129=B128,A129=A128,D129>0,N(D128)>0,G129>N(G128)),(D129-D128)/((G129-G128)/60),"") -> 58.876 | I129: =IFERROR(INDEX(Medidores!$B:$B,MATCH(B129,Medidores!$A:$A,0)),"") -> Estación celda 3 | J129: 2026-10-07 13:15
A130: 46302 | B130: 192.168.50.9 | C130: 0.35416667 | D130: 265463.25 | E130: 109277.94 | G130: =HOUR(C130)*60+MINUTE(C130) -> 510 | H130: =IF(AND(B130=B129,A130=A129,D130>0,N(D129)>0,G130>N(G129)),(D130-D129)/((G130-G129)/60),"") -> 52.248 | I130: =IFERROR(INDEX(Medidores!$B:$B,MATCH(B130,Medidores!$A:$A,0)),"") -> Estación celda 3 | J130: 2026-10-07 13:30
A131: 46302 | B131: 192.168.50.9 | C131: 0.36458333 | D131: 265475.44 | E131: 109284.37 | G131: =HOUR(C131)*60+MINUTE(C131) -> 525 | H131: =IF(AND(B131=B130,A131=A130,D131>0,N(D130)>0,G131>N(G130)),(D131-D130)/((G131-G130)/60),"") -> 48.752 | I131: =IFERROR(INDEX(Medidores!$B:$B,MATCH(B131,Medidores!$A:$A,0)),"") -> Estación celda 3 | J131: 2026-10-07 13:45
A132: 46302 | B132: 192.168.50.9 | C132: 0.375 | D132: 265490.94 | E132: 109293.48 | G132: =HOUR(C132)*60+MINUTE(C132) -> 540 | H132: =IF(AND(B132=B131,A132=A131,D132>0,N(D131)>0,G132>N(G131)),(D132-D131)/((G132-G131)/60),"") -> 62 | I132: =IFERROR(INDEX(Medidores!$B:$B,MATCH(B132,Medidores!$A:$A,0)),"") -> Estación celda 3 | J132: 2026-10-07 14:00
A133: 46302 | B133: 192.168.50.9 | C133: 0.38541667 | D133: 265503.62 | E133: 109300.38 | G133: =HOUR(C133)*60+MINUTE(C133) -> 555 | H133: =IF(AND(B133=B132,A133=A132,D133>0,N(D132)>0,G133>N(G132)),(D133-D132)/((G133-G132)/60),"") -> 50.748 | I133: =IFERROR(INDEX(Medidores!$B:$B,MATCH(B133,Medidores!$A:$A,0)),"") -> Estación celda 3 | J133: 2026-10-07 14:15
... A141: 46302 | B141: 192.168.50.9 | C141: 0.46875 | D141: 265604.28 | E141: 109352.02 | G141: =HOUR(C141)*60+MINUTE(C141) -> 675 | H141: =IF(AND(B141=B140,A141=A140,D141>0,N(D140)>0,G141>N(G140)),(D141-D140)/((G141-G140)/60),"") -> 43.624 | I141: =IFERROR(INDEX(Medidores!$B:$B,MATCH(B141,Medidores!$A:$A,0)),"") -> Estación celda 3 | J141: 2026-10-07 16:15
A142: 46302 | B142: 192.168.50.10 | C142: 0.27083333 | D142: 432776.56 | E142: 172677.56 | F142: 467890.78 | G142: =HOUR(C142)*60+MINUTE(C142) -> 390 | H142: =IF(AND(B142=B141,A142=A141,D142>0,N(D141)>0,G142>N(G141)),(D142-D141)/((G142-G141)/60),"") | I142: =IFERROR(INDEX(Medidores!$B:$B,MATCH(B142,Medidores!$A:$A,0)),"") -> Estación celda 2 | J142: 2026-10-07 11:30
A143: 46302 | B143: 192.168.50.10 | C143: 0.28125 | D143: 432787.97 | E143: 172682.16 | F143: 467903.03 | G143: =HOUR(C143)*60+MINUTE(C143) -> 405 | H143: =IF(AND(B143=B142,A143=A142,D143>0,N(D142)>0,G143>N(G142)),(D143-D142)/((G143-G142)/60),"") -> 45.624 | I143: =IFERROR(INDEX(Medidores!$B:$B,MATCH(B143,Medidores!$A:$A,0)),"") -> Estación celda 2 | J143: 2026-10-07 11:45
A144: 46302 | B144: 192.168.50.10 | C144: 0.29166667 | D144: 432800.47 | E144: 172687.3 | F144: 467916.56 | G144: =HOUR(C144)*60+MINUTE(C144) -> 420 | H144: =IF(AND(B144=B143,A144=A143,D144>0,N(D143)>0,G144>N(G143)),(D144-D143)/((G144-G143)/60),"") -> 50 | I144: =IFERROR(INDEX(Medidores!$B:$B,MATCH(B144,Medidores!$A:$A,0)),"") -> Estación celda 2 | J144: 2026-10-07 12:00
A145: 46302 | B145: 192.168.50.10 | C145: 0.30208333 | D145: 432819.72 | E145: 172695.19 | F145: 467937.38 | G145: =HOUR(C145)*60+MINUTE(C145) -> 435 | H145: =IF(AND(B145=B144,A145=A144,D145>0,N(D144)>0,G145>N(G144)),(D145-D144)/((G145-G144)/60),"") -> 77 | I145: =IFERROR(INDEX(Medidores!$B:$B,MATCH(B145,Medidores!$A:$A,0)),"") -> Estación celda 2 | J145: 2026-10-07 12:15
A146: 46302 | B146: 192.168.50.10 | C146: 0.3125 | D146: 432841.81 | E146: 172703.61 | F146: 467961.03 | G146: =HOUR(C146)*60+MINUTE(C146) -> 450 | H146: =IF(AND(B146=B145,A146=A145,D146>0,N(D145)>0,G146>N(G145)),(D146-D145)/((G146-G145)/60),"") -> 88.376 | I146: =IFERROR(INDEX(Medidores!$B:$B,MATCH(B146,Medidores!$A:$A,0)),"") -> Estación celda 2 | J146: 2026-10-07 12:30
A147: 46302 | B147: 192.168.50.10 | C147: 0.32291667 | D147: 432863.78 | E147: 172712.64 | F147: 467984.81 | G147: =HOUR(C147)*60+MINUTE(C147) -> 465 | H147: =IF(AND(B147=B146,A147=A146,D147>0,N(D146)>0,G147>N(G146)),(D147-D146)/((G147-G146)/60),"") -> 87.872 | I147: =IFERROR(INDEX(Medidores!$B:$B,MATCH(B147,Medidores!$A:$A,0)),"") -> Estación celda 2 | J147: 2026-10-07 12:45
A148: 46302 | B148: 192.168.50.10 | C148: 0.33333333 | D148: 432885.47 | E148: 172721.91 | F148: 468008.38 | G148: =HOUR(C148)*60+MINUTE(C148) -> 480 | H148: =IF(AND(B148=B147,A148=A147,D148>0,N(D147)>0,G148>N(G147)),(D148-D147)/((G148-G147)/60),"") -> 86.752 | I148: =IFERROR(INDEX(Medidores!$B:$B,MATCH(B148,Medidores!$A:$A,0)),"") -> Estación celda 2 | J148: 2026-10-07 13:00
A149: 46302 | B149: 192.168.50.10 | C149: 0.34375 | D149: 432907.59 | E149: 172731.12 | F149: 468032.31 | G149: =HOUR(C149)*60+MINUTE(C149) -> 495 | H149: =IF(AND(B149=B148,A149=A148,D149>0,N(D148)>0,G149>N(G148)),(D149-D148)/((G149-G148)/60),"") -> 88.5 | I149: =IFERROR(INDEX(Medidores!$B:$B,MATCH(B149,Medidores!$A:$A,0)),"") -> Estación celda 2 | J149: 2026-10-07 13:15
A150: 46302 | B150: 192.168.50.10 | C150: 0.35416667 | D150: 432929.78 | E150: 172740.34 | F150: 468056.38 | G150: =HOUR(C150)*60+MINUTE(C150) -> 510 | H150: =IF(AND(B150=B149,A150=A149,D150>0,N(D149)>0,G150>N(G149)),(D150-D149)/((G150-G149)/60),"") -> 88.748 | I150: =IFERROR(INDEX(Medidores!$B:$B,MATCH(B150,Medidores!$A:$A,0)),"") -> Estación celda 2 | J150: 2026-10-07 13:30
A151: 46302 | B151: 192.168.50.10 | C151: 0.36458333 | D151: 432951.62 | E151: 172749.41 | F151: 468080 | G151: =HOUR(C151)*60+MINUTE(C151) -> 525 | H151: =IF(AND(B151=B150,A151=A150,D151>0,N(D150)>0,G151>N(G150)),(D151-D150)/((G151-G150)/60),"") -> 87.376 | I151: =IFERROR(INDEX(Medidores!$B:$B,MATCH(B151,Medidores!$A:$A,0)),"") -> Estación celda 2 | J151: 2026-10-07 13:45
A152: 46302 | B152: 192.168.50.10 | C152: 0.375 | D152: 432974.28 | E152: 172758.5 | F152: 468104.41 | G152: =HOUR(C152)*60+MINUTE(C152) -> 540 | H152: =IF(AND(B152=B151,A152=A151,D152>0,N(D151)>0,G152>N(G151)),(D152-D151)/((G152-G151)/60),"") -> 90.624 | I152: =IFERROR(INDEX(Medidores!$B:$B,MATCH(B152,Medidores!$A:$A,0)),"") -> Estación celda 2 | J152: 2026-10-07 14:00
A153: 46302 | B153: 192.168.50.10 | C153: 0.38541667 | D153: 432996.38 | E153: 172767.48 | F153: 468128.28 | G153: =HOUR(C153)*60+MINUTE(C153) -> 555 | H153: =IF(AND(B153=B152,A153=A152,D153>0,N(D152)>0,G153>N(G152)),(D153-D152)/((G153-G152)/60),"") -> 88.376 | I153: =IFERROR(INDEX(Medidores!$B:$B,MATCH(B153,Medidores!$A:$A,0)),"") -> Estación celda 2 | J153: 2026-10-07 14:15
... A580: 46304 | B580: 192.168.50.11 | C580: 0.57291667 | D580: 331749.5 | E580: 173394.28 | F580: 375737.78 | G580: =HOUR(C580)*60+MINUTE(C580) -> 825 | H580: =IF(AND(B580=B579,A580=A579,D580>0,N(D579)>0,G580>N(G579)),(D580-D579)/((G580-G579)/60),"") -> 94.124 | I580: =IFERROR(INDEX(Medidores!$B:$B,MATCH(B580,Medidores!$A:$A,0)),"") -> Estación celda 1 | J580: 2026-10-09 18:45
A581: 46304 | B581: 192.168.50.11 | C581: 0.58333333 | D581: 331773.06 | F581: 375765.03 | G581: =HOUR(C581)*60+MINUTE(C581) -> 840 | H581: =IF(AND(B581=B580,A581=A580,D581>0,N(D580)>0,G581>N(G580)),(D581-D580)/((G581-G580)/60),"") -> 94.252 | I581: =IFERROR(INDEX(Medidores!$B:$B,MATCH(B581,Medidores!$A:$A,0)),"") -> Estación celda 1 | J581: 2026-10-09 19:00

Sheet Medidores
A1: IP | B1: Nombre de la línea | C1: Dentro de (IP) | D1: Reloj del medidor | F1: Puedes cambiar los nombres de la columna B; el tablero se actualiza solo.
A2: 192.168.50.3 | B2: L50 | C2: 192.168.50.8 | D2: Hora Colombia | F2: Dentro de: medidor que ya incluye este consumo. No se suma dos veces en los totales, salvo que ese medidor no tenga dato.
A3: 192.168.50.4 | B3: L21 | C3: 192.168.50.8 | D3: UTC (−5 h)
A4: 192.168.50.5 | B4: L14 | C4: 192.168.50.8 | D4: Hora Colombia
A5: 192.168.50.6 | B5: L20 | C5: 192.168.50.8 | D5: UTC (−5 h)
A6: 192.168.50.7 | B6: L16 | C6: 192.168.50.8 | D6: UTC (−5 h)
A7: 192.168.1.168 | B7: L22 | C7: 192.168.50.8 | D7: UTC (−5 h)
A8: 192.168.50.8 | B8: Estación planta | D8: UTC (−5 h)
A9: 192.168.50.9 | B9: Estación celda 3 | D9: UTC (−5 h)
A10: 192.168.50.10 | B10: Estación celda 2 | D10: UTC (−5 h)
A11: 192.168.50.11 | B11: Estación celda 1 | D11: UTC (−5 h)

Sheet Calc
A1: Minuto fin | B1: Inicio | C1: kW | E1: Hoja auxiliar para la gráfica de 15 minutos. No hace falta editarla.
A2: 15 | B2: 00:00 | C2: =IF(COUNTIFS(Datos!$B:$B,Tablero!$I$5,Datos!$A:$A,Tablero!$B$5,Datos!$G:$G,$A2,Datos!$H:$H,">=0")=0,"",SUMIFS(Datos!$H:$H,Datos!$B:$B,Tablero!$I$5,Datos!$A:$A,Tablero!$B$5,Datos!$G:$G,$A2))
A3: 30 | B3: 00:15 | C3: =IF(COUNTIFS(Datos!$B:$B,Tablero!$I$5,Datos!$A:$A,Tablero!$B$5,Datos!$G:$G,$A3,Datos!$H:$H,">=0")=0,"",SUMIFS(Datos!$H:$H,Datos!$B:$B,Tablero!$I$5,Datos!$A:$A,Tablero!$B$5,Datos!$G:$G,$A3))
A4: 45 | B4: 00:30 | C4: =IF(COUNTIFS(Datos!$B:$B,Tablero!$I$5,Datos!$A:$A,Tablero!$B$5,Datos!$G:$G,$A4,Datos!$H:$H,">=0")=0,"",SUMIFS(Datos!$H:$H,Datos!$B:$B,Tablero!$I$5,Datos!$A:$A,Tablero!$B$5,Datos!$G:$G,$A4))
A5: 60 | B5: 00:45 | C5: =IF(COUNTIFS(Datos!$B:$B,Tablero!$I$5,Datos!$A:$A,Tablero!$B$5,Datos!$G:$G,$A5,Datos!$H:$H,">=0")=0,"",SUMIFS(Datos!$H:$H,Datos!$B:$B,Tablero!$I$5,Datos!$A:$A,Tablero!$B$5,Datos!$G:$G,$A5))
A6: 75 | B6: 01:00 | C6: =IF(COUNTIFS(Datos!$B:$B,Tablero!$I$5,Datos!$A:$A,Tablero!$B$5,Datos!$G:$G,$A6,Datos!$H:$H,">=0")=0,"",SUMIFS(Datos!$H:$H,Datos!$B:$B,Tablero!$I$5,Datos!$A:$A,Tablero!$B$5,Datos!$G:$G,$A6))
A7: 90 | B7: 01:15 | C7: =IF(COUNTIFS(Datos!$B:$B,Tablero!$I$5,Datos!$A:$A,Tablero!$B$5,Datos!$G:$G,$A7,Datos!$H:$H,">=0")=0,"",SUMIFS(Datos!$H:$H,Datos!$B:$B,Tablero!$I$5,Datos!$A:$A,Tablero!$B$5,Datos!$G:$G,$A7))
A8: 105 | B8: 01:30 | C8: =IF(COUNTIFS(Datos!$B:$B,Tablero!$I$5,Datos!$A:$A,Tablero!$B$5,Datos!$G:$G,$A8,Datos!$H:$H,">=0")=0,"",SUMIFS(Datos!$H:$H,Datos!$B:$B,Tablero!$I$5,Datos!$A:$A,Tablero!$B$5,Datos!$G:$G,$A8))
A9: 120 | B9: 01:45 | C9: =IF(COUNTIFS(Datos!$B:$B,Tablero!$I$5,Datos!$A:$A,Tablero!$B$5,Datos!$G:$G,$A9,Datos!$H:$H,">=0")=0,"",SUMIFS(Datos!$H:$H,Datos!$B:$B,Tablero!$I$5,Datos!$A:$A,Tablero!$B$5,Datos!$G:$G,$A9))
A10: 135 | B10: 02:00 | C10: =IF(COUNTIFS(Datos!$B:$B,Tablero!$I$5,Datos!$A:$A,Tablero!$B$5,Datos!$G:$G,$A10,Datos!$H:$H,">=0")=0,"",SUMIFS(Datos!$H:$H,Datos!$B:$B,Tablero!$I$5,Datos!$A:$A,Tablero!$B$5,Datos!$G:$G,$A10))
A11: 150 | B11: 02:15 | C11: =IF(COUNTIFS(Datos!$B:$B,Tablero!$I$5,Datos!$A:$A,Tablero!$B$5,Datos!$G:$G,$A11,Datos!$H:$H,">=0")=0,"",SUMIFS(Datos!$H:$H,Datos!$B:$B,Tablero!$I$5,Datos!$A:$A,Tablero!$B$5,Datos!$G:$G,$A11))
A12: 165 | B12: 02:30 | C12: =IF(COUNTIFS(Datos!$B:$B,Tablero!$I$5,Datos!$A:$A,Tablero!$B$5,Datos!$G:$G,$A12,Datos!$H:$H,">=0")=0,"",SUMIFS(Datos!$H:$H,Datos!$B:$B,Tablero!$I$5,Datos!$A:$A,Tablero!$B$5,Datos!$G:$G,$A12))
A13: 180 | B13: 02:45 | C13: =IF(COUNTIFS(Datos!$B:$B,Tablero!$I$5,Datos!$A:$A,Tablero!$B$5,Datos!$G:$G,$A13,Datos!$H:$H,">=0")=0,"",SUMIFS(Datos!$H:$H,Datos!$B:$B,Tablero!$I$5,Datos!$A:$A,Tablero!$B$5,Datos!$G:$G,$A13))
... A97: 1440 | B97: 23:45 | C97: =IF(COUNTIFS(Datos!$B:$B,Tablero!$I$5,Datos!$A:$A,Tablero!$B$5,Datos!$G:$G,$A97,Datos!$H:$H,">=0")=0,"",SUMIFS(Datos!$H:$H,Datos!$B:$B,Tablero!$I$5,Datos!$A:$A,Tablero!$B$5,Datos!$G:$G,$A97))

Sheet Histórico
A1: Consumo diario por medidor (kWh en el periodo registrado)
A2: Fecha | B2: L50 | C2: L21 | D2: L14 | E2: L20 | F2: L16 | G2: L22 | H2: Estación planta | I2: Estación celda 3 | J2: Estación celda 2 | K2: Estación celda 1 | L2: Total
A3: 46302 | B3: =IF(COUNTIFS(Datos!$B:$B,"192.168.50.3",Datos!$A:$A,$A3,Datos!$D:$D,">0")<2,"",_xlfn.MAXIFS(Datos!$D:$D,Datos!$B:$B,"192.168.50.3",Datos!$A:$A,$A3,Datos!$D:$D,">0")-_xlfn.MINIFS(Datos!$D:$D,Datos!$B:$B,"192.168.50.3",Datos!$A:$A,$A3,Datos!$D:$D,">0")) -> 2.552 | C3: =IF(COUNTIFS(Datos!$B:$B,"192.168.50.4",Datos!$A:$A,$A3,Datos!$D:$D,">0")<2,"",_xlfn.MAXIFS(Datos!$D:$D,Datos!$B:$B,"192.168.50.4",Datos!$A:$A,$A3,Datos!$D:$D,">0")-_xlfn.MINIFS(Datos!$D:$D,Datos!$B:$B,"192.168.50.4",Datos!$A:$A,$A3,Datos!$D:$D,">0")) -> 2.949 | D3: =IF(COUNTIFS(Datos!$B:$B,"192.168.50.5",Datos!$A:$A,$A3,Datos!$D:$D,">0")<2,"",_xlfn.MAXIFS(Datos!$D:$D,Datos!$B:$B,"192.168.50.5",Datos!$A:$A,$A3,Datos!$D:$D,">0")-_xlfn.MINIFS(Datos!$D:$D,Datos!$B:$B,"192.168.50.5",Datos!$A:$A,$A3,Datos!$D:$D,">0")) -> 14.985 | E3: =IF(COUNTIFS(Datos!$B:$B,"192.168.50.6",Datos!$A:$A,$A3,Datos!$D:$D,">0")<2,"",_xlfn.MAXIFS(Datos!$D:$D,Datos!$B:$B,"192.168.50.6",Datos!$A:$A,$A3,Datos!$D:$D,">0")-_xlfn.MINIFS(Datos!$D:$D,Datos!$B:$B,"192.168.50.6",Datos!$A:$A,$A3,Datos!$D:$D,">0")) -> 7.61 | F3: =IF(COUNTIFS(Datos!$B:$B,"192.168.50.7",Datos!$A:$A,$A3,Datos!$D:$D,">0")<2,"",_xlfn.MAXIFS(Datos!$D:$D,Datos!$B:$B,"192.168.50.7",Datos!$A:$A,$A3,Datos!$D:$D,">0")-_xlfn.MINIFS(Datos!$D:$D,Datos!$B:$B,"192.168.50.7",Datos!$A:$A,$A3,Datos!$D:$D,">0")) -> 0.56 | G3: =IF(COUNTIFS(Datos!$B:$B,"192.168.1.168",Datos!$A:$A,$A3,Datos!$D:$D,">0")<2,"",_xlfn.MAXIFS(Datos!$D:$D,Datos!$B:$B,"192.168.1.168",Datos!$A:$A,$A3,Datos!$D:$D,">0")-_xlfn.MINIFS(Datos!$D:$D,Datos!$B:$B,"192.168.1.168",Datos!$A:$A,$A3,Datos!$D:$D,">0")) -> 26.354 | H3: =IF(COUNTIFS(Datos!$B:$B,"192.168.50.8",Datos!$A:$A,$A3,Datos!$D:$D,">0")<2,"",_xlfn.MAXIFS(Datos!$D:$D,Datos!$B:$B,"192.168.50.8",Datos!$A:$A,$A3,Datos!$D:$D,">0")-_xlfn.MINIFS(Datos!$D:$D,Datos!$B:$B,"192.168.50.8",Datos!$A:$A,$A3,Datos!$D:$D,">0")) -> 13.125 | I3: =IF(COUNTIFS(Datos!$B:$B,"192.168.50.9",Datos!$A:$A,$A3,Datos!$D:$D,">0")<2,"",_xlfn.MAXIFS(Datos!$D:$D,Datos!$B:$B,"192.168.50.9",Datos!$A:$A,$A3,Datos!$D:$D,">0")-_xlfn.MINIFS(Datos!$D:$D,Datos!$B:$B,"192.168.50.9",Datos!$A:$A,$A3,Datos!$D:$D,">0")) -> 235.5 | J3: =IF(COUNTIFS(Datos!$B:$B,"192.168.50.10",Datos!$A:$A,$A3,Datos!$D:$D,">0")<2,"",_xlfn.MAXIFS(Datos!$D:$D,Datos!$B:$B,"192.168.50.10",Datos!$A:$A,$A3,Datos!$D:$D,">0")-_xlfn.MINIFS(Datos!$D:$D,Datos!$B:$B,"192.168.50.10",Datos!$A:$A,$A3,Datos!$D:$D,">0")) -> 401.968 | K3: =IF(COUNTIFS(Datos!$B:$B,"192.168.50.11",Datos!$A:$A,$A3,Datos!$D:$D,">0")<2,"",_xlfn.MAXIFS(Datos!$D:$D,Datos!$B:$B,"192.168.50.11",Datos!$A:$A,$A3,Datos!$D:$D,">0")-_xlfn.MINIFS(Datos!$D:$D,Datos!$B:$B,"192.168.50.11",Datos!$A:$A,$A3,Datos!$D:$D,">0")) -> 233.25 | L3: =IF(COUNT(B3:K3)=0,"",IF(ISNUMBER(H3),0,N(B3))+IF(ISNUMBER(H3),0,N(C3))+IF(ISNUMBER(H3),0,N(D3))+IF(ISNUMBER(H3),0,N(E3))+IF(ISNUMBER(H3),0,N(F3))+IF(ISNUMBER(H3),0,N(G3))+N(H3)+N(I3)+N(J3)+N(K3)) -> 883.843
A4: 46303 | B4: =IF(COUNTIFS(Datos!$B:$B,"192.168.50.3",Datos!$A:$A,$A4,Datos!$D:$D,">0")<2,"",_xlfn.MAXIFS(Datos!$D:$D,Datos!$B:$B,"192.168.50.3",Datos!$A:$A,$A4,Datos!$D:$D,">0")-_xlfn.MINIFS(Datos!$D:$D,Datos!$B:$B,"192.168.50.3",Datos!$A:$A,$A4,Datos!$D:$D,">0")) -> 3.184 | C4: =IF(COUNTIFS(Datos!$B:$B,"192.168.50.4",Datos!$A:$A,$A4,Datos!$D:$D,">0")<2,"",_xlfn.MAXIFS(Datos!$D:$D,Datos!$B:$B,"192.168.50.4",Datos!$A:$A,$A4,Datos!$D:$D,">0")-_xlfn.MINIFS(Datos!$D:$D,Datos!$B:$B,"192.168.50.4",Datos!$A:$A,$A4,Datos!$D:$D,">0")) -> 5.105 | D4: =IF(COUNTIFS(Datos!$B:$B,"192.168.50.5",Datos!$A:$A,$A4,Datos!$D:$D,">0")<2,"",_xlfn.MAXIFS(Datos!$D:$D,Datos!$B:$B,"192.168.50.5",Datos!$A:$A,$A4,Datos!$D:$D,">0")-_xlfn.MINIFS(Datos!$D:$D,Datos!$B:$B,"192.168.50.5",Datos!$A:$A,$A4,Datos!$D:$D,">0")) -> 17.699 | E4: =IF(COUNTIFS(Datos!$B:$B,"192.168.50.6",Datos!$A:$A,$A4,Datos!$D:$D,">0")<2,"",_xlfn.MAXIFS(Datos!$D:$D,Datos!$B:$B,"192.168.50.6",Datos!$A:$A,$A4,Datos!$D:$D,">0")-_xlfn.MINIFS(Datos!$D:$D,Datos!$B:$B,"192.168.50.6",Datos!$A:$A,$A4,Datos!$D:$D,">0")) -> 16.243 | F4: =IF(COUNTIFS(Datos!$B:$B,"192.168.50.7",Datos!$A:$A,$A4,Datos!$D:$D,">0")<2,"",_xlfn.MAXIFS(Datos!$D:$D,Datos!$B:$B,"192.168.50.7",Datos!$A:$A,$A4,Datos!$D:$D,">0")-_xlfn.MINIFS(Datos!$D:$D,Datos!$B:$B,"192.168.50.7",Datos!$A:$A,$A4,Datos!$D:$D,">0")) -> 0.741 | G4: =IF(COUNTIFS(Datos!$B:$B,"192.168.1.168",Datos!$A:$A,$A4,Datos!$D:$D,">0")<2,"",_xlfn.MAXIFS(Datos!$D:$D,Datos!$B:$B,"192.168.1.168",Datos!$A:$A,$A4,Datos!$D:$D,">0")-_xlfn.MINIFS(Datos!$D:$D,Datos!$B:$B,"192.168.1.168",Datos!$A:$A,$A4,Datos!$D:$D,">0")) -> 29.536 | H4: =IF(COUNTIFS(Datos!$B:$B,"192.168.50.8",Datos!$A:$A,$A4,Datos!$D:$D,">0")<2,"",_xlfn.MAXIFS(Datos!$D:$D,Datos!$B:$B,"192.168.50.8",Datos!$A:$A,$A4,Datos!$D:$D,">0")-_xlfn.MINIFS(Datos!$D:$D,Datos!$B:$B,"192.168.50.8",Datos!$A:$A,$A4,Datos!$D:$D,">0")) -> 148.321 | I4: =IF(COUNTIFS(Datos!$B:$B,"192.168.50.9",Datos!$A:$A,$A4,Datos!$D:$D,">0")<2,"",_xlfn.MAXIFS(Datos!$D:$D,Datos!$B:$B,"192.168.50.9",Datos!$A:$A,$A4,Datos!$D:$D,">0")-_xlfn.MINIFS(Datos!$D:$D,Datos!$B:$B,"192.168.50.9",Datos!$A:$A,$A4,Datos!$D:$D,">0")) -> 334.25 | J4: =IF(COUNTIFS(Datos!$B:$B,"192.168.50.10",Datos!$A:$A,$A4,Datos!$D:$D,">0")<2,"",_xlfn.MAXIFS(Datos!$D:$D,Datos!$B:$B,"192.168.50.10",Datos!$A:$A,$A4,Datos!$D:$D,">0")-_xlfn.MINIFS(Datos!$D:$D,Datos!$B:$B,"192.168.50.10",Datos!$A:$A,$A4,Datos!$D:$D,">0")) -> 419.625 | K4: =IF(COUNTIFS(Datos!$B:$B,"192.168.50.11",Datos!$A:$A,$A4,Datos!$D:$D,">0")<2,"",_xlfn.MAXIFS(Datos!$D:$D,Datos!$B:$B,"192.168.50.11",Datos!$A:$A,$A4,Datos!$D:$D,">0")-_xlfn.MINIFS(Datos!$D:$D,Datos!$B:$B,"192.168.50.11",Datos!$A:$A,$A4,Datos!$D:$D,">0")) -> 381.313 | L4: =IF(COUNT(B4:K4)=0,"",IF(ISNUMBER(H4),0,N(B4))+IF(ISNUMBER(H4),0,N(C4))+IF(ISNUMBER(H4),0,N(D4))+IF(ISNUMBER(H4),0,N(E4))+IF(ISNUMBER(H4),0,N(F4))+IF(ISNUMBER(H4),0,N(G4))+N(H4)+N(I4)+N(J4)+N(K4)) -> 1283.509
A5: 46304 | B5: =IF(COUNTIFS(Datos!$B:$B,"192.168.50.3",Datos!$A:$A,$A5,Datos!$D:$D,">0")<2,"",_xlfn.MAXIFS(Datos!$D:$D,Datos!$B:$B,"192.168.50.3",Datos!$A:$A,$A5,Datos!$D:$D,">0")-_xlfn.MINIFS(Datos!$D:$D,Datos!$B:$B,"192.168.50.3",Datos!$A:$A,$A5,Datos!$D:$D,">0")) -> 2.965 | C5: =IF(COUNTIFS(Datos!$B:$B,"192.168.50.4",Datos!$A:$A,$A5,Datos!$D:$D,">0")<2,"",_xlfn.MAXIFS(Datos!$D:$D,Datos!$B:$B,"192.168.50.4",Datos!$A:$A,$A5,Datos!$D:$D,">0")-_xlfn.MINIFS(Datos!$D:$D,Datos!$B:$B,"192.168.50.4",Datos!$A:$A,$A5,Datos!$D:$D,">0")) -> 2.958 | D5: =IF(COUNTIFS(Datos!$B:$B,"192.168.50.5",Datos!$A:$A,$A5,Datos!$D:$D,">0")<2,"",_xlfn.MAXIFS(Datos!$D:$D,Datos!$B:$B,"192.168.50.5",Datos!$A:$A,$A5,Datos!$D:$D,">0")-_xlfn.MINIFS(Datos!$D:$D,Datos!$B:$B,"192.168.50.5",Datos!$A:$A,$A5,Datos!$D:$D,">0")) -> 17.416 | E5: =IF(COUNTIFS(Datos!$B:$B,"192.168.50.6",Datos!$A:$A,$A5,Datos!$D:$D,">0")<2,"",_xlfn.MAXIFS(Datos!$D:$D,Datos!$B:$B,"192.168.50.6",Datos!$A:$A,$A5,Datos!$D:$D,">0")-_xlfn.MINIFS(Datos!$D:$D,Datos!$B:$B,"192.168.50.6",Datos!$A:$A,$A5,Datos!$D:$D,">0")) -> 16.199 | F5: =IF(COUNTIFS(Datos!$B:$B,"192.168.50.7",Datos!$A:$A,$A5,Datos!$D:$D,">0")<2,"",_xlfn.MAXIFS(Datos!$D:$D,Datos!$B:$B,"192.168.50.7",Datos!$A:$A,$A5,Datos!$D:$D,">0")-_xlfn.MINIFS(Datos!$D:$D,Datos!$B:$B,"192.168.50.7",Datos!$A:$A,$A5,Datos!$D:$D,">0")) -> 0.745 | G5: =IF(COUNTIFS(Datos!$B:$B,"192.168.1.168",Datos!$A:$A,$A5,Datos!$D:$D,">0")<2,"",_xlfn.MAXIFS(Datos!$D:$D,Datos!$B:$B,"192.168.1.168",Datos!$A:$A,$A5,Datos!$D:$D,">0")-_xlfn.MINIFS(Datos!$D:$D,Datos!$B:$B,"192.168.1.168",Datos!$A:$A,$A5,Datos!$D:$D,">0")) -> 27.758 | H5: =IF(COUNTIFS(Datos!$B:$B,"192.168.50.8",Datos!$A:$A,$A5,Datos!$D:$D,">0")<2,"",_xlfn.MAXIFS(Datos!$D:$D,Datos!$B:$B,"192.168.50.8",Datos!$A:$A,$A5,Datos!$D:$D,">0")-_xlfn.MINIFS(Datos!$D:$D,Datos!$B:$B,"192.168.50.8",Datos!$A:$A,$A5,Datos!$D:$D,">0")) -> 127.946 | I5: =IF(COUNTIFS(Datos!$B:$B,"192.168.50.9",Datos!$A:$A,$A5,Datos!$D:$D,">0")<2,"",_xlfn.MAXIFS(Datos!$D:$D,Datos!$B:$B,"192.168.50.9",Datos!$A:$A,$A5,Datos!$D:$D,">0")-_xlfn.MINIFS(Datos!$D:$D,Datos!$B:$B,"192.168.50.9",Datos!$A:$A,$A5,Datos!$D:$D,">0")) -> 341.219 | J5: =IF(COUNTIFS(Datos!$B:$B,"192.168.50.10",Datos!$A:$A,$A5,Datos!$D:$D,">0")<2,"",_xlfn.MAXIFS(Datos!$D:$D,Datos!$B:$B,"192.168.50.10",Datos!$A:$A,$A5,Datos!$D:$D,">0")-_xlfn.MINIFS(Datos!$D:$D,Datos!$B:$B,"192.168.50.10",Datos!$A:$A,$A5,Datos!$D:$D,">0")) -> 427.343 | K5: =IF(COUNTIFS(Datos!$B:$B,"192.168.50.11",Datos!$A:$A,$A5,Datos!$D:$D,">0")<2,"",_xlfn.MAXIFS(Datos!$D:$D,Datos!$B:$B,"192.168.50.11",Datos!$A:$A,$A5,Datos!$D:$D,">0")-_xlfn.MINIFS(Datos!$D:$D,Datos!$B:$B,"192.168.50.11",Datos!$A:$A,$A5,Datos!$D:$D,">0")) -> 430.219 | L5: =IF(COUNT(B5:K5)=0,"",IF(ISNUMBER(H5),0,N(B5))+IF(ISNUMBER(H5),0,N(C5))+IF(ISNUMBER(H5),0,N(D5))+IF(ISNUMBER(H5),0,N(E5))+IF(ISNUMBER(H5),0,N(F5))+IF(ISNUMBER(H5),0,N(G5))+N(H5)+N(I5)+N(J5)+N(K5)) -> 1326.727
A7: Consumo de 24 h al corte (kWh) · hora de corte en Tablero!D5
A8: Fecha | B8: L50 | C8: L21 | D8: L14 | E8: L20 | F8: L16 | G8: L22 | H8: Estación planta | I8: Estación celda 3 | J8: Estación celda 2 | K8: Estación celda 1 | L8: Total | M8: EMCALI | N8: Diferencia | O8: Diferencia %
A9: 46302 | B9: =IF(OR(COUNTIFS(Datos!$B:$B,"192.168.50.3",Datos!$A:$A,$A9,Datos!$D:$D,">0",Datos!$G:$G,(HOUR(Tablero!$D$5)*60+MINUTE(Tablero!$D$5)))=0,COUNTIFS(Datos!$B:$B,"192.168.50.3",Datos!$A:$A,$A9-1,Datos!$D:$D,">0",Datos!$G:$G,(HOUR(Tablero!$D$5)*60+MINUTE(Tablero!$D$5)))=0),"",SUMIFS(Datos!$D:$D,Datos!$B:$B,"192.168.50.3",Datos!$A:$A,$A9,Datos!$D:$D,">0",Datos!$G:$G,(HOUR(Tablero!$D$5)*60+MINUTE(Tablero!$D$5)))-SUMIFS(Datos!$D:$D,Datos!$B:$B,"192.168.50.3",Datos!$A:$A,$A9-1,Datos!$D:$D,">0",Datos!$G:$G,(HOUR(Tablero!$D$5)*60+MINUTE(Tablero!$D$5)))) | C9: =IF(OR(COUNTIFS(Datos!$B:$B,"192.168.50.4",Datos!$A:$A,$A9,Datos!$D:$D,">0",Datos!$G:$G,(HOUR(Tablero!$D$5)*60+MINUTE(Tablero!$D$5)))=0,COUNTIFS(Datos!$B:$B,"192.168.50.4",Datos!$A:$A,$A9-1,Datos!$D:$D,">0",Datos!$G:$G,(HOUR(Tablero!$D$5)*60+MINUTE(Tablero!$D$5)))=0),"",SUMIFS(Datos!$D:$D,Datos!$B:$B,"192.168.50.4",Datos!$A:$A,$A9,Datos!$D:$D,">0",Datos!$G:$G,(HOUR(Tablero!$D$5)*60+MINUTE(Tablero!$D$5)))-SUMIFS(Datos!$D:$D,Datos!$B:$B,"192.168.50.4",Datos!$A:$A,$A9-1,Datos!$D:$D,">0",Datos!$G:$G,(HOUR(Tablero!$D$5)*60+MINUTE(Tablero!$D$5)))) | D9: =IF(OR(COUNTIFS(Datos!$B:$B,"192.168.50.5",Datos!$A:$A,$A9,Datos!$D:$D,">0",Datos!$G:$G,(HOUR(Tablero!$D$5)*60+MINUTE(Tablero!$D$5)))=0,COUNTIFS(Datos!$B:$B,"192.168.50.5",Datos!$A:$A,$A9-1,Datos!$D:$D,">0",Datos!$G:$G,(HOUR(Tablero!$D$5)*60+MINUTE(Tablero!$D$5)))=0),"",SUMIFS(Datos!$D:$D,Datos!$B:$B,"192.168.50.5",Datos!$A:$A,$A9,Datos!$D:$D,">0",Datos!$G:$G,(HOUR(Tablero!$D$5)*60+MINUTE(Tablero!$D$5)))-SUMIFS(Datos!$D:$D,Datos!$B:$B,"192.168.50.5",Datos!$A:$A,$A9-1,Datos!$D:$D,">0",Datos!$G:$G,(HOUR(Tablero!$D$5)*60+MINUTE(Tablero!$D$5)))) | E9: =IF(OR(COUNTIFS(Datos!$B:$B,"192.168.50.6",Datos!$A:$A,$A9,Datos!$D:$D,">0",Datos!$G:$G,(HOUR(Tablero!$D$5)*60+MINUTE(Tablero!$D$5)))=0,COUNTIFS(Datos!$B:$B,"192.168.50.6",Datos!$A:$A,$A9-1,Datos!$D:$D,">0",Datos!$G:$G,(HOUR(Tablero!$D$5)*60+MINUTE(Tablero!$D$5)))=0),"",SUMIFS(Datos!$D:$D,Datos!$B:$B,"192.168.50.6",Datos!$A:$A,$A9,Datos!$D:$D,">0",Datos!$G:$G,(HOUR(Tablero!$D$5)*60+MINUTE(Tablero!$D$5)))-SUMIFS(Datos!$D:$D,Datos!$B:$B,"192.168.50.6",Datos!$A:$A,$A9-1,Datos!$D:$D,">0",Datos!$G:$G,(HOUR(Tablero!$D$5)*60+MINUTE(Tablero!$D$5)))) | F9: =IF(OR(COUNTIFS(Datos!$B:$B,"192.168.50.7",Datos!$A:$A,$A9,Datos!$D:$D,">0",Datos!$G:$G,(HOUR(Tablero!$D$5)*60+MINUTE(Tablero!$D$5)))=0,COUNTIFS(Datos!$B:$B,"192.168.50.7",Datos!$A:$A,$A9-1,Datos!$D:$D,">0",Datos!$G:$G,(HOUR(Tablero!$D$5)*60+MINUTE(Tablero!$D$5)))=0),"",SUMIFS(Datos!$D:$D,Datos!$B:$B,"192.168.50.7",Datos!$A:$A,$A9,Datos!$D:$D,">0",Datos!$G:$G,(HOUR(Tablero!$D$5)*60+MINUTE(Tablero!$D$5)))-SUMIFS(Datos!$D:$D,Datos!$B:$B,"192.168.50.7",Datos!$A:$A,$A9-1,Datos!$D:$D,">0",Datos!$G:$G,(HOUR(Tablero!$D$5)*60+MINUTE(Tablero!$D$5)))) | G9: =IF(OR(COUNTIFS(Datos!$B:$B,"192.168.1.168",Datos!$A:$A,$A9,Datos!$D:$D,">0",Datos!$G:$G,(HOUR(Tablero!$D$5)*60+MINUTE(Tablero!$D$5)))=0,COUNTIFS(Datos!$B:$B,"192.168.1.168",Datos!$A:$A,$A9-1,Datos!$D:$D,">0",Datos!$G:$G,(HOUR(Tablero!$D$5)*60+MINUTE(Tablero!$D$5)))=0),"",SUMIFS(Datos!$D:$D,Datos!$B:$B,"192.168.1.168",Datos!$A:$A,$A9,Datos!$D:$D,">0",Datos!$G:$G,(HOUR(Tablero!$D$5)*60+MINUTE(Tablero!$D$5)))-SUMIFS(Datos!$D:$D,Datos!$B:$B,"192.168.1.168",Datos!$A:$A,$A9-1,Datos!$D:$D,">0",Datos!$G:$G,(HOUR(Tablero!$D$5)*60+MINUTE(Tablero!$D$5)))) | H9: =IF(OR(COUNTIFS(Datos!$B:$B,"192.168.50.8",Datos!$A:$A,$A9,Datos!$D:$D,">0",Datos!$G:$G,(HOUR(Tablero!$D$5)*60+MINUTE(Tablero!$D$5)))=0,COUNTIFS(Datos!$B:$B,"192.168.50.8",Datos!$A:$A,$A9-1,Datos!$D:$D,">0",Datos!$G:$G,(HOUR(Tablero!$D$5)*60+MINUTE(Tablero!$D$5)))=0),"",SUMIFS(Datos!$D:$D,Datos!$B:$B,"192.168.50.8",Datos!$A:$A,$A9,Datos!$D:$D,">0",Datos!$G:$G,(HOUR(Tablero!$D$5)*60+MINUTE(Tablero!$D$5)))-SUMIFS(Datos!$D:$D,Datos!$B:$B,"192.168.50.8",Datos!$A:$A,$A9-1,Datos!$D:$D,">0",Datos!$G:$G,(HOUR(Tablero!$D$5)*60+MINUTE(Tablero!$D$5)))) | I9: =IF(OR(COUNTIFS(Datos!$B:$B,"192.168.50.9",Datos!$A:$A,$A9,Datos!$D:$D,">0",Datos!$G:$G,(HOUR(Tablero!$D$5)*60+MINUTE(Tablero!$D$5)))=0,COUNTIFS(Datos!$B:$B,"192.168.50.9",Datos!$A:$A,$A9-1,Datos!$D:$D,">0",Datos!$G:$G,(HOUR(Tablero!$D$5)*60+MINUTE(Tablero!$D$5)))=0),"",SUMIFS(Datos!$D:$D,Datos!$B:$B,"192.168.50.9",Datos!$A:$A,$A9,Datos!$D:$D,">0",Datos!$G:$G,(HOUR(Tablero!$D$5)*60+MINUTE(Tablero!$D$5)))-SUMIFS(Datos!$D:$D,Datos!$B:$B,"192.168.50.9",Datos!$A:$A,$A9-1,Datos!$D:$D,">0",Datos!$G:$G,(HOUR(Tablero!$D$5)*60+MINUTE(Tablero!$D$5)))) | J9: =IF(OR(COUNTIFS(Datos!$B:$B,"192.168.50.10",Datos!$A:$A,$A9,Datos!$D:$D,">0",Datos!$G:$G,(HOUR(Tablero!$D$5)*60+MINUTE(Tablero!$D$5)))=0,COUNTIFS(Datos!$B:$B,"192.168.50.10",Datos!$A:$A,$A9-1,Datos!$D:$D,">0",Datos!$G:$G,(HOUR(Tablero!$D$5)*60+MINUTE(Tablero!$D$5)))=0),"",SUMIFS(Datos!$D:$D,Datos!$B:$B,"192.168.50.10",Datos!$A:$A,$A9,Datos!$D:$D,">0",Datos!$G:$G,(HOUR(Tablero!$D$5)*60+MINUTE(Tablero!$D$5)))-SUMIFS(Datos!$D:$D,Datos!$B:$B,"192.168.50.10",Datos!$A:$A,$A9-1,Datos!$D:$D,">0",Datos!$G:$G,(HOUR(Tablero!$D$5)*60+MINUTE(Tablero!$D$5)))) | K9: =IF(OR(COUNTIFS(Datos!$B:$B,"192.168.50.11",Datos!$A:$A,$A9,Datos!$D:$D,">0",Datos!$G:$G,(HOUR(Tablero!$D$5)*60+MINUTE(Tablero!$D$5)))=0,COUNTIFS(Datos!$B:$B,"192.168.50.11",Datos!$A:$A,$A9-1,Datos!$D:$D,">0",Datos!$G:$G,(HOUR(Tablero!$D$5)*60+MINUTE(Tablero!$D$5)))=0),"",SUMIFS(Datos!$D:$D,Datos!$B:$B,"192.168.50.11",Datos!$A:$A,$A9,Datos!$D:$D,">0",Datos!$G:$G,(HOUR(Tablero!$D$5)*60+MINUTE(Tablero!$D$5)))-SUMIFS(Datos!$D:$D,Datos!$B:$B,"192.168.50.11",Datos!$A:$A,$A9-1,Datos!$D:$D,">0",Datos!$G:$G,(HOUR(Tablero!$D$5)*60+MINUTE(Tablero!$D$5)))) | L9: =IF(COUNT(B9:K9)=0,"",IF(ISNUMBER(H9),0,N(B9))+IF(ISNUMBER(H9),0,N(C9))+IF(ISNUMBER(H9),0,N(D9))+IF(ISNUMBER(H9),0,N(E9))+IF(ISNUMBER(H9),0,N(F9))+IF(ISNUMBER(H9),0,N(G9))+N(H9)+N(I9)+N(J9)+N(K9)) | M9: =IF(OR(COUNTIFS(EMCALI!$A:$A,$A9-1)<24,COUNTIFS(EMCALI!$A:$A,$A9)<24),"",SUMIFS(EMCALI!$C:$C,EMCALI!$A:$A,$A9-1,EMCALI!$B:$B,">="&HOUR(Tablero!$D$5))+SUMIFS(EMCALI!$C:$C,EMCALI!$A:$A,$A9,EMCALI!$B:$B,"<"&HOUR(Tablero!$D$5))) -> 4307.76 | N9: =IF(OR(L9="",M9=""),"",M9-L9) | O9: =IF(OR(L9="",M9=""),"",IF(M9>0,(M9-L9)/M9,""))
A10: 46303 | B10: =IF(OR(COUNTIFS(Datos!$B:$B,"192.168.50.3",Datos!$A:$A,$A10,Datos!$D:$D,">0",Datos!$G:$G,(HOUR(Tablero!$D$5)*60+MINUTE(Tablero!$D$5)))=0,COUNTIFS(Datos!$B:$B,"192.168.50.3",Datos!$A:$A,$A10-1,Datos!$D:$D,">0",Datos!$G:$G,(HOUR(Tablero!$D$5)*60+MINUTE(Tablero!$D$5)))=0),"",SUMIFS(Datos!$D:$D,Datos!$B:$B,"192.168.50.3",Datos!$A:$A,$A10,Datos!$D:$D,">0",Datos!$G:$G,(HOUR(Tablero!$D$5)*60+MINUTE(Tablero!$D$5)))-SUMIFS(Datos!$D:$D,Datos!$B:$B,"192.168.50.3",Datos!$A:$A,$A10-1,Datos!$D:$D,">0",Datos!$G:$G,(HOUR(Tablero!$D$5)*60+MINUTE(Tablero!$D$5)))) -> 12.873 | C10: =IF(OR(COUNTIFS(Datos!$B:$B,"192.168.50.4",Datos!$A:$A,$A10,Datos!$D:$D,">0",Datos!$G:$G,(HOUR(Tablero!$D$5)*60+MINUTE(Tablero!$D$5)))=0,COUNTIFS(Datos!$B:$B,"192.168.50.4",Datos!$A:$A,$A10-1,Datos!$D:$D,">0",Datos!$G:$G,(HOUR(Tablero!$D$5)*60+MINUTE(Tablero!$D$5)))=0),"",SUMIFS(Datos!$D:$D,Datos!$B:$B,"192.168.50.4",Datos!$A:$A,$A10,Datos!$D:$D,">0",Datos!$G:$G,(HOUR(Tablero!$D$5)*60+MINUTE(Tablero!$D$5)))-SUMIFS(Datos!$D:$D,Datos!$B:$B,"192.168.50.4",Datos!$A:$A,$A10-1,Datos!$D:$D,">0",Datos!$G:$G,(HOUR(Tablero!$D$5)*60+MINUTE(Tablero!$D$5)))) -> 40.702 | D10: =IF(OR(COUNTIFS(Datos!$B:$B,"192.168.50.5",Datos!$A:$A,$A10,Datos!$D:$D,">0",Datos!$G:$G,(HOUR(Tablero!$D$5)*60+MINUTE(Tablero!$D$5)))=0,COUNTIFS(Datos!$B:$B,"192.168.50.5",Datos!$A:$A,$A10-1,Datos!$D:$D,">0",Datos!$G:$G,(HOUR(Tablero!$D$5)*60+MINUTE(Tablero!$D$5)))=0),"",SUMIFS(Datos!$D:$D,Datos!$B:$B,"192.168.50.5",Datos!$A:$A,$A10,Datos!$D:$D,">0",Datos!$G:$G,(HOUR(Tablero!$D$5)*60+MINUTE(Tablero!$D$5)))-SUMIFS(Datos!$D:$D,Datos!$B:$B,"192.168.50.5",Datos!$A:$A,$A10-1,Datos!$D:$D,">0",Datos!$G:$G,(HOUR(Tablero!$D$5)*60+MINUTE(Tablero!$D$5)))) -> 39.583 | E10: =IF(OR(COUNTIFS(Datos!$B:$B,"192.168.50.6",Datos!$A:$A,$A10,Datos!$D:$D,">0",Datos!$G:$G,(HOUR(Tablero!$D$5)*60+MINUTE(Tablero!$D$5)))=0,COUNTIFS(Datos!$B:$B,"192.168.50.6",Datos!$A:$A,$A10-1,Datos!$D:$D,">0",Datos!$G:$G,(HOUR(Tablero!$D$5)*60+MINUTE(Tablero!$D$5)))=0),"",SUMIFS(Datos!$D:$D,Datos!$B:$B,"192.168.50.6",Datos!$A:$A,$A10,Datos!$D:$D,">0",Datos!$G:$G,(HOUR(Tablero!$D$5)*60+MINUTE(Tablero!$D$5)))-SUMIFS(Datos!$D:$D,Datos!$B:$B,"192.168.50.6",Datos!$A:$A,$A10-1,Datos!$D:$D,">0",Datos!$G:$G,(HOUR(Tablero!$D$5)*60+MINUTE(Tablero!$D$5)))) -> 56.411 | F10: =IF(OR(COUNTIFS(Datos!$B:$B,"192.168.50.7",Datos!$A:$A,$A10,Datos!$D:$D,">0",Datos!$G:$G,(HOUR(Tablero!$D$5)*60+MINUTE(Tablero!$D$5)))=0,COUNTIFS(Datos!$B:$B,"192.168.50.7",Datos!$A:$A,$A10-1,Datos!$D:$D,">0",Datos!$G:$G,(HOUR(Tablero!$D$5)*60+MINUTE(Tablero!$D$5)))=0),"",SUMIFS(Datos!$D:$D,Datos!$B:$B,"192.168.50.7",Datos!$A:$A,$A10,Datos!$D:$D,">0",Datos!$G:$G,(HOUR(Tablero!$D$5)*60+MINUTE(Tablero!$D$5)))-SUMIFS(Datos!$D:$D,Datos!$B:$B,"192.168.50.7",Datos!$A:$A,$A10-1,Datos!$D:$D,">0",Datos!$G:$G,(HOUR(Tablero!$D$5)*60+MINUTE(Tablero!$D$5)))) -> 30.345 | G10: =IF(OR(COUNTIFS(Datos!$B:$B,"192.168.1.168",Datos!$A:$A,$A10,Datos!$D:$D,">0",Datos!$G:$G,(HOUR(Tablero!$D$5)*60+MINUTE(Tablero!$D$5)))=0,COUNTIFS(Datos!$B:$B,"192.168.1.168",Datos!$A:$A,$A10-1,Datos!$D:$D,">0",Datos!$G:$G,(HOUR(Tablero!$D$5)*60+MINUTE(Tablero!$D$5)))=0),"",SUMIFS(Datos!$D:$D,Datos!$B:$B,"192.168.1.168",Datos!$A:$A,$A10,Datos!$D:$D,">0",Datos!$G:$G,(HOUR(Tablero!$D$5)*60+MINUTE(Tablero!$D$5)))-SUMIFS(Datos!$D:$D,Datos!$B:$B,"192.168.1.168",Datos!$A:$A,$A10-1,Datos!$D:$D,">0",Datos!$G:$G,(HOUR(Tablero!$D$5)*60+MINUTE(Tablero!$D$5)))) -> 100.804 | H10: =IF(OR(COUNTIFS(Datos!$B:$B,"192.168.50.8",Datos!$A:$A,$A10,Datos!$D:$D,">0",Datos!$G:$G,(HOUR(Tablero!$D$5)*60+MINUTE(Tablero!$D$5)))=0,COUNTIFS(Datos!$B:$B,"192.168.50.8",Datos!$A:$A,$A10-1,Datos!$D:$D,">0",Datos!$G:$G,(HOUR(Tablero!$D$5)*60+MINUTE(Tablero!$D$5)))=0),"",SUMIFS(Datos!$D:$D,Datos!$B:$B,"192.168.50.8",Datos!$A:$A,$A10,Datos!$D:$D,">0",Datos!$G:$G,(HOUR(Tablero!$D$5)*60+MINUTE(Tablero!$D$5)))-SUMIFS(Datos!$D:$D,Datos!$B:$B,"192.168.50.8",Datos!$A:$A,$A10-1,Datos!$D:$D,">0",Datos!$G:$G,(HOUR(Tablero!$D$5)*60+MINUTE(Tablero!$D$5)))) | I10: =IF(OR(COUNTIFS(Datos!$B:$B,"192.168.50.9",Datos!$A:$A,$A10,Datos!$D:$D,">0",Datos!$G:$G,(HOUR(Tablero!$D$5)*60+MINUTE(Tablero!$D$5)))=0,COUNTIFS(Datos!$B:$B,"192.168.50.9",Datos!$A:$A,$A10-1,Datos!$D:$D,">0",Datos!$G:$G,(HOUR(Tablero!$D$5)*60+MINUTE(Tablero!$D$5)))=0),"",SUMIFS(Datos!$D:$D,Datos!$B:$B,"192.168.50.9",Datos!$A:$A,$A10,Datos!$D:$D,">0",Datos!$G:$G,(HOUR(Tablero!$D$5)*60+MINUTE(Tablero!$D$5)))-SUMIFS(Datos!$D:$D,Datos!$B:$B,"192.168.50.9",Datos!$A:$A,$A10-1,Datos!$D:$D,">0",Datos!$G:$G,(HOUR(Tablero!$D$5)*60+MINUTE(Tablero!$D$5)))) -> 975.406 | J10: =IF(OR(COUNTIFS(Datos!$B:$B,"192.168.50.10",Datos!$A:$A,$A10,Datos!$D:$D,">0",Datos!$G:$G,(HOUR(Tablero!$D$5)*60+MINUTE(Tablero!$D$5)))=0,COUNTIFS(Datos!$B:$B,"192.168.50.10",Datos!$A:$A,$A10-1,Datos!$D:$D,">0",Datos!$G:$G,(HOUR(Tablero!$D$5)*60+MINUTE(Tablero!$D$5)))=0),"",SUMIFS(Datos!$D:$D,Datos!$B:$B,"192.168.50.10",Datos!$A:$A,$A10,Datos!$D:$D,">0",Datos!$G:$G,(HOUR(Tablero!$D$5)*60+MINUTE(Tablero!$D$5)))-SUMIFS(Datos!$D:$D,Datos!$B:$B,"192.168.50.10",Datos!$A:$A,$A10-1,Datos!$D:$D,">0",Datos!$G:$G,(HOUR(Tablero!$D$5)*60+MINUTE(Tablero!$D$5)))) -> 1457.25 | K10: =IF(OR(COUNTIFS(Datos!$B:$B,"192.168.50.11",Datos!$A:$A,$A10,Datos!$D:$D,">0",Datos!$G:$G,(HOUR(Tablero!$D$5)*60+MINUTE(Tablero!$D$5)))=0,COUNTIFS(Datos!$B:$B,"192.168.50.11",Datos!$A:$A,$A10-1,Datos!$D:$D,">0",Datos!$G:$G,(HOUR(Tablero!$D$5)*60+MINUTE(Tablero!$D$5)))=0),"",SUMIFS(Datos!$D:$D,Datos!$B:$B,"192.168.50.11",Datos!$A:$A,$A10,Datos!$D:$D,">0",Datos!$G:$G,(HOUR(Tablero!$D$5)*60+MINUTE(Tablero!$D$5)))-SUMIFS(Datos!$D:$D,Datos!$B:$B,"192.168.50.11",Datos!$A:$A,$A10-1,Datos!$D:$D,">0",Datos!$G:$G,(HOUR(Tablero!$D$5)*60+MINUTE(Tablero!$D$5)))) -> 1298.344 | L10: =IF(COUNT(B10:K10)=0,"",IF(ISNUMBER(H10),0,N(B10))+IF(ISNUMBER(H10),0,N(C10))+IF(ISNUMBER(H10),0,N(D10))+IF(ISNUMBER(H10),0,N(E10))+IF(ISNUMBER(H10),0,N(F10))+IF(ISNUMBER(H10),0,N(G10))+N(H10)+N(I10)+N(J10)+N(K10)) -> 4011.718 | M10: =IF(OR(COUNTIFS(EMCALI!$A:$A,$A10-1)<24,COUNTIFS(EMCALI!$A:$A,$A10)<24),"",SUMIFS(EMCALI!$C:$C,EMCALI!$A:$A,$A10-1,EMCALI!$B:$B,">="&HOUR(Tablero!$D$5))+SUMIFS(EMCALI!$C:$C,EMCALI!$A:$A,$A10,EMCALI!$B:$B,"<"&HOUR(Tablero!$D$5))) -> 4322.52 | N10: =IF(OR(L10="",M10=""),"",M10-L10) -> 310.802 | O10: =IF(OR(L10="",M10=""),"",IF(M10>0,(M10-L10)/M10,"")) -> 0.071902964
A11: 46304 | B11: =IF(OR(COUNTIFS(Datos!$B:$B,"192.168.50.3",Datos!$A:$A,$A11,Datos!$D:$D,">0",Datos!$G:$G,(HOUR(Tablero!$D$5)*60+MINUTE(Tablero!$D$5)))=0,COUNTIFS(Datos!$B:$B,"192.168.50.3",Datos!$A:$A,$A11-1,Datos!$D:$D,">0",Datos!$G:$G,(HOUR(Tablero!$D$5)*60+MINUTE(Tablero!$D$5)))=0),"",SUMIFS(Datos!$D:$D,Datos!$B:$B,"192.168.50.3",Datos!$A:$A,$A11,Datos!$D:$D,">0",Datos!$G:$G,(HOUR(Tablero!$D$5)*60+MINUTE(Tablero!$D$5)))-SUMIFS(Datos!$D:$D,Datos!$B:$B,"192.168.50.3",Datos!$A:$A,$A11-1,Datos!$D:$D,">0",Datos!$G:$G,(HOUR(Tablero!$D$5)*60+MINUTE(Tablero!$D$5)))) -> 31.341 | C11: =IF(OR(COUNTIFS(Datos!$B:$B,"192.168.50.4",Datos!$A:$A,$A11,Datos!$D:$D,">0",Datos!$G:$G,(HOUR(Tablero!$D$5)*60+MINUTE(Tablero!$D$5)))=0,COUNTIFS(Datos!$B:$B,"192.168.50.4",Datos!$A:$A,$A11-1,Datos!$D:$D,">0",Datos!$G:$G,(HOUR(Tablero!$D$5)*60+MINUTE(Tablero!$D$5)))=0),"",SUMIFS(Datos!$D:$D,Datos!$B:$B,"192.168.50.4",Datos!$A:$A,$A11,Datos!$D:$D,">0",Datos!$G:$G,(HOUR(Tablero!$D$5)*60+MINUTE(Tablero!$D$5)))-SUMIFS(Datos!$D:$D,Datos!$B:$B,"192.168.50.4",Datos!$A:$A,$A11-1,Datos!$D:$D,">0",Datos!$G:$G,(HOUR(Tablero!$D$5)*60+MINUTE(Tablero!$D$5)))) -> 40.641 | D11: =IF(OR(COUNTIFS(Datos!$B:$B,"192.168.50.5",Datos!$A:$A,$A11,Datos!$D:$D,">0",Datos!$G:$G,(HOUR(Tablero!$D$5)*60+MINUTE(Tablero!$D$5)))=0,COUNTIFS(Datos!$B:$B,"192.168.50.5",Datos!$A:$A,$A11-1,Datos!$D:$D,">0",Datos!$G:$G,(HOUR(Tablero!$D$5)*60+MINUTE(Tablero!$D$5)))=0),"",SUMIFS(Datos!$D:$D,Datos!$B:$B,"192.168.50.5",Datos!$A:$A,$A11,Datos!$D:$D,">0",Datos!$G:$G,(HOUR(Tablero!$D$5)*60+MINUTE(Tablero!$D$5)))-SUMIFS(Datos!$D:$D,Datos!$B:$B,"192.168.50.5",Datos!$A:$A,$A11-1,Datos!$D:$D,">0",Datos!$G:$G,(HOUR(Tablero!$D$5)*60+MINUTE(Tablero!$D$5)))) -> 58.982 | E11: =IF(OR(COUNTIFS(Datos!$B:$B,"192.168.50.6",Datos!$A:$A,$A11,Datos!$D:$D,">0",Datos!$G:$G,(HOUR(Tablero!$D$5)*60+MINUTE(Tablero!$D$5)))=0,COUNTIFS(Datos!$B:$B,"192.168.50.6",Datos!$A:$A,$A11-1,Datos!$D:$D,">0",Datos!$G:$G,(HOUR(Tablero!$D$5)*60+MINUTE(Tablero!$D$5)))=0),"",SUMIFS(Datos!$D:$D,Datos!$B:$B,"192.168.50.6",Datos!$A:$A,$A11,Datos!$D:$D,">0",Datos!$G:$G,(HOUR(Tablero!$D$5)*60+MINUTE(Tablero!$D$5)))-SUMIFS(Datos!$D:$D,Datos!$B:$B,"192.168.50.6",Datos!$A:$A,$A11-1,Datos!$D:$D,">0",Datos!$G:$G,(HOUR(Tablero!$D$5)*60+MINUTE(Tablero!$D$5)))) -> 57.596 | F11: =IF(OR(COUNTIFS(Datos!$B:$B,"192.168.50.7",Datos!$A:$A,$A11,Datos!$D:$D,">0",Datos!$G:$G,(HOUR(Tablero!$D$5)*60+MINUTE(Tablero!$D$5)))=0,COUNTIFS(Datos!$B:$B,"192.168.50.7",Datos!$A:$A,$A11-1,Datos!$D:$D,">0",Datos!$G:$G,(HOUR(Tablero!$D$5)*60+MINUTE(Tablero!$D$5)))=0),"",SUMIFS(Datos!$D:$D,Datos!$B:$B,"192.168.50.7",Datos!$A:$A,$A11,Datos!$D:$D,">0",Datos!$G:$G,(HOUR(Tablero!$D$5)*60+MINUTE(Tablero!$D$5)))-SUMIFS(Datos!$D:$D,Datos!$B:$B,"192.168.50.7",Datos!$A:$A,$A11-1,Datos!$D:$D,">0",Datos!$G:$G,(HOUR(Tablero!$D$5)*60+MINUTE(Tablero!$D$5)))) -> 3.768 | G11: =IF(OR(COUNTIFS(Datos!$B:$B,"192.168.1.168",Datos!$A:$A,$A11,Datos!$D:$D,">0",Datos!$G:$G,(HOUR(Tablero!$D$5)*60+MINUTE(Tablero!$D$5)))=0,COUNTIFS(Datos!$B:$B,"192.168.1.168",Datos!$A:$A,$A11-1,Datos!$D:$D,">0",Datos!$G:$G,(HOUR(Tablero!$D$5)*60+MINUTE(Tablero!$D$5)))=0),"",SUMIFS(Datos!$D:$D,Datos!$B:$B,"192.168.1.168",Datos!$A:$A,$A11,Datos!$D:$D,">0",Datos!$G:$G,(HOUR(Tablero!$D$5)*60+MINUTE(Tablero!$D$5)))-SUMIFS(Datos!$D:$D,Datos!$B:$B,"192.168.1.168",Datos!$A:$A,$A11-1,Datos!$D:$D,">0",Datos!$G:$G,(HOUR(Tablero!$D$5)*60+MINUTE(Tablero!$D$5)))) -> 104.231 | H11: =IF(OR(COUNTIFS(Datos!$B:$B,"192.168.50.8",Datos!$A:$A,$A11,Datos!$D:$D,">0",Datos!$G:$G,(HOUR(Tablero!$D$5)*60+MINUTE(Tablero!$D$5)))=0,COUNTIFS(Datos!$B:$B,"192.168.50.8",Datos!$A:$A,$A11-1,Datos!$D:$D,">0",Datos!$G:$G,(HOUR(Tablero!$D$5)*60+MINUTE(Tablero!$D$5)))=0),"",SUMIFS(Datos!$D:$D,Datos!$B:$B,"192.168.50.8",Datos!$A:$A,$A11,Datos!$D:$D,">0",Datos!$G:$G,(HOUR(Tablero!$D$5)*60+MINUTE(Tablero!$D$5)))-SUMIFS(Datos!$D:$D,Datos!$B:$B,"192.168.50.8",Datos!$A:$A,$A11-1,Datos!$D:$D,">0",Datos!$G:$G,(HOUR(Tablero!$D$5)*60+MINUTE(Tablero!$D$5)))) -> 476.008 | I11: =IF(OR(COUNTIFS(Datos!$B:$B,"192.168.50.9",Datos!$A:$A,$A11,Datos!$D:$D,">0",Datos!$G:$G,(HOUR(Tablero!$D$5)*60+MINUTE(Tablero!$D$5)))=0,COUNTIFS(Datos!$B:$B,"192.168.50.9",Datos!$A:$A,$A11-1,Datos!$D:$D,">0",Datos!$G:$G,(HOUR(Tablero!$D$5)*60+MINUTE(Tablero!$D$5)))=0),"",SUMIFS(Datos!$D:$D,Datos!$B:$B,"192.168.50.9",Datos!$A:$A,$A11,Datos!$D:$D,">0",Datos!$G:$G,(HOUR(Tablero!$D$5)*60+MINUTE(Tablero!$D$5)))-SUMIFS(Datos!$D:$D,Datos!$B:$B,"192.168.50.9",Datos!$A:$A,$A11-1,Datos!$D:$D,">0",Datos!$G:$G,(HOUR(Tablero!$D$5)*60+MINUTE(Tablero!$D$5)))) -> 1117.938 | J11: =IF(OR(COUNTIFS(Datos!$B:$B,"192.168.50.10",Datos!$A:$A,$A11,Datos!$D:$D,">0",Datos!$G:$G,(HOUR(Tablero!$D$5)*60+MINUTE(Tablero!$D$5)))=0,COUNTIFS(Datos!$B:$B,"192.168.50.10",Datos!$A:$A,$A11-1,Datos!$D:$D,">0",Datos!$G:$G,(HOUR(Tablero!$D$5)*60+MINUTE(Tablero!$D$5)))=0),"",SUMIFS(Datos!$D:$D,Datos!$B:$B,"192.168.50.10",Datos!$A:$A,$A11,Datos!$D:$D,">0",Datos!$G:$G,(HOUR(Tablero!$D$5)*60+MINUTE(Tablero!$D$5)))-SUMIFS(Datos!$D:$D,Datos!$B:$B,"192.168.50.10",Datos!$A:$A,$A11-1,Datos!$D:$D,">0",Datos!$G:$G,(HOUR(Tablero!$D$5)*60+MINUTE(Tablero!$D$5)))) -> 1557.125 | K11: =IF(OR(COUNTIFS(Datos!$B:$B,"192.168.50.11",Datos!$A:$A,$A11,Datos!$D:$D,">0",Datos!$G:$G,(HOUR(Tablero!$D$5)*60+MINUTE(Tablero!$D$5)))=0,COUNTIFS(Datos!$B:$B,"192.168.50.11",Datos!$A:$A,$A11-1,Datos!$D:$D,">0",Datos!$G:$G,(HOUR(Tablero!$D$5)*60+MINUTE(Tablero!$D$5)))=0),"",SUMIFS(Datos!$D:$D,Datos!$B:$B,"192.168.50.11",Datos!$A:$A,$A11,Datos!$D:$D,">0",Datos!$G:$G,(HOUR(Tablero!$D$5)*60+MINUTE(Tablero!$D$5)))-SUMIFS(Datos!$D:$D,Datos!$B:$B,"192.168.50.11",Datos!$A:$A,$A11-1,Datos!$D:$D,">0",Datos!$G:$G,(HOUR(Tablero!$D$5)*60+MINUTE(Tablero!$D$5)))) -> 1362.937 | L11: =IF(COUNT(B11:K11)=0,"",IF(ISNUMBER(H11),0,N(B11))+IF(ISNUMBER(H11),0,N(C11))+IF(ISNUMBER(H11),0,N(D11))+IF(ISNUMBER(H11),0,N(E11))+IF(ISNUMBER(H11),0,N(F11))+IF(ISNUMBER(H11),0,N(G11))+N(H11)+N(I11)+N(J11)+N(K11)) -> 4514.008 | M11: =IF(OR(COUNTIFS(EMCALI!$A:$A,$A11-1)<24,COUNTIFS(EMCALI!$A:$A,$A11)<24),"",SUMIFS(EMCALI!$C:$C,EMCALI!$A:$A,$A11-1,EMCALI!$B:$B,">="&HOUR(Tablero!$D$5))+SUMIFS(EMCALI!$C:$C,EMCALI!$A:$A,$A11,EMCALI!$B:$B,"<"&HOUR(Tablero!$D$5))) -> 4647.24 | N11: =IF(OR(L11="",M11=""),"",M11-L11) -> 133.232 | O11: =IF(OR(L11="",M11=""),"",IF(M11>0,(M11-L11)/M11,"")) -> 0.028669059
A12: Diferencia = EMCALI − total de medidores (las líneas L no se suman aparte porque ya están dentro de Estación planta). EMCALI usa horas completas: con corte 11:00 toma de 11:00 a 11:00.

Sheet Turnos
A1: Consumo por turno (datos de EMCALI)
A2: Turnos de lunes a sábado. Producción en A y B; en C se hace mantenimiento y la mezcla del día siguiente. Cada hora de EMCALI se asigna al turno que la ocupa la mayor parte.
A4: Turno | B4: Actividad | C4: Horario | D4: Horas EMCALI | E4: kWh total | F4: Horas registradas | G4: kW medio | H4: kWh promedio por turno | I4: % del consumo | J4: kVARh inductiva | K4: kVARh / kWh | L4: Inductiva sobre 50 %
A5: A | B5: Producción | C5: 07:00 – 14:30 | D5: 07:00 – 14:00 | E5: =SUMIFS(EMCALI!$C:$C,EMCALI!$G:$G,"A") -> 109373.04 | F5: =COUNTIFS(EMCALI!$G:$G,"A",EMCALI!$C:$C,"<>") -> 518 | G5: =IF(F5=0,"",E5/F5) -> 211.14486 | H5: =IF(F5=0,"",G5*7) -> 1478.0141 | I5: =IF(SUM($E$5:$E$9)=0,"",E5/SUM($E$5:$E$9)) -> 0.37095832 | J5: =SUMIFS(EMCALI!$D:$D,EMCALI!$G:$G,"A") -> 10531.44 | K5: =IFERROR(J5/SUMIFS(EMCALI!$C:$C,EMCALI!$G:$G,"A",EMCALI!$D:$D,"<>"),"") -> 0.10137809 | L5: =SUMIFS(EMCALI!$H:$H,EMCALI!$G:$G,"A") -> 253.38
A6: B | B6: Producción | C6: 14:00 – 21:30 | D6: 14:00 – 21:00 | E6: =SUMIFS(EMCALI!$C:$C,EMCALI!$G:$G,"B") -> 95977.32 | F6: =COUNTIFS(EMCALI!$G:$G,"B",EMCALI!$C:$C,"<>") -> 512 | G6: =IF(F6=0,"",E6/F6) -> 187.4557 | H6: =IF(F6=0,"",G6*7) -> 1312.1899 | I6: =IF(SUM($E$5:$E$9)=0,"",E6/SUM($E$5:$E$9)) -> 0.32552433 | J6: =SUMIFS(EMCALI!$D:$D,EMCALI!$G:$G,"B") -> 10508.28 | K6: =IFERROR(J6/SUMIFS(EMCALI!$C:$C,EMCALI!$G:$G,"B",EMCALI!$D:$D,"<>"),"") -> 0.11528638 | L6: =SUMIFS(EMCALI!$H:$H,EMCALI!$G:$G,"B") -> 76.02
A7: C | B7: Mantenimiento y mezcla | C7: 23:40 – 07:10 | D7: 23:00 – 07:00 | E7: =SUMIFS(EMCALI!$C:$C,EMCALI!$G:$G,"C") -> 59521.32 | F7: =COUNTIFS(EMCALI!$G:$G,"C",EMCALI!$C:$C,"<>") -> 591 | G7: =IF(F7=0,"",E7/F7) -> 100.71289 | H7: =IF(F7=0,"",G7*8) -> 805.70315 | I7: =IF(SUM($E$5:$E$9)=0,"",E7/SUM($E$5:$E$9)) -> 0.20187725 | J7: =SUMIFS(EMCALI!$D:$D,EMCALI!$G:$G,"C") -> 9629.88 | K7: =IFERROR(J7/SUMIFS(EMCALI!$C:$C,EMCALI!$G:$G,"C",EMCALI!$D:$D,"<>"),"") -> 0.16866475 | L7: =SUMIFS(EMCALI!$H:$H,EMCALI!$G:$G,"C") -> 32.22
A8: Entre turnos | B8: Sin personal | C8: 21:30 – 23:40 | D8: 21:00 – 23:00 | E8: =SUMIFS(EMCALI!$C:$C,EMCALI!$G:$G,"Entre turnos") -> 17564.88 | F8: =COUNTIFS(EMCALI!$G:$G,"Entre turnos",EMCALI!$C:$C,"<>") -> 146 | G8: =IF(F8=0,"",E8/F8) -> 120.3074 | H8: =IF(F8=0,"",G8*2) -> 240.61479 | I8: =IF(SUM($E$5:$E$9)=0,"",E8/SUM($E$5:$E$9)) -> 0.059574447 | J8: =SUMIFS(EMCALI!$D:$D,EMCALI!$G:$G,"Entre turnos") -> 2688.72 | K8: =IFERROR(J8/SUMIFS(EMCALI!$C:$C,EMCALI!$G:$G,"Entre turnos",EMCALI!$D:$D,"<>"),"") -> 0.15894951 | L8: =SUMIFS(EMCALI!$H:$H,EMCALI!$G:$G,"Entre turnos") -> 3.66
A9: Sin turno | B9: Planta parada | C9: Domingo y noche del sábado | D9: — | E9: =SUMIFS(EMCALI!$C:$C,EMCALI!$G:$G,"Sin turno") -> 12402.6 | F9: =COUNTIFS(EMCALI!$G:$G,"Sin turno",EMCALI!$C:$C,"<>") -> 240 | G9: =IF(F9=0,"",E9/F9) -> 51.6775 | H9: =IF(F9=0,"",G9*24) -> 1240.26 | I9: =IF(SUM($E$5:$E$9)=0,"",E9/SUM($E$5:$E$9)) -> 0.042065647 | J9: =SUMIFS(EMCALI!$D:$D,EMCALI!$G:$G,"Sin turno") -> 4915.56 | K9: =IFERROR(J9/SUMIFS(EMCALI!$C:$C,EMCALI!$G:$G,"Sin turno",EMCALI!$D:$D,"<>"),"") -> 0.39633303 | L9: =SUMIFS(EMCALI!$H:$H,EMCALI!$G:$G,"Sin turno") -> 348.54
A10: Total | E10: =SUM(E5:E9) -> 294839.16 | F10: =SUM(F5:F9) -> 2007 | J10: =SUM(J5:J9) -> 38273.88 | L10: =SUM(L5:L9) -> 713.82
A11: kWh promedio por turno = kW medio × horas del turno. kVARh / kWh solo cuenta horas con dato de reactiva.
A13: kWh por día y turno (día calendario: el C de 00:00 a 07:00 y de 23:00 a 24:00)
A14: Fecha | B14: Día | C14: A | D14: B | E14: C | F14: Entre turnos | G14: Sin turno | H14: Total día
A15: 46216 | B15: lun | C15: =SUMIFS(EMCALI!$C:$C,EMCALI!$A:$A,$A15,EMCALI!$G:$G,"A") -> 204.24 | D15: =SUMIFS(EMCALI!$C:$C,EMCALI!$A:$A,$A15,EMCALI!$G:$G,"B") -> 379.2 | E15: =SUMIFS(EMCALI!$C:$C,EMCALI!$A:$A,$A15,EMCALI!$G:$G,"C") -> 650.4 | F15: =SUMIFS(EMCALI!$C:$C,EMCALI!$A:$A,$A15,EMCALI!$G:$G,"Entre turnos") -> 120.72 | G15: =SUMIFS(EMCALI!$C:$C,EMCALI!$A:$A,$A15,EMCALI!$G:$G,"Sin turno") -> 0 | H15: =SUM(C15:G15) -> 1354.56
A16: 46217 | B16: mar | C16: =SUMIFS(EMCALI!$C:$C,EMCALI!$A:$A,$A16,EMCALI!$G:$G,"A") -> 1302.12 | D16: =SUMIFS(EMCALI!$C:$C,EMCALI!$A:$A,$A16,EMCALI!$G:$G,"B") -> 1539.48 | E16: =SUMIFS(EMCALI!$C:$C,EMCALI!$A:$A,$A16,EMCALI!$G:$G,"C") -> 1292.88 | F16: =SUMIFS(EMCALI!$C:$C,EMCALI!$A:$A,$A16,EMCALI!$G:$G,"Entre turnos") -> 337.2 | G16: =SUMIFS(EMCALI!$C:$C,EMCALI!$A:$A,$A16,EMCALI!$G:$G,"Sin turno") -> 0 | H16: =SUM(C16:G16) -> 4471.68
A17: 46218 | B17: mié | C17: =SUMIFS(EMCALI!$C:$C,EMCALI!$A:$A,$A17,EMCALI!$G:$G,"A") -> 1144.2 | D17: =SUMIFS(EMCALI!$C:$C,EMCALI!$A:$A,$A17,EMCALI!$G:$G,"B") -> 1565.52 | E17: =SUMIFS(EMCALI!$C:$C,EMCALI!$A:$A,$A17,EMCALI!$G:$G,"C") -> 1183.32 | F17: =SUMIFS(EMCALI!$C:$C,EMCALI!$A:$A,$A17,EMCALI!$G:$G,"Entre turnos") -> 344.04 | G17: =SUMIFS(EMCALI!$C:$C,EMCALI!$A:$A,$A17,EMCALI!$G:$G,"Sin turno") -> 0 | H17: =SUM(C17:G17) -> 4237.08
A18: 46219 | B18: jue | C18: =SUMIFS(EMCALI!$C:$C,EMCALI!$A:$A,$A18,EMCALI!$G:$G,"A") -> 1250.76 | D18: =SUMIFS(EMCALI!$C:$C,EMCALI!$A:$A,$A18,EMCALI!$G:$G,"B") -> 1523.28 | E18: =SUMIFS(EMCALI!$C:$C,EMCALI!$A:$A,$A18,EMCALI!$G:$G,"C") -> 1224.12 | F18: =SUMIFS(EMCALI!$C:$C,EMCALI!$A:$A,$A18,EMCALI!$G:$G,"Entre turnos") -> 315.12 | G18: =SUMIFS(EMCALI!$C:$C,EMCALI!$A:$A,$A18,EMCALI!$G:$G,"Sin turno") -> 0 | H18: =SUM(C18:G18) -> 4313.28
A19: 46220 | B19: vie | C19: =SUMIFS(EMCALI!$C:$C,EMCALI!$A:$A,$A19,EMCALI!$G:$G,"A") -> 1248 | D19: =SUMIFS(EMCALI!$C:$C,EMCALI!$A:$A,$A19,EMCALI!$G:$G,"B") -> 1333.92 | E19: =SUMIFS(EMCALI!$C:$C,EMCALI!$A:$A,$A19,EMCALI!$G:$G,"C") -> 1129.32 | F19: =SUMIFS(EMCALI!$C:$C,EMCALI!$A:$A,$A19,EMCALI!$G:$G,"Entre turnos") -> 306 | G19: =SUMIFS(EMCALI!$C:$C,EMCALI!$A:$A,$A19,EMCALI!$G:$G,"Sin turno") -> 0 | H19: =SUM(C19:G19) -> 4017.24
A20: 46223 | B20: lun | C20: =SUMIFS(EMCALI!$C:$C,EMCALI!$A:$A,$A20,EMCALI!$G:$G,"A") -> 264.6 | D20: =SUMIFS(EMCALI!$C:$C,EMCALI!$A:$A,$A20,EMCALI!$G:$G,"B") -> 569.76 | E20: =SUMIFS(EMCALI!$C:$C,EMCALI!$A:$A,$A20,EMCALI!$G:$G,"C") -> 574.92 | F20: =SUMIFS(EMCALI!$C:$C,EMCALI!$A:$A,$A20,EMCALI!$G:$G,"Entre turnos") -> 161.28 | G20: =SUMIFS(EMCALI!$C:$C,EMCALI!$A:$A,$A20,EMCALI!$G:$G,"Sin turno") -> 0 | H20: =SUM(C20:G20) -> 1570.56
A21: 46224 | B21: mar | C21: =SUMIFS(EMCALI!$C:$C,EMCALI!$A:$A,$A21,EMCALI!$G:$G,"A") -> 1540.2 | D21: =SUMIFS(EMCALI!$C:$C,EMCALI!$A:$A,$A21,EMCALI!$G:$G,"B") -> 1366.2 | E21: =SUMIFS(EMCALI!$C:$C,EMCALI!$A:$A,$A21,EMCALI!$G:$G,"C") -> 1026 | F21: =SUMIFS(EMCALI!$C:$C,EMCALI!$A:$A,$A21,EMCALI!$G:$G,"Entre turnos") -> 245.64 | G21: =SUMIFS(EMCALI!$C:$C,EMCALI!$A:$A,$A21,EMCALI!$G:$G,"Sin turno") -> 0 | H21: =SUM(C21:G21) -> 4178.04
A22: 46225 | B22: mié | C22: =SUMIFS(EMCALI!$C:$C,EMCALI!$A:$A,$A22,EMCALI!$G:$G,"A") -> 1628.76 | D22: =SUMIFS(EMCALI!$C:$C,EMCALI!$A:$A,$A22,EMCALI!$G:$G,"B") -> 1365.24 | E22: =SUMIFS(EMCALI!$C:$C,EMCALI!$A:$A,$A22,EMCALI!$G:$G,"C") -> 1120.92 | F22: =SUMIFS(EMCALI!$C:$C,EMCALI!$A:$A,$A22,EMCALI!$G:$G,"Entre turnos") -> 241.56 | G22: =SUMIFS(EMCALI!$C:$C,EMCALI!$A:$A,$A22,EMCALI!$G:$G,"Sin turno") -> 0 | H22: =SUM(C22:G22) -> 4356.48
A23: 46226 | B23: jue | C23: =SUMIFS(EMCALI!$C:$C,EMCALI!$A:$A,$A23,EMCALI!$G:$G,"A") -> 1685.04 | D23: =SUMIFS(EMCALI!$C:$C,EMCALI!$A:$A,$A23,EMCALI!$G:$G,"B") -> 1442.04 | E23: =SUMIFS(EMCALI!$C:$C,EMCALI!$A:$A,$A23,EMCALI!$G:$G,"C") -> 1112.52 | F23: =SUMIFS(EMCALI!$C:$C,EMCALI!$A:$A,$A23,EMCALI!$G:$G,"Entre turnos") -> 230.52 | G23: =SUMIFS(EMCALI!$C:$C,EMCALI!$A:$A,$A23,EMCALI!$G:$G,"Sin turno") -> 0 | H23: =SUM(C23:G23) -> 4470.12
A24: 46227 | B24: vie | C24: =SUMIFS(EMCALI!$C:$C,EMCALI!$A:$A,$A24,EMCALI!$G:$G,"A") -> 1495.56 | D24: =SUMIFS(EMCALI!$C:$C,EMCALI!$A:$A,$A24,EMCALI!$G:$G,"B") -> 1267.68 | E24: =SUMIFS(EMCALI!$C:$C,EMCALI!$A:$A,$A24,EMCALI!$G:$G,"C") -> 1008.36 | F24: =SUMIFS(EMCALI!$C:$C,EMCALI!$A:$A,$A24,EMCALI!$G:$G,"Entre turnos") -> 193.2 | G24: =SUMIFS(EMCALI!$C:$C,EMCALI!$A:$A,$A24,EMCALI!$G:$G,"Sin turno") -> 0 | H24: =SUM(C24:G24) -> 3964.8
A25: 46230 | B25: lun | C25: =SUMIFS(EMCALI!$C:$C,EMCALI!$A:$A,$A25,EMCALI!$G:$G,"A") -> 1446.72 | D25: =SUMIFS(EMCALI!$C:$C,EMCALI!$A:$A,$A25,EMCALI!$G:$G,"B") -> 1367.88 | E25: =SUMIFS(EMCALI!$C:$C,EMCALI!$A:$A,$A25,EMCALI!$G:$G,"C") -> 965.52 | F25: =SUMIFS(EMCALI!$C:$C,EMCALI!$A:$A,$A25,EMCALI!$G:$G,"Entre turnos") -> 285.36 | G25: =SUMIFS(EMCALI!$C:$C,EMCALI!$A:$A,$A25,EMCALI!$G:$G,"Sin turno") -> 0 | H25: =SUM(C25:G25) -> 4065.48
A26: 46231 | B26: mar | C26: =SUMIFS(EMCALI!$C:$C,EMCALI!$A:$A,$A26,EMCALI!$G:$G,"A") -> 1326 | D26: =SUMIFS(EMCALI!$C:$C,EMCALI!$A:$A,$A26,EMCALI!$G:$G,"B") -> 1426.56 | E26: =SUMIFS(EMCALI!$C:$C,EMCALI!$A:$A,$A26,EMCALI!$G:$G,"C") -> 943.92 | F26: =SUMIFS(EMCALI!$C:$C,EMCALI!$A:$A,$A26,EMCALI!$G:$G,"Entre turnos") -> 270.72 | G26: =SUMIFS(EMCALI!$C:$C,EMCALI!$A:$A,$A26,EMCALI!$G:$G,"Sin turno") -> 0 | H26: =SUM(C26:G26) -> 3967.2
... A98: 46304 | B98: vie | C98: =SUMIFS(EMCALI!$C:$C,EMCALI!$A:$A,$A98,EMCALI!$G:$G,"A") -> 1981.8 | D98: =SUMIFS(EMCALI!$C:$C,EMCALI!$A:$A,$A98,EMCALI!$G:$G,"B") -> 1716.84 | E98: =SUMIFS(EMCALI!$C:$C,EMCALI!$A:$A,$A98,EMCALI!$G:$G,"C") -> 878.16 | F98: =SUMIFS(EMCALI!$C:$C,EMCALI!$A:$A,$A98,EMCALI!$G:$G,"Entre turnos") -> 217.56 | G98: =SUMIFS(EMCALI!$C:$C,EMCALI!$A:$A,$A98,EMCALI!$G:$G,"Sin turno") -> 0 | H98: =SUM(C98:G98) -> 4794.36

Sheet Producción
A1: Energía por tonelada producida (kWh/t)
A2: kWh de EMCALI (toda la planta) ÷ kg producidos. Solo se calcula en días con producción registrada y EMCALI completo. Turno A = 07–14 h, turno B = 14–21 h; por turno solo si produjo 5 t o más.
AA3: Kg producidos por línea y mes (2026)
A4: DÍAS CON DATO COMPLETO | C4: kWh/t PROMEDIO PLANTA | E4: kWh/t TURNO A | G4: kWh/t TURNO B | I4: MEJOR DÍA (kWh/t) | K4: PEOR DÍA (kWh/t) | AA4: Línea | AB4: ene | AC4: feb | AD4: mar | AE4: abr | AF4: may | AG4: jun | AH4: jul | AI4: ago
A5: =COUNT($G$13:$G$101) -> 14 | C5: =IFERROR(SUMIFS($F$13:$F$101,$G$13:$G$101,">0")/SUMIFS($E$13:$E$101,$G$13:$G$101,">0")*1000,"") -> 54.52301 | E5: =IFERROR(SUMIFS($H$13:$H$101,$I$13:$I$101,">0")/SUMIFS($C$13:$C$101,$I$13:$I$101,">0")*1000,"") -> 29.528938 | G5: =IFERROR(SUMIFS($J$13:$J$101,$K$13:$K$101,">0")/SUMIFS($D$13:$D$101,$K$13:$K$101,">0")*1000,"") -> 46.195241 | I5: =IF(COUNT($G$13:$G$101)=0,"",MIN($G$13:$G$101)) -> 38.464825 | K5: =IF(COUNT($G$13:$G$101)=0,"",MAX($G$13:$G$101)) -> 110.04374 | AA5: L2 | AB5: =SUMIFS(DatosProd!$D:$D,DatosProd!$B:$B,"L2",DatosProd!$E:$E,1) -> 779.317 | AC5: =SUMIFS(DatosProd!$D:$D,DatosProd!$B:$B,"L2",DatosProd!$E:$E,2) -> 0 | AD5: =SUMIFS(DatosProd!$D:$D,DatosProd!$B:$B,"L2",DatosProd!$E:$E,3) -> 0 | AE5: =SUMIFS(DatosProd!$D:$D,DatosProd!$B:$B,"L2",DatosProd!$E:$E,4) -> 0 | AF5: =SUMIFS(DatosProd!$D:$D,DatosProd!$B:$B,"L2",DatosProd!$E:$E,5) -> 0 | AG5: =SUMIFS(DatosProd!$D:$D,DatosProd!$B:$B,"L2",DatosProd!$E:$E,6) -> 0 | AH5: =SUMIFS(DatosProd!$D:$D,DatosProd!$B:$B,"L2",DatosProd!$E:$E,7) -> 0 | AI5: =SUMIFS(DatosProd!$D:$D,DatosProd!$B:$B,"L2",DatosProd!$E:$E,8) -> 0
AA6: L3 | AB6: =SUMIFS(DatosProd!$D:$D,DatosProd!$B:$B,"L3",DatosProd!$E:$E,1) -> 78912.475 | AC6: =SUMIFS(DatosProd!$D:$D,DatosProd!$B:$B,"L3",DatosProd!$E:$E,2) -> 17630.237 | AD6: =SUMIFS(DatosProd!$D:$D,DatosProd!$B:$B,"L3",DatosProd!$E:$E,3) -> 47664.98 | AE6: =SUMIFS(DatosProd!$D:$D,DatosProd!$B:$B,"L3",DatosProd!$E:$E,4) -> 37243.77 | AF6: =SUMIFS(DatosProd!$D:$D,DatosProd!$B:$B,"L3",DatosProd!$E:$E,5) -> 12414.869 | AG6: =SUMIFS(DatosProd!$D:$D,DatosProd!$B:$B,"L3",DatosProd!$E:$E,6) -> 63339.468 | AH6: =SUMIFS(DatosProd!$D:$D,DatosProd!$B:$B,"L3",DatosProd!$E:$E,7) -> 44444.519 | AI6: =SUMIFS(DatosProd!$D:$D,DatosProd!$B:$B,"L3",DatosProd!$E:$E,8) -> 4623.645
AA7: L7 | AB7: =SUMIFS(DatosProd!$D:$D,DatosProd!$B:$B,"L7",DatosProd!$E:$E,1) -> 0 | AC7: =SUMIFS(DatosProd!$D:$D,DatosProd!$B:$B,"L7",DatosProd!$E:$E,2) -> 0 | AD7: =SUMIFS(DatosProd!$D:$D,DatosProd!$B:$B,"L7",DatosProd!$E:$E,3) -> 0 | AE7: =SUMIFS(DatosProd!$D:$D,DatosProd!$B:$B,"L7",DatosProd!$E:$E,4) -> 0 | AF7: =SUMIFS(DatosProd!$D:$D,DatosProd!$B:$B,"L7",DatosProd!$E:$E,5) -> 0 | AG7: =SUMIFS(DatosProd!$D:$D,DatosProd!$B:$B,"L7",DatosProd!$E:$E,6) -> 2309.562 | AH7: =SUMIFS(DatosProd!$D:$D,DatosProd!$B:$B,"L7",DatosProd!$E:$E,7) -> 2280.589 | AI7: =SUMIFS(DatosProd!$D:$D,DatosProd!$B:$B,"L7",DatosProd!$E:$E,8) -> 0
AA8: L10 | AB8: =SUMIFS(DatosProd!$D:$D,DatosProd!$B:$B,"L10",DatosProd!$E:$E,1) -> 194066.59 | AC8: =SUMIFS(DatosProd!$D:$D,DatosProd!$B:$B,"L10",DatosProd!$E:$E,2) -> 519604.58 | AD8: =SUMIFS(DatosProd!$D:$D,DatosProd!$B:$B,"L10",DatosProd!$E:$E,3) -> 328876.5 | AE8: =SUMIFS(DatosProd!$D:$D,DatosProd!$B:$B,"L10",DatosProd!$E:$E,4) -> 405056.93 | AF8: =SUMIFS(DatosProd!$D:$D,DatosProd!$B:$B,"L10",DatosProd!$E:$E,5) -> 351969.46 | AG8: =SUMIFS(DatosProd!$D:$D,DatosProd!$B:$B,"L10",DatosProd!$E:$E,6) -> 513469.08 | AH8: =SUMIFS(DatosProd!$D:$D,DatosProd!$B:$B,"L10",DatosProd!$E:$E,7) -> 417159.92 | AI8: =SUMIFS(DatosProd!$D:$D,DatosProd!$B:$B,"L10",DatosProd!$E:$E,8) -> 52123.755
AA9: L11 | AB9: =SUMIFS(DatosProd!$D:$D,DatosProd!$B:$B,"L11",DatosProd!$E:$E,1) -> 29663.311 | AC9: =SUMIFS(DatosProd!$D:$D,DatosProd!$B:$B,"L11",DatosProd!$E:$E,2) -> 24681.934 | AD9: =SUMIFS(DatosProd!$D:$D,DatosProd!$B:$B,"L11",DatosProd!$E:$E,3) -> 56501.199 | AE9: =SUMIFS(DatosProd!$D:$D,DatosProd!$B:$B,"L11",DatosProd!$E:$E,4) -> 26614.65 | AF9: =SUMIFS(DatosProd!$D:$D,DatosProd!$B:$B,"L11",DatosProd!$E:$E,5) -> 37027.241 | AG9: =SUMIFS(DatosProd!$D:$D,DatosProd!$B:$B,"L11",DatosProd!$E:$E,6) -> 58416.029 | AH9: =SUMIFS(DatosProd!$D:$D,DatosProd!$B:$B,"L11",DatosProd!$E:$E,7) -> 53866.786 | AI9: =SUMIFS(DatosProd!$D:$D,DatosProd!$B:$B,"L11",DatosProd!$E:$E,8) -> 0
AA10: L14 | AB10: =SUMIFS(DatosProd!$D:$D,DatosProd!$B:$B,"L14",DatosProd!$E:$E,1) -> 247101.12 | AC10: =SUMIFS(DatosProd!$D:$D,DatosProd!$B:$B,"L14",DatosProd!$E:$E,2) -> 289009.6 | AD10: =SUMIFS(DatosProd!$D:$D,DatosProd!$B:$B,"L14",DatosProd!$E:$E,3) -> 303212.32 | AE10: =SUMIFS(DatosProd!$D:$D,DatosProd!$B:$B,"L14",DatosProd!$E:$E,4) -> 403480.55 | AF10: =SUMIFS(DatosProd!$D:$D,DatosProd!$B:$B,"L14",DatosProd!$E:$E,5) -> 272391.66 | AG10: =SUMIFS(DatosProd!$D:$D,DatosProd!$B:$B,"L14",DatosProd!$E:$E,6) -> 262044.58 | AH10: =SUMIFS(DatosProd!$D:$D,DatosProd!$B:$B,"L14",DatosProd!$E:$E,7) -> 285780.56 | AI10: =SUMIFS(DatosProd!$D:$D,DatosProd!$B:$B,"L14",DatosProd!$E:$E,8) -> 0
A11: Detalle diario | AA11: L16 | AB11: =SUMIFS(DatosProd!$D:$D,DatosProd!$B:$B,"L16",DatosProd!$E:$E,1) -> 11470.9 | AC11: =SUMIFS(DatosProd!$D:$D,DatosProd!$B:$B,"L16",DatosProd!$E:$E,2) -> 26352.2 | AD11: =SUMIFS(DatosProd!$D:$D,DatosProd!$B:$B,"L16",DatosProd!$E:$E,3) -> 26068 | AE11: =SUMIFS(DatosProd!$D:$D,DatosProd!$B:$B,"L16",DatosProd!$E:$E,4) -> 15724.1 | AF11: =SUMIFS(DatosProd!$D:$D,DatosProd!$B:$B,"L16",DatosProd!$E:$E,5) -> 36607.9 | AG11: =SUMIFS(DatosProd!$D:$D,DatosProd!$B:$B,"L16",DatosProd!$E:$E,6) -> 37068.5 | AH11: =SUMIFS(DatosProd!$D:$D,DatosProd!$B:$B,"L16",DatosProd!$E:$E,7) -> 42061.6 | AI11: =SUMIFS(DatosProd!$D:$D,DatosProd!$B:$B,"L16",DatosProd!$E:$E,8) -> 2288.3
A12: Fecha | B12: Día | C12: kg turno A | D12: kg turno B | E12: kg total | F12: kWh día (EMCALI) | G12: kWh/t día | H12: kWh turno A | I12: kWh/t A | J12: kWh turno B | K12: kWh/t B | L12: Nota | AA12: L18 | AB12: =SUMIFS(DatosProd!$D:$D,DatosProd!$B:$B,"L18",DatosProd!$E:$E,1) -> 74689.828 | AC12: =SUMIFS(DatosProd!$D:$D,DatosProd!$B:$B,"L18",DatosProd!$E:$E,2) -> 114658.38 | AD12: =SUMIFS(DatosProd!$D:$D,DatosProd!$B:$B,"L18",DatosProd!$E:$E,3) -> 79124.131 | AE12: =SUMIFS(DatosProd!$D:$D,DatosProd!$B:$B,"L18",DatosProd!$E:$E,4) -> 109314.4 | AF12: =SUMIFS(DatosProd!$D:$D,DatosProd!$B:$B,"L18",DatosProd!$E:$E,5) -> 78000.391 | AG12: =SUMIFS(DatosProd!$D:$D,DatosProd!$B:$B,"L18",DatosProd!$E:$E,6) -> 116182.58 | AH12: =SUMIFS(DatosProd!$D:$D,DatosProd!$B:$B,"L18",DatosProd!$E:$E,7) -> 94989.689 | AI12: =SUMIFS(DatosProd!$D:$D,DatosProd!$B:$B,"L18",DatosProd!$E:$E,8) -> 4229.16
A13: 46216 | B13: lun | C13: =SUMIFS(DatosProd!$D:$D,DatosProd!$A:$A,$A13,DatosProd!$C:$C,1) -> 0 | D13: =SUMIFS(DatosProd!$D:$D,DatosProd!$A:$A,$A13,DatosProd!$C:$C,2) -> 0 | E13: =SUMIFS(DatosProd!$D:$D,DatosProd!$A:$A,$A13) -> 0 | F13: =IF(COUNTIFS(EMCALI!$A:$A,$A13,EMCALI!$C:$C,"<>")<24,"",SUMIFS(EMCALI!$C:$C,EMCALI!$A:$A,$A13)) -> 1354.56 | G13: =IF(OR(F13="",E13=0),"",F13/E13*1000) | H13: =IF(COUNTIFS(EMCALI!$A:$A,$A13,EMCALI!$G:$G,"A",EMCALI!$C:$C,"<>")<7,"",SUMIFS(EMCALI!$C:$C,EMCALI!$A:$A,$A13,EMCALI!$G:$G,"A")) -> 204.24 | I13: =IF(OR(H13="",C13<5000),"",H13/C13*1000) | J13: =IF(COUNTIFS(EMCALI!$A:$A,$A13,EMCALI!$G:$G,"B",EMCALI!$C:$C,"<>")<7,"",SUMIFS(EMCALI!$C:$C,EMCALI!$A:$A,$A13,EMCALI!$G:$G,"B")) -> 379.2 | K13: =IF(OR(J13="",D13<5000),"",J13/D13*1000) | L13: =IF(AND(E13=0,F13=""),"Sin datos",IF(E13=0,"Sin producción registrada",IF(F13="","EMCALI incompleto",""))) -> Sin producción registrada | AA13: L19 | AB13: =SUMIFS(DatosProd!$D:$D,DatosProd!$B:$B,"L19",DatosProd!$E:$E,1) -> 342434.93 | AC13: =SUMIFS(DatosProd!$D:$D,DatosProd!$B:$B,"L19",DatosProd!$E:$E,2) -> 457444.37 | AD13: =SUMIFS(DatosProd!$D:$D,DatosProd!$B:$B,"L19",DatosProd!$E:$E,3) -> 363537.29 | AE13: =SUMIFS(DatosProd!$D:$D,DatosProd!$B:$B,"L19",DatosProd!$E:$E,4) -> 506482.63 | AF13: =SUMIFS(DatosProd!$D:$D,DatosProd!$B:$B,"L19",DatosProd!$E:$E,5) -> 293738.09 | AG13: =SUMIFS(DatosProd!$D:$D,DatosProd!$B:$B,"L19",DatosProd!$E:$E,6) -> 312043.41 | AH13: =SUMIFS(DatosProd!$D:$D,DatosProd!$B:$B,"L19",DatosProd!$E:$E,7) -> 426187.37 | AI13: =SUMIFS(DatosProd!$D:$D,DatosProd!$B:$B,"L19",DatosProd!$E:$E,8) -> 27546.75
A14: 46217 | B14: mar | C14: =SUMIFS(DatosProd!$D:$D,DatosProd!$A:$A,$A14,DatosProd!$C:$C,1) -> 37462.894 | D14: =SUMIFS(DatosProd!$D:$D,DatosProd!$A:$A,$A14,DatosProd!$C:$C,2) -> 33188.065 | E14: =SUMIFS(DatosProd!$D:$D,DatosProd!$A:$A,$A14) -> 70650.959 | F14: =IF(COUNTIFS(EMCALI!$A:$A,$A14,EMCALI!$C:$C,"<>")<24,"",SUMIFS(EMCALI!$C:$C,EMCALI!$A:$A,$A14)) -> 4471.68 | G14: =IF(OR(F14="",E14=0),"",F14/E14*1000) -> 63.292559 | H14: =IF(COUNTIFS(EMCALI!$A:$A,$A14,EMCALI!$G:$G,"A",EMCALI!$C:$C,"<>")<7,"",SUMIFS(EMCALI!$C:$C,EMCALI!$A:$A,$A14,EMCALI!$G:$G,"A")) -> 1302.12 | I14: =IF(OR(H14="",C14<5000),"",H14/C14*1000) -> 34.757592 | J14: =IF(COUNTIFS(EMCALI!$A:$A,$A14,EMCALI!$G:$G,"B",EMCALI!$C:$C,"<>")<7,"",SUMIFS(EMCALI!$C:$C,EMCALI!$A:$A,$A14,EMCALI!$G:$G,"B")) -> 1539.48 | K14: =IF(OR(J14="",D14<5000),"",J14/D14*1000) -> 46.386555 | L14: =IF(AND(E14=0,F14=""),"Sin datos",IF(E14=0,"Sin producción registrada",IF(F14="","EMCALI incompleto",""))) | AA14: L20 | AB14: =SUMIFS(DatosProd!$D:$D,DatosProd!$B:$B,"L20",DatosProd!$E:$E,1) -> 153633.35 | AC14: =SUMIFS(DatosProd!$D:$D,DatosProd!$B:$B,"L20",DatosProd!$E:$E,2) -> 144833.63 | AD14: =SUMIFS(DatosProd!$D:$D,DatosProd!$B:$B,"L20",DatosProd!$E:$E,3) -> 152723.02 | AE14: =SUMIFS(DatosProd!$D:$D,DatosProd!$B:$B,"L20",DatosProd!$E:$E,4) -> 180039.81 | AF14: =SUMIFS(DatosProd!$D:$D,DatosProd!$B:$B,"L20",DatosProd!$E:$E,5) -> 141877.49 | AG14: =SUMIFS(DatosProd!$D:$D,DatosProd!$B:$B,"L20",DatosProd!$E:$E,6) -> 140084.58 | AH14: =SUMIFS(DatosProd!$D:$D,DatosProd!$B:$B,"L20",DatosProd!$E:$E,7) -> 172887.47 | AI14: =SUMIFS(DatosProd!$D:$D,DatosProd!$B:$B,"L20",DatosProd!$E:$E,8) -> 5872.141
A15: 46218 | B15: mié | C15: =SUMIFS(DatosProd!$D:$D,DatosProd!$A:$A,$A15,DatosProd!$C:$C,1) -> 35311.316 | D15: =SUMIFS(DatosProd!$D:$D,DatosProd!$A:$A,$A15,DatosProd!$C:$C,2) -> 38621.217 | E15: =SUMIFS(DatosProd!$D:$D,DatosProd!$A:$A,$A15) -> 73932.533 | F15: =IF(COUNTIFS(EMCALI!$A:$A,$A15,EMCALI!$C:$C,"<>")<24,"",SUMIFS(EMCALI!$C:$C,EMCALI!$A:$A,$A15)) -> 4237.08 | G15: =IF(OR(F15="",E15=0),"",F15/E15*1000) -> 57.310088 | H15: =IF(COUNTIFS(EMCALI!$A:$A,$A15,EMCALI!$G:$G,"A",EMCALI!$C:$C,"<>")<7,"",SUMIFS(EMCALI!$C:$C,EMCALI!$A:$A,$A15,EMCALI!$G:$G,"A")) -> 1144.2 | I15: =IF(OR(H15="",C15<5000),"",H15/C15*1000) -> 32.40321 | J15: =IF(COUNTIFS(EMCALI!$A:$A,$A15,EMCALI!$G:$G,"B",EMCALI!$C:$C,"<>")<7,"",SUMIFS(EMCALI!$C:$C,EMCALI!$A:$A,$A15,EMCALI!$G:$G,"B")) -> 1565.52 | K15: =IF(OR(J15="",D15<5000),"",J15/D15*1000) -> 40.535232 | L15: =IF(AND(E15=0,F15=""),"Sin datos",IF(E15=0,"Sin producción registrada",IF(F15="","EMCALI incompleto",""))) | AA15: L22 | AB15: =SUMIFS(DatosProd!$D:$D,DatosProd!$B:$B,"L22",DatosProd!$E:$E,1) -> 361957.81 | AC15: =SUMIFS(DatosProd!$D:$D,DatosProd!$B:$B,"L22",DatosProd!$E:$E,2) -> 378334.8 | AD15: =SUMIFS(DatosProd!$D:$D,DatosProd!$B:$B,"L22",DatosProd!$E:$E,3) -> 318054.12 | AE15: =SUMIFS(DatosProd!$D:$D,DatosProd!$B:$B,"L22",DatosProd!$E:$E,4) -> 351427.17 | AF15: =SUMIFS(DatosProd!$D:$D,DatosProd!$B:$B,"L22",DatosProd!$E:$E,5) -> 306994.16 | AG15: =SUMIFS(DatosProd!$D:$D,DatosProd!$B:$B,"L22",DatosProd!$E:$E,6) -> 245763.55 | AH15: =SUMIFS(DatosProd!$D:$D,DatosProd!$B:$B,"L22",DatosProd!$E:$E,7) -> 334996.55 | AI15: =SUMIFS(DatosProd!$D:$D,DatosProd!$B:$B,"L22",DatosProd!$E:$E,8) -> 35311.141
A16: 46219 | B16: jue | C16: =SUMIFS(DatosProd!$D:$D,DatosProd!$A:$A,$A16,DatosProd!$C:$C,1) -> 43827.215 | D16: =SUMIFS(DatosProd!$D:$D,DatosProd!$A:$A,$A16,DatosProd!$C:$C,2) -> 57182.746 | E16: =SUMIFS(DatosProd!$D:$D,DatosProd!$A:$A,$A16) -> 101009.96 | F16: =IF(COUNTIFS(EMCALI!$A:$A,$A16,EMCALI!$C:$C,"<>")<24,"",SUMIFS(EMCALI!$C:$C,EMCALI!$A:$A,$A16)) -> 4313.28 | G16: =IF(OR(F16="",E16=0),"",F16/E16*1000) -> 42.701531 | H16: =IF(COUNTIFS(EMCALI!$A:$A,$A16,EMCALI!$G:$G,"A",EMCALI!$C:$C,"<>")<7,"",SUMIFS(EMCALI!$C:$C,EMCALI!$A:$A,$A16,EMCALI!$G:$G,"A")) -> 1250.76 | I16: =IF(OR(H16="",C16<5000),"",H16/C16*1000) -> 28.538432 | J16: =IF(COUNTIFS(EMCALI!$A:$A,$A16,EMCALI!$G:$G,"B",EMCALI!$C:$C,"<>")<7,"",SUMIFS(EMCALI!$C:$C,EMCALI!$A:$A,$A16,EMCALI!$G:$G,"B")) -> 1523.28 | K16: =IF(OR(J16="",D16<5000),"",J16/D16*1000) -> 26.638805 | L16: =IF(AND(E16=0,F16=""),"Sin datos",IF(E16=0,"Sin producción registrada",IF(F16="","EMCALI incompleto",""))) | AA16: Total | AB16: =SUMIFS(DatosProd!$D:$D,DatosProd!$E:$E,1) -> 1494709.6 | AC16: =SUMIFS(DatosProd!$D:$D,DatosProd!$E:$E,2) -> 1972549.7 | AD16: =SUMIFS(DatosProd!$D:$D,DatosProd!$E:$E,3) -> 1675761.6 | AE16: =SUMIFS(DatosProd!$D:$D,DatosProd!$E:$E,4) -> 2035384 | AF16: =SUMIFS(DatosProd!$D:$D,DatosProd!$E:$E,5) -> 1531021.3 | AG16: =SUMIFS(DatosProd!$D:$D,DatosProd!$E:$E,6) -> 1750721.3 | AH16: =SUMIFS(DatosProd!$D:$D,DatosProd!$E:$E,7) -> 1874655.1 | AI16: =SUMIFS(DatosProd!$D:$D,DatosProd!$E:$E,8) -> 131994.89
A17: 46220 | B17: vie | C17: =SUMIFS(DatosProd!$D:$D,DatosProd!$A:$A,$A17,DatosProd!$C:$C,1) -> 38690.939 | D17: =SUMIFS(DatosProd!$D:$D,DatosProd!$A:$A,$A17,DatosProd!$C:$C,2) -> 32175.127 | E17: =SUMIFS(DatosProd!$D:$D,DatosProd!$A:$A,$A17) -> 70866.066 | F17: =IF(COUNTIFS(EMCALI!$A:$A,$A17,EMCALI!$C:$C,"<>")<24,"",SUMIFS(EMCALI!$C:$C,EMCALI!$A:$A,$A17)) -> 4017.24 | G17: =IF(OR(F17="",E17=0),"",F17/E17*1000) -> 56.687781 | H17: =IF(COUNTIFS(EMCALI!$A:$A,$A17,EMCALI!$G:$G,"A",EMCALI!$C:$C,"<>")<7,"",SUMIFS(EMCALI!$C:$C,EMCALI!$A:$A,$A17,EMCALI!$G:$G,"A")) -> 1248 | I17: =IF(OR(H17="",C17<5000),"",H17/C17*1000) -> 32.255614 | J17: =IF(COUNTIFS(EMCALI!$A:$A,$A17,EMCALI!$G:$G,"B",EMCALI!$C:$C,"<>")<7,"",SUMIFS(EMCALI!$C:$C,EMCALI!$A:$A,$A17,EMCALI!$G:$G,"B")) -> 1333.92 | K17: =IF(OR(J17="",D17<5000),"",J17/D17*1000) -> 41.458111 | L17: =IF(AND(E17=0,F17=""),"Sin datos",IF(E17=0,"Sin producción registrada",IF(F17="","EMCALI incompleto","")))
A18: 46221 | B18: sáb | C18: =SUMIFS(DatosProd!$D:$D,DatosProd!$A:$A,$A18,DatosProd!$C:$C,1) -> 37917.411 | D18: =SUMIFS(DatosProd!$D:$D,DatosProd!$A:$A,$A18,DatosProd!$C:$C,2) -> 53778.567 | E18: =SUMIFS(DatosProd!$D:$D,DatosProd!$A:$A,$A18) -> 91695.978 | F18: =IF(COUNTIFS(EMCALI!$A:$A,$A18,EMCALI!$C:$C,"<>")<24,"",SUMIFS(EMCALI!$C:$C,EMCALI!$A:$A,$A18)) | G18: =IF(OR(F18="",E18=0),"",F18/E18*1000) | H18: =IF(COUNTIFS(EMCALI!$A:$A,$A18,EMCALI!$G:$G,"A",EMCALI!$C:$C,"<>")<7,"",SUMIFS(EMCALI!$C:$C,EMCALI!$A:$A,$A18,EMCALI!$G:$G,"A")) | I18: =IF(OR(H18="",C18<5000),"",H18/C18*1000) | J18: =IF(COUNTIFS(EMCALI!$A:$A,$A18,EMCALI!$G:$G,"B",EMCALI!$C:$C,"<>")<7,"",SUMIFS(EMCALI!$C:$C,EMCALI!$A:$A,$A18,EMCALI!$G:$G,"B")) | K18: =IF(OR(J18="",D18<5000),"",J18/D18*1000) | L18: =IF(AND(E18=0,F18=""),"Sin datos",IF(E18=0,"Sin producción registrada",IF(F18="","EMCALI incompleto",""))) -> EMCALI incompleto
A19: 46222 | B19: dom | C19: =SUMIFS(DatosProd!$D:$D,DatosProd!$A:$A,$A19,DatosProd!$C:$C,1) -> 0 | D19: =SUMIFS(DatosProd!$D:$D,DatosProd!$A:$A,$A19,DatosProd!$C:$C,2) -> 0 | E19: =SUMIFS(DatosProd!$D:$D,DatosProd!$A:$A,$A19) -> 0 | F19: =IF(COUNTIFS(EMCALI!$A:$A,$A19,EMCALI!$C:$C,"<>")<24,"",SUMIFS(EMCALI!$C:$C,EMCALI!$A:$A,$A19)) | G19: =IF(OR(F19="",E19=0),"",F19/E19*1000) | H19: =IF(COUNTIFS(EMCALI!$A:$A,$A19,EMCALI!$G:$G,"A",EMCALI!$C:$C,"<>")<7,"",SUMIFS(EMCALI!$C:$C,EMCALI!$A:$A,$A19,EMCALI!$G:$G,"A")) | I19: =IF(OR(H19="",C19<5000),"",H19/C19*1000) | J19: =IF(COUNTIFS(EMCALI!$A:$A,$A19,EMCALI!$G:$G,"B",EMCALI!$C:$C,"<>")<7,"",SUMIFS(EMCALI!$C:$C,EMCALI!$A:$A,$A19,EMCALI!$G:$G,"B")) | K19: =IF(OR(J19="",D19<5000),"",J19/D19*1000) | L19: =IF(AND(E19=0,F19=""),"Sin datos",IF(E19=0,"Sin producción registrada",IF(F19="","EMCALI incompleto",""))) -> Sin datos
A20: 46223 | B20: lun | C20: =SUMIFS(DatosProd!$D:$D,DatosProd!$A:$A,$A20,DatosProd!$C:$C,1) -> 0 | D20: =SUMIFS(DatosProd!$D:$D,DatosProd!$A:$A,$A20,DatosProd!$C:$C,2) -> 0 | E20: =SUMIFS(DatosProd!$D:$D,DatosProd!$A:$A,$A20) -> 0 | F20: =IF(COUNTIFS(EMCALI!$A:$A,$A20,EMCALI!$C:$C,"<>")<24,"",SUMIFS(EMCALI!$C:$C,EMCALI!$A:$A,$A20)) -> 1570.56 | G20: =IF(OR(F20="",E20=0),"",F20/E20*1000) | H20: =IF(COUNTIFS(EMCALI!$A:$A,$A20,EMCALI!$G:$G,"A",EMCALI!$C:$C,"<>")<7,"",SUMIFS(EMCALI!$C:$C,EMCALI!$A:$A,$A20,EMCALI!$G:$G,"A")) -> 264.6 | I20: =IF(OR(H20="",C20<5000),"",H20/C20*1000) | J20: =IF(COUNTIFS(EMCALI!$A:$A,$A20,EMCALI!$G:$G,"B",EMCALI!$C:$C,"<>")<7,"",SUMIFS(EMCALI!$C:$C,EMCALI!$A:$A,$A20,EMCALI!$G:$G,"B")) -> 569.76 | K20: =IF(OR(J20="",D20<5000),"",J20/D20*1000) | L20: =IF(AND(E20=0,F20=""),"Sin datos",IF(E20=0,"Sin producción registrada",IF(F20="","EMCALI incompleto",""))) -> Sin producción registrada
A21: 46224 | B21: mar | C21: =SUMIFS(DatosProd!$D:$D,DatosProd!$A:$A,$A21,DatosProd!$C:$C,1) -> 73457.651 | D21: =SUMIFS(DatosProd!$D:$D,DatosProd!$A:$A,$A21,DatosProd!$C:$C,2) -> 15239.884 | E21: =SUMIFS(DatosProd!$D:$D,DatosProd!$A:$A,$A21) -> 88697.535 | F21: =IF(COUNTIFS(EMCALI!$A:$A,$A21,EMCALI!$C:$C,"<>")<24,"",SUMIFS(EMCALI!$C:$C,EMCALI!$A:$A,$A21)) -> 4178.04 | G21: =IF(OR(F21="",E21=0),"",F21/E21*1000) -> 47.104353 | H21: =IF(COUNTIFS(EMCALI!$A:$A,$A21,EMCALI!$G:$G,"A",EMCALI!$C:$C,"<>")<7,"",SUMIFS(EMCALI!$C:$C,EMCALI!$A:$A,$A21,EMCALI!$G:$G,"A")) -> 1540.2 | I21: =IF(OR(H21="",C21<5000),"",H21/C21*1000) -> 20.967183 | J21: =IF(COUNTIFS(EMCALI!$A:$A,$A21,EMCALI!$G:$G,"B",EMCALI!$C:$C,"<>")<7,"",SUMIFS(EMCALI!$C:$C,EMCALI!$A:$A,$A21,EMCALI!$G:$G,"B")) -> 1366.2 | K21: =IF(OR(J21="",D21<5000),"",J21/D21*1000) -> 89.646352 | L21: =IF(AND(E21=0,F21=""),"Sin datos",IF(E21=0,"Sin producción registrada",IF(F21="","EMCALI incompleto","")))
A22: 46225 | B22: mié | C22: =SUMIFS(DatosProd!$D:$D,DatosProd!$A:$A,$A22,DatosProd!$C:$C,1) -> 67586.254 | D22: =SUMIFS(DatosProd!$D:$D,DatosProd!$A:$A,$A22,DatosProd!$C:$C,2) -> 26346.784 | E22: =SUMIFS(DatosProd!$D:$D,DatosProd!$A:$A,$A22) -> 93933.038 | F22: =IF(COUNTIFS(EMCALI!$A:$A,$A22,EMCALI!$C:$C,"<>")<24,"",SUMIFS(EMCALI!$C:$C,EMCALI!$A:$A,$A22)) -> 4356.48 | G22: =IF(OR(F22="",E22=0),"",F22/E22*1000) -> 46.37857 | H22: =IF(COUNTIFS(EMCALI!$A:$A,$A22,EMCALI!$G:$G,"A",EMCALI!$C:$C,"<>")<7,"",SUMIFS(EMCALI!$C:$C,EMCALI!$A:$A,$A22,EMCALI!$G:$G,"A")) -> 1628.76 | I22: =IF(OR(H22="",C22<5000),"",H22/C22*1000) -> 24.098983 | J22: =IF(COUNTIFS(EMCALI!$A:$A,$A22,EMCALI!$G:$G,"B",EMCALI!$C:$C,"<>")<7,"",SUMIFS(EMCALI!$C:$C,EMCALI!$A:$A,$A22,EMCALI!$G:$G,"B")) -> 1365.24 | K22: =IF(OR(J22="",D22<5000),"",J22/D22*1000) -> 51.818089 | L22: =IF(AND(E22=0,F22=""),"Sin datos",IF(E22=0,"Sin producción registrada",IF(F22="","EMCALI incompleto","")))
A23: 46226 | B23: jue | C23: =SUMIFS(DatosProd!$D:$D,DatosProd!$A:$A,$A23,DatosProd!$C:$C,1) -> 60651.436 | D23: =SUMIFS(DatosProd!$D:$D,DatosProd!$A:$A,$A23,DatosProd!$C:$C,2) -> 31156.366 | E23: =SUMIFS(DatosProd!$D:$D,DatosProd!$A:$A,$A23) -> 91807.802 | F23: =IF(COUNTIFS(EMCALI!$A:$A,$A23,EMCALI!$C:$C,"<>")<24,"",SUMIFS(EMCALI!$C:$C,EMCALI!$A:$A,$A23)) -> 4470.12 | G23: =IF(OR(F23="",E23=0),"",F23/E23*1000) -> 48.68998 | H23: =IF(COUNTIFS(EMCALI!$A:$A,$A23,EMCALI!$G:$G,"A",EMCALI!$C:$C,"<>")<7,"",SUMIFS(EMCALI!$C:$C,EMCALI!$A:$A,$A23,EMCALI!$G:$G,"A")) -> 1685.04 | I23: =IF(OR(H23="",C23<5000),"",H23/C23*1000) -> 27.78236 | J23: =IF(COUNTIFS(EMCALI!$A:$A,$A23,EMCALI!$G:$G,"B",EMCALI!$C:$C,"<>")<7,"",SUMIFS(EMCALI!$C:$C,EMCALI!$A:$A,$A23,EMCALI!$G:$G,"B")) -> 1442.04 | K23: =IF(OR(J23="",D23<5000),"",J23/D23*1000) -> 46.28396 | L23: =IF(AND(E23=0,F23=""),"Sin datos",IF(E23=0,"Sin producción registrada",IF(F23="","EMCALI incompleto","")))
A24: 46227 | B24: vie | C24: =SUMIFS(DatosProd!$D:$D,DatosProd!$A:$A,$A24,DatosProd!$C:$C,1) -> 54850.585 | D24: =SUMIFS(DatosProd!$D:$D,DatosProd!$A:$A,$A24,DatosProd!$C:$C,2) -> 22092.607 | E24: =SUMIFS(DatosProd!$D:$D,DatosProd!$A:$A,$A24) -> 76943.192 | F24: =IF(COUNTIFS(EMCALI!$A:$A,$A24,EMCALI!$C:$C,"<>")<24,"",SUMIFS(EMCALI!$C:$C,EMCALI!$A:$A,$A24)) -> 3964.8 | G24: =IF(OR(F24="",E24=0),"",F24/E24*1000) -> 51.528925 | H24: =IF(COUNTIFS(EMCALI!$A:$A,$A24,EMCALI!$G:$G,"A",EMCALI!$C:$C,"<>")<7,"",SUMIFS(EMCALI!$C:$C,EMCALI!$A:$A,$A24,EMCALI!$G:$G,"A")) -> 1495.56 | I24: =IF(OR(H24="",C24<5000),"",H24/C24*1000) -> 27.266072 | J24: =IF(COUNTIFS(EMCALI!$A:$A,$A24,EMCALI!$G:$G,"B",EMCALI!$C:$C,"<>")<7,"",SUMIFS(EMCALI!$C:$C,EMCALI!$A:$A,$A24,EMCALI!$G:$G,"B")) -> 1267.68 | K24: =IF(OR(J24="",D24<5000),"",J24/D24*1000) -> 57.380281 | L24: =IF(AND(E24=0,F24=""),"Sin datos",IF(E24=0,"Sin producción registrada",IF(F24="","EMCALI incompleto","")))
A25: 46228 | B25: sáb | C25: =SUMIFS(DatosProd!$D:$D,DatosProd!$A:$A,$A25,DatosProd!$C:$C,1) -> 56439.071 | D25: =SUMIFS(DatosProd!$D:$D,DatosProd!$A:$A,$A25,DatosProd!$C:$C,2) -> 30448.828 | E25: =SUMIFS(DatosProd!$D:$D,DatosProd!$A:$A,$A25) -> 86887.899 | F25: =IF(COUNTIFS(EMCALI!$A:$A,$A25,EMCALI!$C:$C,"<>")<24,"",SUMIFS(EMCALI!$C:$C,EMCALI!$A:$A,$A25)) | G25: =IF(OR(F25="",E25=0),"",F25/E25*1000) | H25: =IF(COUNTIFS(EMCALI!$A:$A,$A25,EMCALI!$G:$G,"A",EMCALI!$C:$C,"<>")<7,"",SUMIFS(EMCALI!$C:$C,EMCALI!$A:$A,$A25,EMCALI!$G:$G,"A")) | I25: =IF(OR(H25="",C25<5000),"",H25/C25*1000) | J25: =IF(COUNTIFS(EMCALI!$A:$A,$A25,EMCALI!$G:$G,"B",EMCALI!$C:$C,"<>")<7,"",SUMIFS(EMCALI!$C:$C,EMCALI!$A:$A,$A25,EMCALI!$G:$G,"B")) | K25: =IF(OR(J25="",D25<5000),"",J25/D25*1000) | L25: =IF(AND(E25=0,F25=""),"Sin datos",IF(E25=0,"Sin producción registrada",IF(F25="","EMCALI incompleto",""))) -> EMCALI incompleto
A26: 46229 | B26: dom | C26: =SUMIFS(DatosProd!$D:$D,DatosProd!$A:$A,$A26,DatosProd!$C:$C,1) -> 0 | D26: =SUMIFS(DatosProd!$D:$D,DatosProd!$A:$A,$A26,DatosProd!$C:$C,2) -> 0 | E26: =SUMIFS(DatosProd!$D:$D,DatosProd!$A:$A,$A26) -> 0 | F26: =IF(COUNTIFS(EMCALI!$A:$A,$A26,EMCALI!$C:$C,"<>")<24,"",SUMIFS(EMCALI!$C:$C,EMCALI!$A:$A,$A26)) | G26: =IF(OR(F26="",E26=0),"",F26/E26*1000) | H26: =IF(COUNTIFS(EMCALI!$A:$A,$A26,EMCALI!$G:$G,"A",EMCALI!$C:$C,"<>")<7,"",SUMIFS(EMCALI!$C:$C,EMCALI!$A:$A,$A26,EMCALI!$G:$G,"A")) | I26: =IF(OR(H26="",C26<5000),"",H26/C26*1000) | J26: =IF(COUNTIFS(EMCALI!$A:$A,$A26,EMCALI!$G:$G,"B",EMCALI!$C:$C,"<>")<7,"",SUMIFS(EMCALI!$C:$C,EMCALI!$A:$A,$A26,EMCALI!$G:$G,"B")) | K26: =IF(OR(J26="",D26<5000),"",J26/D26*1000) | L26: =IF(AND(E26=0,F26=""),"Sin datos",IF(E26=0,"Sin producción registrada",IF(F26="","EMCALI incompleto",""))) -> Sin datos
A27: 46230 | B27: lun | C27: =SUMIFS(DatosProd!$D:$D,DatosProd!$A:$A,$A27,DatosProd!$C:$C,1) -> 46950.948 | D27: =SUMIFS(DatosProd!$D:$D,DatosProd!$A:$A,$A27,DatosProd!$C:$C,2) -> 31706.062 | E27: =SUMIFS(DatosProd!$D:$D,DatosProd!$A:$A,$A27) -> 78657.01 | F27: =IF(COUNTIFS(EMCALI!$A:$A,$A27,EMCALI!$C:$C,"<>")<24,"",SUMIFS(EMCALI!$C:$C,EMCALI!$A:$A,$A27)) -> 4065.48 | G27: =IF(OR(F27="",E27=0),"",F27/E27*1000) -> 51.686175 | H27: =IF(COUNTIFS(EMCALI!$A:$A,$A27,EMCALI!$G:$G,"A",EMCALI!$C:$C,"<>")<7,"",SUMIFS(EMCALI!$C:$C,EMCALI!$A:$A,$A27,EMCALI!$G:$G,"A")) -> 1446.72 | I27: =IF(OR(H27="",C27<5000),"",H27/C27*1000) -> 30.813435 | J27: =IF(COUNTIFS(EMCALI!$A:$A,$A27,EMCALI!$G:$G,"B",EMCALI!$C:$C,"<>")<7,"",SUMIFS(EMCALI!$C:$C,EMCALI!$A:$A,$A27,EMCALI!$G:$G,"B")) -> 1367.88 | K27: =IF(OR(J27="",D27<5000),"",J27/D27*1000) -> 43.142538 | L27: =IF(AND(E27=0,F27=""),"Sin datos",IF(E27=0,"Sin producción registrada",IF(F27="","EMCALI incompleto","")))
A28: 46231 | B28: mar | C28: =SUMIFS(DatosProd!$D:$D,DatosProd!$A:$A,$A28,DatosProd!$C:$C,1) -> 43232.179 | D28: =SUMIFS(DatosProd!$D:$D,DatosProd!$A:$A,$A28,DatosProd!$C:$C,2) -> 18878.369 | E28: =SUMIFS(DatosProd!$D:$D,DatosProd!$A:$A,$A28) -> 62110.548 | F28: =IF(COUNTIFS(EMCALI!$A:$A,$A28,EMCALI!$C:$C,"<>")<24,"",SUMIFS(EMCALI!$C:$C,EMCALI!$A:$A,$A28)) -> 3967.2 | G28: =IF(OR(F28="",E28=0),"",F28/E28*1000) -> 63.873209 | H28: =IF(COUNTIFS(EMCALI!$A:$A,$A28,EMCALI!$G:$G,"A",EMCALI!$C:$C,"<>")<7,"",SUMIFS(EMCALI!$C:$C,EMCALI!$A:$A,$A28,EMCALI!$G:$G,"A")) -> 1326 | I28: =IF(OR(H28="",C28<5000),"",H28/C28*1000) -> 30.671598 | J28: =IF(COUNTIFS(EMCALI!$A:$A,$A28,EMCALI!$G:$G,"B",EMCALI!$C:$C,"<>")<7,"",SUMIFS(EMCALI!$C:$C,EMCALI!$A:$A,$A28,EMCALI!$G:$G,"B")) -> 1426.56 | K28: =IF(OR(J28="",D28<5000),"",J28/D28*1000) -> 75.56585 | L28: =IF(AND(E28=0,F28=""),"Sin datos",IF(E28=0,"Sin producción registrada",IF(F28="","EMCALI incompleto","")))
... A101: 46304 | B101: vie | C101: =SUMIFS(DatosProd!$D:$D,DatosProd!$A:$A,$A101,DatosProd!$C:$C,1) -> 0 | D101: =SUMIFS(DatosProd!$D:$D,DatosProd!$A:$A,$A101,DatosProd!$C:$C,2) -> 0 | E101: =SUMIFS(DatosProd!$D:$D,DatosProd!$A:$A,$A101) -> 0 | F101: =IF(COUNTIFS(EMCALI!$A:$A,$A101,EMCALI!$C:$C,"<>")<24,"",SUMIFS(EMCALI!$C:$C,EMCALI!$A:$A,$A101)) -> 4794.36 | G101: =IF(OR(F101="",E101=0),"",F101/E101*1000) | H101: =IF(COUNTIFS(EMCALI!$A:$A,$A101,EMCALI!$G:$G,"A",EMCALI!$C:$C,"<>")<7,"",SUMIFS(EMCALI!$C:$C,EMCALI!$A:$A,$A101,EMCALI!$G:$G,"A")) -> 1981.8 | I101: =IF(OR(H101="",C101<5000),"",H101/C101*1000) | J101: =IF(COUNTIFS(EMCALI!$A:$A,$A101,EMCALI!$G:$G,"B",EMCALI!$C:$C,"<>")<7,"",SUMIFS(EMCALI!$C:$C,EMCALI!$A:$A,$A101,EMCALI!$G:$G,"B")) -> 1716.84 | K101: =IF(OR(J101="",D101<5000),"",J101/D101*1000) | L101: =IF(AND(E101=0,F101=""),"Sin datos",IF(E101=0,"Sin producción registrada",IF(F101="","EMCALI incompleto",""))) -> Sin producción registrada
A102: En ámbar: días con kWh/t más de 25 % por encima del promedio de la planta.

Sheet Histórico líneas
A1: Histórico de líneas (informes semanales)
A2: kWh por día de cada línea, promediado entre la primera y la última lectura de cada semana (días hábiles).
A4: Semana (lunes) | B4: L14 | C4: L16 | D4: L19 | E4: L20 | F4: L21 (L18-21) | G4: L22 | H4: L50 | I4: Total líneas
A5: 46216 | B5: =IF(COUNTIFS(DatosInformes!$B:$B,"192.168.50.5",DatosInformes!$A:$A,">="&$A5,DatosInformes!$A:$A,"<"&($A5+7))<2,"",(_xlfn.MAXIFS(DatosInformes!$D:$D,DatosInformes!$B:$B,"192.168.50.5",DatosInformes!$A:$A,">="&$A5,DatosInformes!$A:$A,"<"&($A5+7))-_xlfn.MINIFS(DatosInformes!$D:$D,DatosInformes!$B:$B,"192.168.50.5",DatosInformes!$A:$A,">="&$A5,DatosInformes!$A:$A,"<"&($A5+7)))/(_xlfn.MAXIFS(DatosInformes!$A:$A,DatosInformes!$B:$B,"192.168.50.5",DatosInformes!$A:$A,">="&$A5,DatosInformes!$A:$A,"<"&($A5+7))-_xlfn.MINIFS(DatosInformes!$A:$A,DatosInformes!$B:$B,"192.168.50.5",DatosInformes!$A:$A,">="&$A5,DatosInformes!$A:$A,"<"&($A5+7)))) -> 47.733333 | C5: =IF(COUNTIFS(DatosInformes!$B:$B,"192.168.50.7",DatosInformes!$A:$A,">="&$A5,DatosInformes!$A:$A,"<"&($A5+7))<2,"",(_xlfn.MAXIFS(DatosInformes!$D:$D,DatosInformes!$B:$B,"192.168.50.7",DatosInformes!$A:$A,">="&$A5,DatosInformes!$A:$A,"<"&($A5+7))-_xlfn.MINIFS(DatosInformes!$D:$D,DatosInformes!$B:$B,"192.168.50.7",DatosInformes!$A:$A,">="&$A5,DatosInformes!$A:$A,"<"&($A5+7)))/(_xlfn.MAXIFS(DatosInformes!$A:$A,DatosInformes!$B:$B,"192.168.50.7",DatosInformes!$A:$A,">="&$A5,DatosInformes!$A:$A,"<"&($A5+7))-_xlfn.MINIFS(DatosInformes!$A:$A,DatosInformes!$B:$B,"192.168.50.7",DatosInformes!$A:$A,">="&$A5,DatosInformes!$A:$A,"<"&($A5+7)))) -> 3.3333333 | D5: =IF(COUNTIFS(DatosInformes!$B:$B,"L19",DatosInformes!$A:$A,">="&$A5,DatosInformes!$A:$A,"<"&($A5+7))<2,"",(_xlfn.MAXIFS(DatosInformes!$D:$D,DatosInformes!$B:$B,"L19",DatosInformes!$A:$A,">="&$A5,DatosInformes!$A:$A,"<"&($A5+7))-_xlfn.MINIFS(DatosInformes!$D:$D,DatosInformes!$B:$B,"L19",DatosInformes!$A:$A,">="&$A5,DatosInformes!$A:$A,"<"&($A5+7)))/(_xlfn.MAXIFS(DatosInformes!$A:$A,DatosInformes!$B:$B,"L19",DatosInformes!$A:$A,">="&$A5,DatosInformes!$A:$A,"<"&($A5+7))-_xlfn.MINIFS(DatosInformes!$A:$A,DatosInformes!$B:$B,"L19",DatosInformes!$A:$A,">="&$A5,DatosInformes!$A:$A,"<"&($A5+7)))) -> 64.666667 | E5: =IF(COUNTIFS(DatosInformes!$B:$B,"192.168.50.6",DatosInformes!$A:$A,">="&$A5,DatosInformes!$A:$A,"<"&($A5+7))<2,"",(_xlfn.MAXIFS(DatosInformes!$D:$D,DatosInformes!$B:$B,"192.168.50.6",DatosInformes!$A:$A,">="&$A5,DatosInformes!$A:$A,"<"&($A5+7))-_xlfn.MINIFS(DatosInformes!$D:$D,DatosInformes!$B:$B,"192.168.50.6",DatosInformes!$A:$A,">="&$A5,DatosInformes!$A:$A,"<"&($A5+7)))/(_xlfn.MAXIFS(DatosInformes!$A:$A,DatosInformes!$B:$B,"192.168.50.6",DatosInformes!$A:$A,">="&$A5,DatosInformes!$A:$A,"<"&($A5+7))-_xlfn.MINIFS(DatosInformes!$A:$A,DatosInformes!$B:$B,"192.168.50.6",DatosInformes!$A:$A,">="&$A5,DatosInformes!$A:$A,"<"&($A5+7)))) | F5: =IF(COUNTIFS(DatosInformes!$B:$B,"192.168.50.4",DatosInformes!$A:$A,">="&$A5,DatosInformes!$A:$A,"<"&($A5+7))<2,"",(_xlfn.MAXIFS(DatosInformes!$D:$D,DatosInformes!$B:$B,"192.168.50.4",DatosInformes!$A:$A,">="&$A5,DatosInformes!$A:$A,"<"&($A5+7))-_xlfn.MINIFS(DatosInformes!$D:$D,DatosInformes!$B:$B,"192.168.50.4",DatosInformes!$A:$A,">="&$A5,DatosInformes!$A:$A,"<"&($A5+7)))/(_xlfn.MAXIFS(DatosInformes!$A:$A,DatosInformes!$B:$B,"192.168.50.4",DatosInformes!$A:$A,">="&$A5,DatosInformes!$A:$A,"<"&($A5+7))-_xlfn.MINIFS(DatosInformes!$A:$A,DatosInformes!$B:$B,"192.168.50.4",DatosInformes!$A:$A,">="&$A5,DatosInformes!$A:$A,"<"&($A5+7)))) -> 48.466667 | G5: =IF(COUNTIFS(DatosInformes!$B:$B,"192.168.1.168",DatosInformes!$A:$A,">="&$A5,DatosInformes!$A:$A,"<"&($A5+7))<2,"",(_xlfn.MAXIFS(DatosInformes!$D:$D,DatosInformes!$B:$B,"192.168.1.168",DatosInformes!$A:$A,">="&$A5,DatosInformes!$A:$A,"<"&($A5+7))-_xlfn.MINIFS(DatosInformes!$D:$D,DatosInformes!$B:$B,"192.168.1.168",DatosInformes!$A:$A,">="&$A5,DatosInformes!$A:$A,"<"&($A5+7)))/(_xlfn.MAXIFS(DatosInformes!$A:$A,DatosInformes!$B:$B,"192.168.1.168",DatosInformes!$A:$A,">="&$A5,DatosInformes!$A:$A,"<"&($A5+7))-_xlfn.MINIFS(DatosInformes!$A:$A,DatosInformes!$B:$B,"192.168.1.168",DatosInformes!$A:$A,">="&$A5,DatosInformes!$A:$A,"<"&($A5+7)))) -> 108 | H5: =IF(COUNTIFS(DatosInformes!$B:$B,"192.168.50.3",DatosInformes!$A:$A,">="&$A5,DatosInformes!$A:$A,"<"&($A5+7))<2,"",(_xlfn.MAXIFS(DatosInformes!$D:$D,DatosInformes!$B:$B,"192.168.50.3",DatosInformes!$A:$A,">="&$A5,DatosInformes!$A:$A,"<"&($A5+7))-_xlfn.MINIFS(DatosInformes!$D:$D,DatosInformes!$B:$B,"192.168.50.3",DatosInformes!$A:$A,">="&$A5,DatosInformes!$A:$A,"<"&($A5+7)))/(_xlfn.MAXIFS(DatosInformes!$A:$A,DatosInformes!$B:$B,"192.168.50.3",DatosInformes!$A:$A,">="&$A5,DatosInformes!$A:$A,"<"&($A5+7))-_xlfn.MINIFS(DatosInformes!$A:$A,DatosInformes!$B:$B,"192.168.50.3",DatosInformes!$A:$A,">="&$A5,DatosInformes!$A:$A,"<"&($A5+7)))) -> 44.133333 | I5: =IF(COUNT(B5:H5)=0,"",SUM(B5:H5)) -> 316.33333
A6: 46223 | B6: =IF(COUNTIFS(DatosInformes!$B:$B,"192.168.50.5",DatosInformes!$A:$A,">="&$A6,DatosInformes!$A:$A,"<"&($A6+7))<2,"",(_xlfn.MAXIFS(DatosInformes!$D:$D,DatosInformes!$B:$B,"192.168.50.5",DatosInformes!$A:$A,">="&$A6,DatosInformes!$A:$A,"<"&($A6+7))-_xlfn.MINIFS(DatosInformes!$D:$D,DatosInformes!$B:$B,"192.168.50.5",DatosInformes!$A:$A,">="&$A6,DatosInformes!$A:$A,"<"&($A6+7)))/(_xlfn.MAXIFS(DatosInformes!$A:$A,DatosInformes!$B:$B,"192.168.50.5",DatosInformes!$A:$A,">="&$A6,DatosInformes!$A:$A,"<"&($A6+7))-_xlfn.MINIFS(DatosInformes!$A:$A,DatosInformes!$B:$B,"192.168.50.5",DatosInformes!$A:$A,">="&$A6,DatosInformes!$A:$A,"<"&($A6+7)))) -> 59.066667 | C6: =IF(COUNTIFS(DatosInformes!$B:$B,"192.168.50.7",DatosInformes!$A:$A,">="&$A6,DatosInformes!$A:$A,"<"&($A6+7))<2,"",(_xlfn.MAXIFS(DatosInformes!$D:$D,DatosInformes!$B:$B,"192.168.50.7",DatosInformes!$A:$A,">="&$A6,DatosInformes!$A:$A,"<"&($A6+7))-_xlfn.MINIFS(DatosInformes!$D:$D,DatosInformes!$B:$B,"192.168.50.7",DatosInformes!$A:$A,">="&$A6,DatosInformes!$A:$A,"<"&($A6+7)))/(_xlfn.MAXIFS(DatosInformes!$A:$A,DatosInformes!$B:$B,"192.168.50.7",DatosInformes!$A:$A,">="&$A6,DatosInformes!$A:$A,"<"&($A6+7))-_xlfn.MINIFS(DatosInformes!$A:$A,DatosInformes!$B:$B,"192.168.50.7",DatosInformes!$A:$A,">="&$A6,DatosInformes!$A:$A,"<"&($A6+7)))) -> 30.133333 | D6: =IF(COUNTIFS(DatosInformes!$B:$B,"L19",DatosInformes!$A:$A,">="&$A6,DatosInformes!$A:$A,"<"&($A6+7))<2,"",(_xlfn.MAXIFS(DatosInformes!$D:$D,DatosInformes!$B:$B,"L19",DatosInformes!$A:$A,">="&$A6,DatosInformes!$A:$A,"<"&($A6+7))-_xlfn.MINIFS(DatosInformes!$D:$D,DatosInformes!$B:$B,"L19",DatosInformes!$A:$A,">="&$A6,DatosInformes!$A:$A,"<"&($A6+7)))/(_xlfn.MAXIFS(DatosInformes!$A:$A,DatosInformes!$B:$B,"L19",DatosInformes!$A:$A,">="&$A6,DatosInformes!$A:$A,"<"&($A6+7))-_xlfn.MINIFS(DatosInformes!$A:$A,DatosInformes!$B:$B,"L19",DatosInformes!$A:$A,">="&$A6,DatosInformes!$A:$A,"<"&($A6+7)))) -> 56.666667 | E6: =IF(COUNTIFS(DatosInformes!$B:$B,"192.168.50.6",DatosInformes!$A:$A,">="&$A6,DatosInformes!$A:$A,"<"&($A6+7))<2,"",(_xlfn.MAXIFS(DatosInformes!$D:$D,DatosInformes!$B:$B,"192.168.50.6",DatosInformes!$A:$A,">="&$A6,DatosInformes!$A:$A,"<"&($A6+7))-_xlfn.MINIFS(DatosInformes!$D:$D,DatosInformes!$B:$B,"192.168.50.6",DatosInformes!$A:$A,">="&$A6,DatosInformes!$A:$A,"<"&($A6+7)))/(_xlfn.MAXIFS(DatosInformes!$A:$A,DatosInformes!$B:$B,"192.168.50.6",DatosInformes!$A:$A,">="&$A6,DatosInformes!$A:$A,"<"&($A6+7))-_xlfn.MINIFS(DatosInformes!$A:$A,DatosInformes!$B:$B,"192.168.50.6",DatosInformes!$A:$A,">="&$A6,DatosInformes!$A:$A,"<"&($A6+7)))) | F6: =IF(COUNTIFS(DatosInformes!$B:$B,"192.168.50.4",DatosInformes!$A:$A,">="&$A6,DatosInformes!$A:$A,"<"&($A6+7))<2,"",(_xlfn.MAXIFS(DatosInformes!$D:$D,DatosInformes!$B:$B,"192.168.50.4",DatosInformes!$A:$A,">="&$A6,DatosInformes!$A:$A,"<"&($A6+7))-_xlfn.MINIFS(DatosInformes!$D:$D,DatosInformes!$B:$B,"192.168.50.4",DatosInformes!$A:$A,">="&$A6,DatosInformes!$A:$A,"<"&($A6+7)))/(_xlfn.MAXIFS(DatosInformes!$A:$A,DatosInformes!$B:$B,"192.168.50.4",DatosInformes!$A:$A,">="&$A6,DatosInformes!$A:$A,"<"&($A6+7))-_xlfn.MINIFS(DatosInformes!$A:$A,DatosInformes!$B:$B,"192.168.50.4",DatosInformes!$A:$A,">="&$A6,DatosInformes!$A:$A,"<"&($A6+7)))) -> 25.966667 | G6: =IF(COUNTIFS(DatosInformes!$B:$B,"192.168.1.168",DatosInformes!$A:$A,">="&$A6,DatosInformes!$A:$A,"<"&($A6+7))<2,"",(_xlfn.MAXIFS(DatosInformes!$D:$D,DatosInformes!$B:$B,"192.168.1.168",DatosInformes!$A:$A,">="&$A6,DatosInformes!$A:$A,"<"&($A6+7))-_xlfn.MINIFS(DatosInformes!$D:$D,DatosInformes!$B:$B,"192.168.1.168",DatosInformes!$A:$A,">="&$A6,DatosInformes!$A:$A,"<"&($A6+7)))/(_xlfn.MAXIFS(DatosInformes!$A:$A,DatosInformes!$B:$B,"192.168.1.168",DatosInformes!$A:$A,">="&$A6,DatosInformes!$A:$A,"<"&($A6+7))-_xlfn.MINIFS(DatosInformes!$A:$A,DatosInformes!$B:$B,"192.168.1.168",DatosInformes!$A:$A,">="&$A6,DatosInformes!$A:$A,"<"&($A6+7)))) -> 97 | H6: =IF(COUNTIFS(DatosInformes!$B:$B,"192.168.50.3",DatosInformes!$A:$A,">="&$A6,DatosInformes!$A:$A,"<"&($A6+7))<2,"",(_xlfn.MAXIFS(DatosInformes!$D:$D,DatosInformes!$B:$B,"192.168.50.3",DatosInformes!$A:$A,">="&$A6,DatosInformes!$A:$A,"<"&($A6+7))-_xlfn.MINIFS(DatosInformes!$D:$D,DatosInformes!$B:$B,"192.168.50.3",DatosInformes!$A:$A,">="&$A6,DatosInformes!$A:$A,"<"&($A6+7)))/(_xlfn.MAXIFS(DatosInformes!$A:$A,DatosInformes!$B:$B,"192.168.50.3",DatosInformes!$A:$A,">="&$A6,DatosInformes!$A:$A,"<"&($A6+7))-_xlfn.MINIFS(DatosInformes!$A:$A,DatosInformes!$B:$B,"192.168.50.3",DatosInformes!$A:$A,">="&$A6,DatosInformes!$A:$A,"<"&($A6+7)))) -> 45.533333 | I6: =IF(COUNT(B6:H6)=0,"",SUM(B6:H6)) -> 314.36667
A7: 46230 | B7: =IF(COUNTIFS(DatosInformes!$B:$B,"192.168.50.5",DatosInformes!$A:$A,">="&$A7,DatosInformes!$A:$A,"<"&($A7+7))<2,"",(_xlfn.MAXIFS(DatosInformes!$D:$D,DatosInformes!$B:$B,"192.168.50.5",DatosInformes!$A:$A,">="&$A7,DatosInformes!$A:$A,"<"&($A7+7))-_xlfn.MINIFS(DatosInformes!$D:$D,DatosInformes!$B:$B,"192.168.50.5",DatosInformes!$A:$A,">="&$A7,DatosInformes!$A:$A,"<"&($A7+7)))/(_xlfn.MAXIFS(DatosInformes!$A:$A,DatosInformes!$B:$B,"192.168.50.5",DatosInformes!$A:$A,">="&$A7,DatosInformes!$A:$A,"<"&($A7+7))-_xlfn.MINIFS(DatosInformes!$A:$A,DatosInformes!$B:$B,"192.168.50.5",DatosInformes!$A:$A,">="&$A7,DatosInformes!$A:$A,"<"&($A7+7)))) -> 35.45 | C7: =IF(COUNTIFS(DatosInformes!$B:$B,"192.168.50.7",DatosInformes!$A:$A,">="&$A7,DatosInformes!$A:$A,"<"&($A7+7))<2,"",(_xlfn.MAXIFS(DatosInformes!$D:$D,DatosInformes!$B:$B,"192.168.50.7",DatosInformes!$A:$A,">="&$A7,DatosInformes!$A:$A,"<"&($A7+7))-_xlfn.MINIFS(DatosInformes!$D:$D,DatosInformes!$B:$B,"192.168.50.7",DatosInformes!$A:$A,">="&$A7,DatosInformes!$A:$A,"<"&($A7+7)))/(_xlfn.MAXIFS(DatosInformes!$A:$A,DatosInformes!$B:$B,"192.168.50.7",DatosInformes!$A:$A,">="&$A7,DatosInformes!$A:$A,"<"&($A7+7))-_xlfn.MINIFS(DatosInformes!$A:$A,DatosInformes!$B:$B,"192.168.50.7",DatosInformes!$A:$A,">="&$A7,DatosInformes!$A:$A,"<"&($A7+7)))) -> 5.8666667 | D7: =IF(COUNTIFS(DatosInformes!$B:$B,"L19",DatosInformes!$A:$A,">="&$A7,DatosInformes!$A:$A,"<"&($A7+7))<2,"",(_xlfn.MAXIFS(DatosInformes!$D:$D,DatosInformes!$B:$B,"L19",DatosInformes!$A:$A,">="&$A7,DatosInformes!$A:$A,"<"&($A7+7))-_xlfn.MINIFS(DatosInformes!$D:$D,DatosInformes!$B:$B,"L19",DatosInformes!$A:$A,">="&$A7,DatosInformes!$A:$A,"<"&($A7+7)))/(_xlfn.MAXIFS(DatosInformes!$A:$A,DatosInformes!$B:$B,"L19",DatosInformes!$A:$A,">="&$A7,DatosInformes!$A:$A,"<"&($A7+7))-_xlfn.MINIFS(DatosInformes!$A:$A,DatosInformes!$B:$B,"L19",DatosInformes!$A:$A,">="&$A7,DatosInformes!$A:$A,"<"&($A7+7)))) -> 55.25 | E7: =IF(COUNTIFS(DatosInformes!$B:$B,"192.168.50.6",DatosInformes!$A:$A,">="&$A7,DatosInformes!$A:$A,"<"&($A7+7))<2,"",(_xlfn.MAXIFS(DatosInformes!$D:$D,DatosInformes!$B:$B,"192.168.50.6",DatosInformes!$A:$A,">="&$A7,DatosInformes!$A:$A,"<"&($A7+7))-_xlfn.MINIFS(DatosInformes!$D:$D,DatosInformes!$B:$B,"192.168.50.6",DatosInformes!$A:$A,">="&$A7,DatosInformes!$A:$A,"<"&($A7+7)))/(_xlfn.MAXIFS(DatosInformes!$A:$A,DatosInformes!$B:$B,"192.168.50.6",DatosInformes!$A:$A,">="&$A7,DatosInformes!$A:$A,"<"&($A7+7))-_xlfn.MINIFS(DatosInformes!$A:$A,DatosInformes!$B:$B,"192.168.50.6",DatosInformes!$A:$A,">="&$A7,DatosInformes!$A:$A,"<"&($A7+7)))) | F7: =IF(COUNTIFS(DatosInformes!$B:$B,"192.168.50.4",DatosInformes!$A:$A,">="&$A7,DatosInformes!$A:$A,"<"&($A7+7))<2,"",(_xlfn.MAXIFS(DatosInformes!$D:$D,DatosInformes!$B:$B,"192.168.50.4",DatosInformes!$A:$A,">="&$A7,DatosInformes!$A:$A,"<"&($A7+7))-_xlfn.MINIFS(DatosInformes!$D:$D,DatosInformes!$B:$B,"192.168.50.4",DatosInformes!$A:$A,">="&$A7,DatosInformes!$A:$A,"<"&($A7+7)))/(_xlfn.MAXIFS(DatosInformes!$A:$A,DatosInformes!$B:$B,"192.168.50.4",DatosInformes!$A:$A,">="&$A7,DatosInformes!$A:$A,"<"&($A7+7))-_xlfn.MINIFS(DatosInformes!$A:$A,DatosInformes!$B:$B,"192.168.50.4",DatosInformes!$A:$A,">="&$A7,DatosInformes!$A:$A,"<"&($A7+7)))) -> 16.51 | G7: =IF(COUNTIFS(DatosInformes!$B:$B,"192.168.1.168",DatosInformes!$A:$A,">="&$A7,DatosInformes!$A:$A,"<"&($A7+7))<2,"",(_xlfn.MAXIFS(DatosInformes!$D:$D,DatosInformes!$B:$B,"192.168.1.168",DatosInformes!$A:$A,">="&$A7,DatosInformes!$A:$A,"<"&($A7+7))-_xlfn.MINIFS(DatosInformes!$D:$D,DatosInformes!$B:$B,"192.168.1.168",DatosInformes!$A:$A,">="&$A7,DatosInformes!$A:$A,"<"&($A7+7)))/(_xlfn.MAXIFS(DatosInformes!$A:$A,DatosInformes!$B:$B,"192.168.1.168",DatosInformes!$A:$A,">="&$A7,DatosInformes!$A:$A,"<"&($A7+7))-_xlfn.MINIFS(DatosInformes!$A:$A,DatosInformes!$B:$B,"192.168.1.168",DatosInformes!$A:$A,">="&$A7,DatosInformes!$A:$A,"<"&($A7+7)))) -> 66 | H7: =IF(COUNTIFS(DatosInformes!$B:$B,"192.168.50.3",DatosInformes!$A:$A,">="&$A7,DatosInformes!$A:$A,"<"&($A7+7))<2,"",(_xlfn.MAXIFS(DatosInformes!$D:$D,DatosInformes!$B:$B,"192.168.50.3",DatosInformes!$A:$A,">="&$A7,DatosInformes!$A:$A,"<"&($A7+7))-_xlfn.MINIFS(DatosInformes!$D:$D,DatosInformes!$B:$B,"192.168.50.3",DatosInformes!$A:$A,">="&$A7,DatosInformes!$A:$A,"<"&($A7+7)))/(_xlfn.MAXIFS(DatosInformes!$A:$A,DatosInformes!$B:$B,"192.168.50.3",DatosInformes!$A:$A,">="&$A7,DatosInformes!$A:$A,"<"&($A7+7))-_xlfn.MINIFS(DatosInformes!$A:$A,DatosInformes!$B:$B,"192.168.50.3",DatosInformes!$A:$A,">="&$A7,DatosInformes!$A:$A,"<"&($A7+7)))) -> 71.766667 | I7: =IF(COUNT(B7:H7)=0,"",SUM(B7:H7)) -> 250.84333
A8: 46237 | B8: =IF(COUNTIFS(DatosInformes!$B:$B,"192.168.50.5",DatosInformes!$A:$A,">="&$A8,DatosInformes!$A:$A,"<"&($A8+7))<2,"",(_xlfn.MAXIFS(DatosInformes!$D:$D,DatosInformes!$B:$B,"192.168.50.5",DatosInformes!$A:$A,">="&$A8,DatosInformes!$A:$A,"<"&($A8+7))-_xlfn.MINIFS(DatosInformes!$D:$D,DatosInformes!$B:$B,"192.168.50.5",DatosInformes!$A:$A,">="&$A8,DatosInformes!$A:$A,"<"&($A8+7)))/(_xlfn.MAXIFS(DatosInformes!$A:$A,DatosInformes!$B:$B,"192.168.50.5",DatosInformes!$A:$A,">="&$A8,DatosInformes!$A:$A,"<"&($A8+7))-_xlfn.MINIFS(DatosInformes!$A:$A,DatosInformes!$B:$B,"192.168.50.5",DatosInformes!$A:$A,">="&$A8,DatosInformes!$A:$A,"<"&($A8+7)))) -> 3.3333333 | C8: =IF(COUNTIFS(DatosInformes!$B:$B,"192.168.50.7",DatosInformes!$A:$A,">="&$A8,DatosInformes!$A:$A,"<"&($A8+7))<2,"",(_xlfn.MAXIFS(DatosInformes!$D:$D,DatosInformes!$B:$B,"192.168.50.7",DatosInformes!$A:$A,">="&$A8,DatosInformes!$A:$A,"<"&($A8+7))-_xlfn.MINIFS(DatosInformes!$D:$D,DatosInformes!$B:$B,"192.168.50.7",DatosInformes!$A:$A,">="&$A8,DatosInformes!$A:$A,"<"&($A8+7)))/(_xlfn.MAXIFS(DatosInformes!$A:$A,DatosInformes!$B:$B,"192.168.50.7",DatosInformes!$A:$A,">="&$A8,DatosInformes!$A:$A,"<"&($A8+7))-_xlfn.MINIFS(DatosInformes!$A:$A,DatosInformes!$B:$B,"192.168.50.7",DatosInformes!$A:$A,">="&$A8,DatosInformes!$A:$A,"<"&($A8+7)))) -> 32 | D8: =IF(COUNTIFS(DatosInformes!$B:$B,"L19",DatosInformes!$A:$A,">="&$A8,DatosInformes!$A:$A,"<"&($A8+7))<2,"",(_xlfn.MAXIFS(DatosInformes!$D:$D,DatosInformes!$B:$B,"L19",DatosInformes!$A:$A,">="&$A8,DatosInformes!$A:$A,"<"&($A8+7))-_xlfn.MINIFS(DatosInformes!$D:$D,DatosInformes!$B:$B,"L19",DatosInformes!$A:$A,">="&$A8,DatosInformes!$A:$A,"<"&($A8+7)))/(_xlfn.MAXIFS(DatosInformes!$A:$A,DatosInformes!$B:$B,"L19",DatosInformes!$A:$A,">="&$A8,DatosInformes!$A:$A,"<"&($A8+7))-_xlfn.MINIFS(DatosInformes!$A:$A,DatosInformes!$B:$B,"L19",DatosInformes!$A:$A,">="&$A8,DatosInformes!$A:$A,"<"&($A8+7)))) -> 82.666667 | E8: =IF(COUNTIFS(DatosInformes!$B:$B,"192.168.50.6",DatosInformes!$A:$A,">="&$A8,DatosInformes!$A:$A,"<"&($A8+7))<2,"",(_xlfn.MAXIFS(DatosInformes!$D:$D,DatosInformes!$B:$B,"192.168.50.6",DatosInformes!$A:$A,">="&$A8,DatosInformes!$A:$A,"<"&($A8+7))-_xlfn.MINIFS(DatosInformes!$D:$D,DatosInformes!$B:$B,"192.168.50.6",DatosInformes!$A:$A,">="&$A8,DatosInformes!$A:$A,"<"&($A8+7)))/(_xlfn.MAXIFS(DatosInformes!$A:$A,DatosInformes!$B:$B,"192.168.50.6",DatosInformes!$A:$A,">="&$A8,DatosInformes!$A:$A,"<"&($A8+7))-_xlfn.MINIFS(DatosInformes!$A:$A,DatosInformes!$B:$B,"192.168.50.6",DatosInformes!$A:$A,">="&$A8,DatosInformes!$A:$A,"<"&($A8+7)))) | F8: =IF(COUNTIFS(DatosInformes!$B:$B,"192.168.50.4",DatosInformes!$A:$A,">="&$A8,DatosInformes!$A:$A,"<"&($A8+7))<2,"",(_xlfn.MAXIFS(DatosInformes!$D:$D,DatosInformes!$B:$B,"192.168.50.4",DatosInformes!$A:$A,">="&$A8,DatosInformes!$A:$A,"<"&($A8+7))-_xlfn.MINIFS(DatosInformes!$D:$D,DatosInformes!$B:$B,"192.168.50.4",DatosInformes!$A:$A,">="&$A8,DatosInformes!$A:$A,"<"&($A8+7)))/(_xlfn.MAXIFS(DatosInformes!$A:$A,DatosInformes!$B:$B,"192.168.50.4",DatosInformes!$A:$A,">="&$A8,DatosInformes!$A:$A,"<"&($A8+7))-_xlfn.MINIFS(DatosInformes!$A:$A,DatosInformes!$B:$B,"192.168.50.4",DatosInformes!$A:$A,">="&$A8,DatosInformes!$A:$A,"<"&($A8+7)))) -> 30.6 | G8: =IF(COUNTIFS(DatosInformes!$B:$B,"192.168.1.168",DatosInformes!$A:$A,">="&$A8,DatosInformes!$A:$A,"<"&($A8+7))<2,"",(_xlfn.MAXIFS(DatosInformes!$D:$D,DatosInformes!$B:$B,"192.168.1.168",DatosInformes!$A:$A,">="&$A8,DatosInformes!$A:$A,"<"&($A8+7))-_xlfn.MINIFS(DatosInformes!$D:$D,DatosInformes!$B:$B,"192.168.1.168",DatosInformes!$A:$A,">="&$A8,DatosInformes!$A:$A,"<"&($A8+7)))/(_xlfn.MAXIFS(DatosInformes!$A:$A,DatosInformes!$B:$B,"192.168.1.168",DatosInformes!$A:$A,">="&$A8,DatosInformes!$A:$A,"<"&($A8+7))-_xlfn.MINIFS(DatosInformes!$A:$A,DatosInformes!$B:$B,"192.168.1.168",DatosInformes!$A:$A,">="&$A8,DatosInformes!$A:$A,"<"&($A8+7)))) -> 140 | H8: =IF(COUNTIFS(DatosInformes!$B:$B,"192.168.50.3",DatosInformes!$A:$A,">="&$A8,DatosInformes!$A:$A,"<"&($A8+7))<2,"",(_xlfn.MAXIFS(DatosInformes!$D:$D,DatosInformes!$B:$B,"192.168.50.3",DatosInformes!$A:$A,">="&$A8,DatosInformes!$A:$A,"<"&($A8+7))-_xlfn.MINIFS(DatosInformes!$D:$D,DatosInformes!$B:$B,"192.168.50.3",DatosInformes!$A:$A,">="&$A8,DatosInformes!$A:$A,"<"&($A8+7)))/(_xlfn.MAXIFS(DatosInformes!$A:$A,DatosInformes!$B:$B,"192.168.50.3",DatosInformes!$A:$A,">="&$A8,DatosInformes!$A:$A,"<"&($A8+7))-_xlfn.MINIFS(DatosInformes!$A:$A,DatosInformes!$B:$B,"192.168.50.3",DatosInformes!$A:$A,">="&$A8,DatosInformes!$A:$A,"<"&($A8+7)))) -> 57.4 | I8: =IF(COUNT(B8:H8)=0,"",SUM(B8:H8)) -> 346
A9: 46244 | B9: =IF(COUNTIFS(DatosInformes!$B:$B,"192.168.50.5",DatosInformes!$A:$A,">="&$A9,DatosInformes!$A:$A,"<"&($A9+7))<2,"",(_xlfn.MAXIFS(DatosInformes!$D:$D,DatosInformes!$B:$B,"192.168.50.5",DatosInformes!$A:$A,">="&$A9,DatosInformes!$A:$A,"<"&($A9+7))-_xlfn.MINIFS(DatosInformes!$D:$D,DatosInformes!$B:$B,"192.168.50.5",DatosInformes!$A:$A,">="&$A9,DatosInformes!$A:$A,"<"&($A9+7)))/(_xlfn.MAXIFS(DatosInformes!$A:$A,DatosInformes!$B:$B,"192.168.50.5",DatosInformes!$A:$A,">="&$A9,DatosInformes!$A:$A,"<"&($A9+7))-_xlfn.MINIFS(DatosInformes!$A:$A,DatosInformes!$B:$B,"192.168.50.5",DatosInformes!$A:$A,">="&$A9,DatosInformes!$A:$A,"<"&($A9+7)))) | C9: =IF(COUNTIFS(DatosInformes!$B:$B,"192.168.50.7",DatosInformes!$A:$A,">="&$A9,DatosInformes!$A:$A,"<"&($A9+7))<2,"",(_xlfn.MAXIFS(DatosInformes!$D:$D,DatosInformes!$B:$B,"192.168.50.7",DatosInformes!$A:$A,">="&$A9,DatosInformes!$A:$A,"<"&($A9+7))-_xlfn.MINIFS(DatosInformes!$D:$D,DatosInformes!$B:$B,"192.168.50.7",DatosInformes!$A:$A,">="&$A9,DatosInformes!$A:$A,"<"&($A9+7)))/(_xlfn.MAXIFS(DatosInformes!$A:$A,DatosInformes!$B:$B,"192.168.50.7",DatosInformes!$A:$A,">="&$A9,DatosInformes!$A:$A,"<"&($A9+7))-_xlfn.MINIFS(DatosInformes!$A:$A,DatosInformes!$B:$B,"192.168.50.7",DatosInformes!$A:$A,">="&$A9,DatosInformes!$A:$A,"<"&($A9+7)))) | D9: =IF(COUNTIFS(DatosInformes!$B:$B,"L19",DatosInformes!$A:$A,">="&$A9,DatosInformes!$A:$A,"<"&($A9+7))<2,"",(_xlfn.MAXIFS(DatosInformes!$D:$D,DatosInformes!$B:$B,"L19",DatosInformes!$A:$A,">="&$A9,DatosInformes!$A:$A,"<"&($A9+7))-_xlfn.MINIFS(DatosInformes!$D:$D,DatosInformes!$B:$B,"L19",DatosInformes!$A:$A,">="&$A9,DatosInformes!$A:$A,"<"&($A9+7)))/(_xlfn.MAXIFS(DatosInformes!$A:$A,DatosInformes!$B:$B,"L19",DatosInformes!$A:$A,">="&$A9,DatosInformes!$A:$A,"<"&($A9+7))-_xlfn.MINIFS(DatosInformes!$A:$A,DatosInformes!$B:$B,"L19",DatosInformes!$A:$A,">="&$A9,DatosInformes!$A:$A,"<"&($A9+7)))) | E9: =IF(COUNTIFS(DatosInformes!$B:$B,"192.168.50.6",DatosInformes!$A:$A,">="&$A9,DatosInformes!$A:$A,"<"&($A9+7))<2,"",(_xlfn.MAXIFS(DatosInformes!$D:$D,DatosInformes!$B:$B,"192.168.50.6",DatosInformes!$A:$A,">="&$A9,DatosInformes!$A:$A,"<"&($A9+7))-_xlfn.MINIFS(DatosInformes!$D:$D,DatosInformes!$B:$B,"192.168.50.6",DatosInformes!$A:$A,">="&$A9,DatosInformes!$A:$A,"<"&($A9+7)))/(_xlfn.MAXIFS(DatosInformes!$A:$A,DatosInformes!$B:$B,"192.168.50.6",DatosInformes!$A:$A,">="&$A9,DatosInformes!$A:$A,"<"&($A9+7))-_xlfn.MINIFS(DatosInformes!$A:$A,DatosInformes!$B:$B,"192.168.50.6",DatosInformes!$A:$A,">="&$A9,DatosInformes!$A:$A,"<"&($A9+7)))) | F9: =IF(COUNTIFS(DatosInformes!$B:$B,"192.168.50.4",DatosInformes!$A:$A,">="&$A9,DatosInformes!$A:$A,"<"&($A9+7))<2,"",(_xlfn.MAXIFS(DatosInformes!$D:$D,DatosInformes!$B:$B,"192.168.50.4",DatosInformes!$A:$A,">="&$A9,DatosInformes!$A:$A,"<"&($A9+7))-_xlfn.MINIFS(DatosInformes!$D:$D,DatosInformes!$B:$B,"192.168.50.4",DatosInformes!$A:$A,">="&$A9,DatosInformes!$A:$A,"<"&($A9+7)))/(_xlfn.MAXIFS(DatosInformes!$A:$A,DatosInformes!$B:$B,"192.168.50.4",DatosInformes!$A:$A,">="&$A9,DatosInformes!$A:$A,"<"&($A9+7))-_xlfn.MINIFS(DatosInformes!$A:$A,DatosInformes!$B:$B,"192.168.50.4",DatosInformes!$A:$A,">="&$A9,DatosInformes!$A:$A,"<"&($A9+7)))) | G9: =IF(COUNTIFS(DatosInformes!$B:$B,"192.168.1.168",DatosInformes!$A:$A,">="&$A9,DatosInformes!$A:$A,"<"&($A9+7))<2,"",(_xlfn.MAXIFS(DatosInformes!$D:$D,DatosInformes!$B:$B,"192.168.1.168",DatosInformes!$A:$A,">="&$A9,DatosInformes!$A:$A,"<"&($A9+7))-_xlfn.MINIFS(DatosInformes!$D:$D,DatosInformes!$B:$B,"192.168.1.168",DatosInformes!$A:$A,">="&$A9,DatosInformes!$A:$A,"<"&($A9+7)))/(_xlfn.MAXIFS(DatosInformes!$A:$A,DatosInformes!$B:$B,"192.168.1.168",DatosInformes!$A:$A,">="&$A9,DatosInformes!$A:$A,"<"&($A9+7))-_xlfn.MINIFS(DatosInformes!$A:$A,DatosInformes!$B:$B,"192.168.1.168",DatosInformes!$A:$A,">="&$A9,DatosInformes!$A:$A,"<"&($A9+7)))) | H9: =IF(COUNTIFS(DatosInformes!$B:$B,"192.168.50.3",DatosInformes!$A:$A,">="&$A9,DatosInformes!$A:$A,"<"&($A9+7))<2,"",(_xlfn.MAXIFS(DatosInformes!$D:$D,DatosInformes!$B:$B,"192.168.50.3",DatosInformes!$A:$A,">="&$A9,DatosInformes!$A:$A,"<"&($A9+7))-_xlfn.MINIFS(DatosInformes!$D:$D,DatosInformes!$B:$B,"192.168.50.3",DatosInformes!$A:$A,">="&$A9,DatosInformes!$A:$A,"<"&($A9+7)))/(_xlfn.MAXIFS(DatosInformes!$A:$A,DatosInformes!$B:$B,"192.168.50.3",DatosInformes!$A:$A,">="&$A9,DatosInformes!$A:$A,"<"&($A9+7))-_xlfn.MINIFS(DatosInformes!$A:$A,DatosInformes!$B:$B,"192.168.50.3",DatosInformes!$A:$A,">="&$A9,DatosInformes!$A:$A,"<"&($A9+7)))) | I9: =IF(COUNT(B9:H9)=0,"",SUM(B9:H9))
A10: 46251 | B10: =IF(COUNTIFS(DatosInformes!$B:$B,"192.168.50.5",DatosInformes!$A:$A,">="&$A10,DatosInformes!$A:$A,"<"&($A10+7))<2,"",(_xlfn.MAXIFS(DatosInformes!$D:$D,DatosInformes!$B:$B,"192.168.50.5",DatosInformes!$A:$A,">="&$A10,DatosInformes!$A:$A,"<"&($A10+7))-_xlfn.MINIFS(DatosInformes!$D:$D,DatosInformes!$B:$B,"192.168.50.5",DatosInformes!$A:$A,">="&$A10,DatosInformes!$A:$A,"<"&($A10+7)))/(_xlfn.MAXIFS(DatosInformes!$A:$A,DatosInformes!$B:$B,"192.168.50.5",DatosInformes!$A:$A,">="&$A10,DatosInformes!$A:$A,"<"&($A10+7))-_xlfn.MINIFS(DatosInformes!$A:$A,DatosInformes!$B:$B,"192.168.50.5",DatosInformes!$A:$A,">="&$A10,DatosInformes!$A:$A,"<"&($A10+7)))) -> 22.9 | C10: =IF(COUNTIFS(DatosInformes!$B:$B,"192.168.50.7",DatosInformes!$A:$A,">="&$A10,DatosInformes!$A:$A,"<"&($A10+7))<2,"",(_xlfn.MAXIFS(DatosInformes!$D:$D,DatosInformes!$B:$B,"192.168.50.7",DatosInformes!$A:$A,">="&$A10,DatosInformes!$A:$A,"<"&($A10+7))-_xlfn.MINIFS(DatosInformes!$D:$D,DatosInformes!$B:$B,"192.168.50.7",DatosInformes!$A:$A,">="&$A10,DatosInformes!$A:$A,"<"&($A10+7)))/(_xlfn.MAXIFS(DatosInformes!$A:$A,DatosInformes!$B:$B,"192.168.50.7",DatosInformes!$A:$A,">="&$A10,DatosInformes!$A:$A,"<"&($A10+7))-_xlfn.MINIFS(DatosInformes!$A:$A,DatosInformes!$B:$B,"192.168.50.7",DatosInformes!$A:$A,">="&$A10,DatosInformes!$A:$A,"<"&($A10+7)))) -> 68.95 | D10: =IF(COUNTIFS(DatosInformes!$B:$B,"L19",DatosInformes!$A:$A,">="&$A10,DatosInformes!$A:$A,"<"&($A10+7))<2,"",(_xlfn.MAXIFS(DatosInformes!$D:$D,DatosInformes!$B:$B,"L19",DatosInformes!$A:$A,">="&$A10,DatosInformes!$A:$A,"<"&($A10+7))-_xlfn.MINIFS(DatosInformes!$D:$D,DatosInformes!$B:$B,"L19",DatosInformes!$A:$A,">="&$A10,DatosInformes!$A:$A,"<"&($A10+7)))/(_xlfn.MAXIFS(DatosInformes!$A:$A,DatosInformes!$B:$B,"L19",DatosInformes!$A:$A,">="&$A10,DatosInformes!$A:$A,"<"&($A10+7))-_xlfn.MINIFS(DatosInformes!$A:$A,DatosInformes!$B:$B,"L19",DatosInformes!$A:$A,">="&$A10,DatosInformes!$A:$A,"<"&($A10+7)))) -> 87 | E10: =IF(COUNTIFS(DatosInformes!$B:$B,"192.168.50.6",DatosInformes!$A:$A,">="&$A10,DatosInformes!$A:$A,"<"&($A10+7))<2,"",(_xlfn.MAXIFS(DatosInformes!$D:$D,DatosInformes!$B:$B,"192.168.50.6",DatosInformes!$A:$A,">="&$A10,DatosInformes!$A:$A,"<"&($A10+7))-_xlfn.MINIFS(DatosInformes!$D:$D,DatosInformes!$B:$B,"192.168.50.6",DatosInformes!$A:$A,">="&$A10,DatosInformes!$A:$A,"<"&($A10+7)))/(_xlfn.MAXIFS(DatosInformes!$A:$A,DatosInformes!$B:$B,"192.168.50.6",DatosInformes!$A:$A,">="&$A10,DatosInformes!$A:$A,"<"&($A10+7))-_xlfn.MINIFS(DatosInformes!$A:$A,DatosInformes!$B:$B,"192.168.50.6",DatosInformes!$A:$A,">="&$A10,DatosInformes!$A:$A,"<"&($A10+7)))) | F10: =IF(COUNTIFS(DatosInformes!$B:$B,"192.168.50.4",DatosInformes!$A:$A,">="&$A10,DatosInformes!$A:$A,"<"&($A10+7))<2,"",(_xlfn.MAXIFS(DatosInformes!$D:$D,DatosInformes!$B:$B,"192.168.50.4",DatosInformes!$A:$A,">="&$A10,DatosInformes!$A:$A,"<"&($A10+7))-_xlfn.MINIFS(DatosInformes!$D:$D,DatosInformes!$B:$B,"192.168.50.4",DatosInformes!$A:$A,">="&$A10,DatosInformes!$A:$A,"<"&($A10+7)))/(_xlfn.MAXIFS(DatosInformes!$A:$A,DatosInformes!$B:$B,"192.168.50.4",DatosInformes!$A:$A,">="&$A10,DatosInformes!$A:$A,"<"&($A10+7))-_xlfn.MINIFS(DatosInformes!$A:$A,DatosInformes!$B:$B,"192.168.50.4",DatosInformes!$A:$A,">="&$A10,DatosInformes!$A:$A,"<"&($A10+7)))) -> 84.2 | G10: =IF(COUNTIFS(DatosInformes!$B:$B,"192.168.1.168",DatosInformes!$A:$A,">="&$A10,DatosInformes!$A:$A,"<"&($A10+7))<2,"",(_xlfn.MAXIFS(DatosInformes!$D:$D,DatosInformes!$B:$B,"192.168.1.168",DatosInformes!$A:$A,">="&$A10,DatosInformes!$A:$A,"<"&($A10+7))-_xlfn.MINIFS(DatosInformes!$D:$D,DatosInformes!$B:$B,"192.168.1.168",DatosInformes!$A:$A,">="&$A10,DatosInformes!$A:$A,"<"&($A10+7)))/(_xlfn.MAXIFS(DatosInformes!$A:$A,DatosInformes!$B:$B,"192.168.1.168",DatosInformes!$A:$A,">="&$A10,DatosInformes!$A:$A,"<"&($A10+7))-_xlfn.MINIFS(DatosInformes!$A:$A,DatosInformes!$B:$B,"192.168.1.168",DatosInformes!$A:$A,">="&$A10,DatosInformes!$A:$A,"<"&($A10+7)))) | H10: =IF(COUNTIFS(DatosInformes!$B:$B,"192.168.50.3",DatosInformes!$A:$A,">="&$A10,DatosInformes!$A:$A,"<"&($A10+7))<2,"",(_xlfn.MAXIFS(DatosInformes!$D:$D,DatosInformes!$B:$B,"192.168.50.3",DatosInformes!$A:$A,">="&$A10,DatosInformes!$A:$A,"<"&($A10+7))-_xlfn.MINIFS(DatosInformes!$D:$D,DatosInformes!$B:$B,"192.168.50.3",DatosInformes!$A:$A,">="&$A10,DatosInformes!$A:$A,"<"&($A10+7)))/(_xlfn.MAXIFS(DatosInformes!$A:$A,DatosInformes!$B:$B,"192.168.50.3",DatosInformes!$A:$A,">="&$A10,DatosInformes!$A:$A,"<"&($A10+7))-_xlfn.MINIFS(DatosInformes!$A:$A,DatosInformes!$B:$B,"192.168.50.3",DatosInformes!$A:$A,">="&$A10,DatosInformes!$A:$A,"<"&($A10+7)))) -> 43.4 | I10: =IF(COUNT(B10:H10)=0,"",SUM(B10:H10)) -> 306.45
A11: 46258 | B11: =IF(COUNTIFS(DatosInformes!$B:$B,"192.168.50.5",DatosInformes!$A:$A,">="&$A11,DatosInformes!$A:$A,"<"&($A11+7))<2,"",(_xlfn.MAXIFS(DatosInformes!$D:$D,DatosInformes!$B:$B,"192.168.50.5",DatosInformes!$A:$A,">="&$A11,DatosInformes!$A:$A,"<"&($A11+7))-_xlfn.MINIFS(DatosInformes!$D:$D,DatosInformes!$B:$B,"192.168.50.5",DatosInformes!$A:$A,">="&$A11,DatosInformes!$A:$A,"<"&($A11+7)))/(_xlfn.MAXIFS(DatosInformes!$A:$A,DatosInformes!$B:$B,"192.168.50.5",DatosInformes!$A:$A,">="&$A11,DatosInformes!$A:$A,"<"&($A11+7))-_xlfn.MINIFS(DatosInformes!$A:$A,DatosInformes!$B:$B,"192.168.50.5",DatosInformes!$A:$A,">="&$A11,DatosInformes!$A:$A,"<"&($A11+7)))) -> 47.4 | C11: =IF(COUNTIFS(DatosInformes!$B:$B,"192.168.50.7",DatosInformes!$A:$A,">="&$A11,DatosInformes!$A:$A,"<"&($A11+7))<2,"",(_xlfn.MAXIFS(DatosInformes!$D:$D,DatosInformes!$B:$B,"192.168.50.7",DatosInformes!$A:$A,">="&$A11,DatosInformes!$A:$A,"<"&($A11+7))-_xlfn.MINIFS(DatosInformes!$D:$D,DatosInformes!$B:$B,"192.168.50.7",DatosInformes!$A:$A,">="&$A11,DatosInformes!$A:$A,"<"&($A11+7)))/(_xlfn.MAXIFS(DatosInformes!$A:$A,DatosInformes!$B:$B,"192.168.50.7",DatosInformes!$A:$A,">="&$A11,DatosInformes!$A:$A,"<"&($A11+7))-_xlfn.MINIFS(DatosInformes!$A:$A,DatosInformes!$B:$B,"192.168.50.7",DatosInformes!$A:$A,">="&$A11,DatosInformes!$A:$A,"<"&($A11+7)))) -> 54.1 | D11: =IF(COUNTIFS(DatosInformes!$B:$B,"L19",DatosInformes!$A:$A,">="&$A11,DatosInformes!$A:$A,"<"&($A11+7))<2,"",(_xlfn.MAXIFS(DatosInformes!$D:$D,DatosInformes!$B:$B,"L19",DatosInformes!$A:$A,">="&$A11,DatosInformes!$A:$A,"<"&($A11+7))-_xlfn.MINIFS(DatosInformes!$D:$D,DatosInformes!$B:$B,"L19",DatosInformes!$A:$A,">="&$A11,DatosInformes!$A:$A,"<"&($A11+7)))/(_xlfn.MAXIFS(DatosInformes!$A:$A,DatosInformes!$B:$B,"L19",DatosInformes!$A:$A,">="&$A11,DatosInformes!$A:$A,"<"&($A11+7))-_xlfn.MINIFS(DatosInformes!$A:$A,DatosInformes!$B:$B,"L19",DatosInformes!$A:$A,">="&$A11,DatosInformes!$A:$A,"<"&($A11+7)))) -> 68.75 | E11: =IF(COUNTIFS(DatosInformes!$B:$B,"192.168.50.6",DatosInformes!$A:$A,">="&$A11,DatosInformes!$A:$A,"<"&($A11+7))<2,"",(_xlfn.MAXIFS(DatosInformes!$D:$D,DatosInformes!$B:$B,"192.168.50.6",DatosInformes!$A:$A,">="&$A11,DatosInformes!$A:$A,"<"&($A11+7))-_xlfn.MINIFS(DatosInformes!$D:$D,DatosInformes!$B:$B,"192.168.50.6",DatosInformes!$A:$A,">="&$A11,DatosInformes!$A:$A,"<"&($A11+7)))/(_xlfn.MAXIFS(DatosInformes!$A:$A,DatosInformes!$B:$B,"192.168.50.6",DatosInformes!$A:$A,">="&$A11,DatosInformes!$A:$A,"<"&($A11+7))-_xlfn.MINIFS(DatosInformes!$A:$A,DatosInformes!$B:$B,"192.168.50.6",DatosInformes!$A:$A,">="&$A11,DatosInformes!$A:$A,"<"&($A11+7)))) | F11: =IF(COUNTIFS(DatosInformes!$B:$B,"192.168.50.4",DatosInformes!$A:$A,">="&$A11,DatosInformes!$A:$A,"<"&($A11+7))<2,"",(_xlfn.MAXIFS(DatosInformes!$D:$D,DatosInformes!$B:$B,"192.168.50.4",DatosInformes!$A:$A,">="&$A11,DatosInformes!$A:$A,"<"&($A11+7))-_xlfn.MINIFS(DatosInformes!$D:$D,DatosInformes!$B:$B,"192.168.50.4",DatosInformes!$A:$A,">="&$A11,DatosInformes!$A:$A,"<"&($A11+7)))/(_xlfn.MAXIFS(DatosInformes!$A:$A,DatosInformes!$B:$B,"192.168.50.4",DatosInformes!$A:$A,">="&$A11,DatosInformes!$A:$A,"<"&($A11+7))-_xlfn.MINIFS(DatosInformes!$A:$A,DatosInformes!$B:$B,"192.168.50.4",DatosInformes!$A:$A,">="&$A11,DatosInformes!$A:$A,"<"&($A11+7)))) -> 30.55 | G11: =IF(COUNTIFS(DatosInformes!$B:$B,"192.168.1.168",DatosInformes!$A:$A,">="&$A11,DatosInformes!$A:$A,"<"&($A11+7))<2,"",(_xlfn.MAXIFS(DatosInformes!$D:$D,DatosInformes!$B:$B,"192.168.1.168",DatosInformes!$A:$A,">="&$A11,DatosInformes!$A:$A,"<"&($A11+7))-_xlfn.MINIFS(DatosInformes!$D:$D,DatosInformes!$B:$B,"192.168.1.168",DatosInformes!$A:$A,">="&$A11,DatosInformes!$A:$A,"<"&($A11+7)))/(_xlfn.MAXIFS(DatosInformes!$A:$A,DatosInformes!$B:$B,"192.168.1.168",DatosInformes!$A:$A,">="&$A11,DatosInformes!$A:$A,"<"&($A11+7))-_xlfn.MINIFS(DatosInformes!$A:$A,DatosInformes!$B:$B,"192.168.1.168",DatosInformes!$A:$A,">="&$A11,DatosInformes!$A:$A,"<"&($A11+7)))) -> 109.4 | H11: =IF(COUNTIFS(DatosInformes!$B:$B,"192.168.50.3",DatosInformes!$A:$A,">="&$A11,DatosInformes!$A:$A,"<"&($A11+7))<2,"",(_xlfn.MAXIFS(DatosInformes!$D:$D,DatosInformes!$B:$B,"192.168.50.3",DatosInformes!$A:$A,">="&$A11,DatosInformes!$A:$A,"<"&($A11+7))-_xlfn.MINIFS(DatosInformes!$D:$D,DatosInformes!$B:$B,"192.168.50.3",DatosInformes!$A:$A,">="&$A11,DatosInformes!$A:$A,"<"&($A11+7)))/(_xlfn.MAXIFS(DatosInformes!$A:$A,DatosInformes!$B:$B,"192.168.50.3",DatosInformes!$A:$A,">="&$A11,DatosInformes!$A:$A,"<"&($A11+7))-_xlfn.MINIFS(DatosInformes!$A:$A,DatosInformes!$B:$B,"192.168.50.3",DatosInformes!$A:$A,">="&$A11,DatosInformes!$A:$A,"<"&($A11+7)))) -> 46.7 | I11: =IF(COUNT(B11:H11)=0,"",SUM(B11:H11)) -> 356.9
A12: 46265 | B12: =IF(COUNTIFS(DatosInformes!$B:$B,"192.168.50.5",DatosInformes!$A:$A,">="&$A12,DatosInformes!$A:$A,"<"&($A12+7))<2,"",(_xlfn.MAXIFS(DatosInformes!$D:$D,DatosInformes!$B:$B,"192.168.50.5",DatosInformes!$A:$A,">="&$A12,DatosInformes!$A:$A,"<"&($A12+7))-_xlfn.MINIFS(DatosInformes!$D:$D,DatosInformes!$B:$B,"192.168.50.5",DatosInformes!$A:$A,">="&$A12,DatosInformes!$A:$A,"<"&($A12+7)))/(_xlfn.MAXIFS(DatosInformes!$A:$A,DatosInformes!$B:$B,"192.168.50.5",DatosInformes!$A:$A,">="&$A12,DatosInformes!$A:$A,"<"&($A12+7))-_xlfn.MINIFS(DatosInformes!$A:$A,DatosInformes!$B:$B,"192.168.50.5",DatosInformes!$A:$A,">="&$A12,DatosInformes!$A:$A,"<"&($A12+7)))) -> 43.95 | C12: =IF(COUNTIFS(DatosInformes!$B:$B,"192.168.50.7",DatosInformes!$A:$A,">="&$A12,DatosInformes!$A:$A,"<"&($A12+7))<2,"",(_xlfn.MAXIFS(DatosInformes!$D:$D,DatosInformes!$B:$B,"192.168.50.7",DatosInformes!$A:$A,">="&$A12,DatosInformes!$A:$A,"<"&($A12+7))-_xlfn.MINIFS(DatosInformes!$D:$D,DatosInformes!$B:$B,"192.168.50.7",DatosInformes!$A:$A,">="&$A12,DatosInformes!$A:$A,"<"&($A12+7)))/(_xlfn.MAXIFS(DatosInformes!$A:$A,DatosInformes!$B:$B,"192.168.50.7",DatosInformes!$A:$A,">="&$A12,DatosInformes!$A:$A,"<"&($A12+7))-_xlfn.MINIFS(DatosInformes!$A:$A,DatosInformes!$B:$B,"192.168.50.7",DatosInformes!$A:$A,">="&$A12,DatosInformes!$A:$A,"<"&($A12+7)))) -> 15.8 | D12: =IF(COUNTIFS(DatosInformes!$B:$B,"L19",DatosInformes!$A:$A,">="&$A12,DatosInformes!$A:$A,"<"&($A12+7))<2,"",(_xlfn.MAXIFS(DatosInformes!$D:$D,DatosInformes!$B:$B,"L19",DatosInformes!$A:$A,">="&$A12,DatosInformes!$A:$A,"<"&($A12+7))-_xlfn.MINIFS(DatosInformes!$D:$D,DatosInformes!$B:$B,"L19",DatosInformes!$A:$A,">="&$A12,DatosInformes!$A:$A,"<"&($A12+7)))/(_xlfn.MAXIFS(DatosInformes!$A:$A,DatosInformes!$B:$B,"L19",DatosInformes!$A:$A,">="&$A12,DatosInformes!$A:$A,"<"&($A12+7))-_xlfn.MINIFS(DatosInformes!$A:$A,DatosInformes!$B:$B,"L19",DatosInformes!$A:$A,">="&$A12,DatosInformes!$A:$A,"<"&($A12+7)))) -> 63.5 | E12: =IF(COUNTIFS(DatosInformes!$B:$B,"192.168.50.6",DatosInformes!$A:$A,">="&$A12,DatosInformes!$A:$A,"<"&($A12+7))<2,"",(_xlfn.MAXIFS(DatosInformes!$D:$D,DatosInformes!$B:$B,"192.168.50.6",DatosInformes!$A:$A,">="&$A12,DatosInformes!$A:$A,"<"&($A12+7))-_xlfn.MINIFS(DatosInformes!$D:$D,DatosInformes!$B:$B,"192.168.50.6",DatosInformes!$A:$A,">="&$A12,DatosInformes!$A:$A,"<"&($A12+7)))/(_xlfn.MAXIFS(DatosInformes!$A:$A,DatosInformes!$B:$B,"192.168.50.6",DatosInformes!$A:$A,">="&$A12,DatosInformes!$A:$A,"<"&($A12+7))-_xlfn.MINIFS(DatosInformes!$A:$A,DatosInformes!$B:$B,"192.168.50.6",DatosInformes!$A:$A,">="&$A12,DatosInformes!$A:$A,"<"&($A12+7)))) | F12: =IF(COUNTIFS(DatosInformes!$B:$B,"192.168.50.4",DatosInformes!$A:$A,">="&$A12,DatosInformes!$A:$A,"<"&($A12+7))<2,"",(_xlfn.MAXIFS(DatosInformes!$D:$D,DatosInformes!$B:$B,"192.168.50.4",DatosInformes!$A:$A,">="&$A12,DatosInformes!$A:$A,"<"&($A12+7))-_xlfn.MINIFS(DatosInformes!$D:$D,DatosInformes!$B:$B,"192.168.50.4",DatosInformes!$A:$A,">="&$A12,DatosInformes!$A:$A,"<"&($A12+7)))/(_xlfn.MAXIFS(DatosInformes!$A:$A,DatosInformes!$B:$B,"192.168.50.4",DatosInformes!$A:$A,">="&$A12,DatosInformes!$A:$A,"<"&($A12+7))-_xlfn.MINIFS(DatosInformes!$A:$A,DatosInformes!$B:$B,"192.168.50.4",DatosInformes!$A:$A,">="&$A12,DatosInformes!$A:$A,"<"&($A12+7)))) -> 41.175 | G12: =IF(COUNTIFS(DatosInformes!$B:$B,"192.168.1.168",DatosInformes!$A:$A,">="&$A12,DatosInformes!$A:$A,"<"&($A12+7))<2,"",(_xlfn.MAXIFS(DatosInformes!$D:$D,DatosInformes!$B:$B,"192.168.1.168",DatosInformes!$A:$A,">="&$A12,DatosInformes!$A:$A,"<"&($A12+7))-_xlfn.MINIFS(DatosInformes!$D:$D,DatosInformes!$B:$B,"192.168.1.168",DatosInformes!$A:$A,">="&$A12,DatosInformes!$A:$A,"<"&($A12+7)))/(_xlfn.MAXIFS(DatosInformes!$A:$A,DatosInformes!$B:$B,"192.168.1.168",DatosInformes!$A:$A,">="&$A12,DatosInformes!$A:$A,"<"&($A12+7))-_xlfn.MINIFS(DatosInformes!$A:$A,DatosInformes!$B:$B,"192.168.1.168",DatosInformes!$A:$A,">="&$A12,DatosInformes!$A:$A,"<"&($A12+7)))) -> 106.75 | H12: =IF(COUNTIFS(DatosInformes!$B:$B,"192.168.50.3",DatosInformes!$A:$A,">="&$A12,DatosInformes!$A:$A,"<"&($A12+7))<2,"",(_xlfn.MAXIFS(DatosInformes!$D:$D,DatosInformes!$B:$B,"192.168.50.3",DatosInformes!$A:$A,">="&$A12,DatosInformes!$A:$A,"<"&($A12+7))-_xlfn.MINIFS(DatosInformes!$D:$D,DatosInformes!$B:$B,"192.168.50.3",DatosInformes!$A:$A,">="&$A12,DatosInformes!$A:$A,"<"&($A12+7)))/(_xlfn.MAXIFS(DatosInformes!$A:$A,DatosInformes!$B:$B,"192.168.50.3",DatosInformes!$A:$A,">="&$A12,DatosInformes!$A:$A,"<"&($A12+7))-_xlfn.MINIFS(DatosInformes!$A:$A,DatosInformes!$B:$B,"192.168.50.3",DatosInformes!$A:$A,">="&$A12,DatosInformes!$A:$A,"<"&($A12+7)))) | I12: =IF(COUNT(B12:H12)=0,"",SUM(B12:H12)) -> 271.175
A13: 46272 | B13: =IF(COUNTIFS(DatosInformes!$B:$B,"192.168.50.5",DatosInformes!$A:$A,">="&$A13,DatosInformes!$A:$A,"<"&($A13+7))<2,"",(_xlfn.MAXIFS(DatosInformes!$D:$D,DatosInformes!$B:$B,"192.168.50.5",DatosInformes!$A:$A,">="&$A13,DatosInformes!$A:$A,"<"&($A13+7))-_xlfn.MINIFS(DatosInformes!$D:$D,DatosInformes!$B:$B,"192.168.50.5",DatosInformes!$A:$A,">="&$A13,DatosInformes!$A:$A,"<"&($A13+7)))/(_xlfn.MAXIFS(DatosInformes!$A:$A,DatosInformes!$B:$B,"192.168.50.5",DatosInformes!$A:$A,">="&$A13,DatosInformes!$A:$A,"<"&($A13+7))-_xlfn.MINIFS(DatosInformes!$A:$A,DatosInformes!$B:$B,"192.168.50.5",DatosInformes!$A:$A,">="&$A13,DatosInformes!$A:$A,"<"&($A13+7)))) -> 62.575 | C13: =IF(COUNTIFS(DatosInformes!$B:$B,"192.168.50.7",DatosInformes!$A:$A,">="&$A13,DatosInformes!$A:$A,"<"&($A13+7))<2,"",(_xlfn.MAXIFS(DatosInformes!$D:$D,DatosInformes!$B:$B,"192.168.50.7",DatosInformes!$A:$A,">="&$A13,DatosInformes!$A:$A,"<"&($A13+7))-_xlfn.MINIFS(DatosInformes!$D:$D,DatosInformes!$B:$B,"192.168.50.7",DatosInformes!$A:$A,">="&$A13,DatosInformes!$A:$A,"<"&($A13+7)))/(_xlfn.MAXIFS(DatosInformes!$A:$A,DatosInformes!$B:$B,"192.168.50.7",DatosInformes!$A:$A,">="&$A13,DatosInformes!$A:$A,"<"&($A13+7))-_xlfn.MINIFS(DatosInformes!$A:$A,DatosInformes!$B:$B,"192.168.50.7",DatosInformes!$A:$A,">="&$A13,DatosInformes!$A:$A,"<"&($A13+7)))) -> 25.425 | D13: =IF(COUNTIFS(DatosInformes!$B:$B,"L19",DatosInformes!$A:$A,">="&$A13,DatosInformes!$A:$A,"<"&($A13+7))<2,"",(_xlfn.MAXIFS(DatosInformes!$D:$D,DatosInformes!$B:$B,"L19",DatosInformes!$A:$A,">="&$A13,DatosInformes!$A:$A,"<"&($A13+7))-_xlfn.MINIFS(DatosInformes!$D:$D,DatosInformes!$B:$B,"L19",DatosInformes!$A:$A,">="&$A13,DatosInformes!$A:$A,"<"&($A13+7)))/(_xlfn.MAXIFS(DatosInformes!$A:$A,DatosInformes!$B:$B,"L19",DatosInformes!$A:$A,">="&$A13,DatosInformes!$A:$A,"<"&($A13+7))-_xlfn.MINIFS(DatosInformes!$A:$A,DatosInformes!$B:$B,"L19",DatosInformes!$A:$A,">="&$A13,DatosInformes!$A:$A,"<"&($A13+7)))) -> 66 | E13: =IF(COUNTIFS(DatosInformes!$B:$B,"192.168.50.6",DatosInformes!$A:$A,">="&$A13,DatosInformes!$A:$A,"<"&($A13+7))<2,"",(_xlfn.MAXIFS(DatosInformes!$D:$D,DatosInformes!$B:$B,"192.168.50.6",DatosInformes!$A:$A,">="&$A13,DatosInformes!$A:$A,"<"&($A13+7))-_xlfn.MINIFS(DatosInformes!$D:$D,DatosInformes!$B:$B,"192.168.50.6",DatosInformes!$A:$A,">="&$A13,DatosInformes!$A:$A,"<"&($A13+7)))/(_xlfn.MAXIFS(DatosInformes!$A:$A,DatosInformes!$B:$B,"192.168.50.6",DatosInformes!$A:$A,">="&$A13,DatosInformes!$A:$A,"<"&($A13+7))-_xlfn.MINIFS(DatosInformes!$A:$A,DatosInformes!$B:$B,"192.168.50.6",DatosInformes!$A:$A,">="&$A13,DatosInformes!$A:$A,"<"&($A13+7)))) | F13: =IF(COUNTIFS(DatosInformes!$B:$B,"192.168.50.4",DatosInformes!$A:$A,">="&$A13,DatosInformes!$A:$A,"<"&($A13+7))<2,"",(_xlfn.MAXIFS(DatosInformes!$D:$D,DatosInformes!$B:$B,"192.168.50.4",DatosInformes!$A:$A,">="&$A13,DatosInformes!$A:$A,"<"&($A13+7))-_xlfn.MINIFS(DatosInformes!$D:$D,DatosInformes!$B:$B,"192.168.50.4",DatosInformes!$A:$A,">="&$A13,DatosInformes!$A:$A,"<"&($A13+7)))/(_xlfn.MAXIFS(DatosInformes!$A:$A,DatosInformes!$B:$B,"192.168.50.4",DatosInformes!$A:$A,">="&$A13,DatosInformes!$A:$A,"<"&($A13+7))-_xlfn.MINIFS(DatosInformes!$A:$A,DatosInformes!$B:$B,"192.168.50.4",DatosInformes!$A:$A,">="&$A13,DatosInformes!$A:$A,"<"&($A13+7)))) -> 58.225 | G13: =IF(COUNTIFS(DatosInformes!$B:$B,"192.168.1.168",DatosInformes!$A:$A,">="&$A13,DatosInformes!$A:$A,"<"&($A13+7))<2,"",(_xlfn.MAXIFS(DatosInformes!$D:$D,DatosInformes!$B:$B,"192.168.1.168",DatosInformes!$A:$A,">="&$A13,DatosInformes!$A:$A,"<"&($A13+7))-_xlfn.MINIFS(DatosInformes!$D:$D,DatosInformes!$B:$B,"192.168.1.168",DatosInformes!$A:$A,">="&$A13,DatosInformes!$A:$A,"<"&($A13+7)))/(_xlfn.MAXIFS(DatosInformes!$A:$A,DatosInformes!$B:$B,"192.168.1.168",DatosInformes!$A:$A,">="&$A13,DatosInformes!$A:$A,"<"&($A13+7))-_xlfn.MINIFS(DatosInformes!$A:$A,DatosInformes!$B:$B,"192.168.1.168",DatosInformes!$A:$A,">="&$A13,DatosInformes!$A:$A,"<"&($A13+7)))) -> 92.25 | H13: =IF(COUNTIFS(DatosInformes!$B:$B,"192.168.50.3",DatosInformes!$A:$A,">="&$A13,DatosInformes!$A:$A,"<"&($A13+7))<2,"",(_xlfn.MAXIFS(DatosInformes!$D:$D,DatosInformes!$B:$B,"192.168.50.3",DatosInformes!$A:$A,">="&$A13,DatosInformes!$A:$A,"<"&($A13+7))-_xlfn.MINIFS(DatosInformes!$D:$D,DatosInformes!$B:$B,"192.168.50.3",DatosInformes!$A:$A,">="&$A13,DatosInformes!$A:$A,"<"&($A13+7)))/(_xlfn.MAXIFS(DatosInformes!$A:$A,DatosInformes!$B:$B,"192.168.50.3",DatosInformes!$A:$A,">="&$A13,DatosInformes!$A:$A,"<"&($A13+7))-_xlfn.MINIFS(DatosInformes!$A:$A,DatosInformes!$B:$B,"192.168.50.3",DatosInformes!$A:$A,">="&$A13,DatosInformes!$A:$A,"<"&($A13+7)))) -> 31.65 | I13: =IF(COUNT(B13:H13)=0,"",SUM(B13:H13)) -> 336.125
A14: 46279 | B14: =IF(COUNTIFS(DatosInformes!$B:$B,"192.168.50.5",DatosInformes!$A:$A,">="&$A14,DatosInformes!$A:$A,"<"&($A14+7))<2,"",(_xlfn.MAXIFS(DatosInformes!$D:$D,DatosInformes!$B:$B,"192.168.50.5",DatosInformes!$A:$A,">="&$A14,DatosInformes!$A:$A,"<"&($A14+7))-_xlfn.MINIFS(DatosInformes!$D:$D,DatosInformes!$B:$B,"192.168.50.5",DatosInformes!$A:$A,">="&$A14,DatosInformes!$A:$A,"<"&($A14+7)))/(_xlfn.MAXIFS(DatosInformes!$A:$A,DatosInformes!$B:$B,"192.168.50.5",DatosInformes!$A:$A,">="&$A14,DatosInformes!$A:$A,"<"&($A14+7))-_xlfn.MINIFS(DatosInformes!$A:$A,DatosInformes!$B:$B,"192.168.50.5",DatosInformes!$A:$A,">="&$A14,DatosInformes!$A:$A,"<"&($A14+7)))) | C14: =IF(COUNTIFS(DatosInformes!$B:$B,"192.168.50.7",DatosInformes!$A:$A,">="&$A14,DatosInformes!$A:$A,"<"&($A14+7))<2,"",(_xlfn.MAXIFS(DatosInformes!$D:$D,DatosInformes!$B:$B,"192.168.50.7",DatosInformes!$A:$A,">="&$A14,DatosInformes!$A:$A,"<"&($A14+7))-_xlfn.MINIFS(DatosInformes!$D:$D,DatosInformes!$B:$B,"192.168.50.7",DatosInformes!$A:$A,">="&$A14,DatosInformes!$A:$A,"<"&($A14+7)))/(_xlfn.MAXIFS(DatosInformes!$A:$A,DatosInformes!$B:$B,"192.168.50.7",DatosInformes!$A:$A,">="&$A14,DatosInformes!$A:$A,"<"&($A14+7))-_xlfn.MINIFS(DatosInformes!$A:$A,DatosInformes!$B:$B,"192.168.50.7",DatosInformes!$A:$A,">="&$A14,DatosInformes!$A:$A,"<"&($A14+7)))) | D14: =IF(COUNTIFS(DatosInformes!$B:$B,"L19",DatosInformes!$A:$A,">="&$A14,DatosInformes!$A:$A,"<"&($A14+7))<2,"",(_xlfn.MAXIFS(DatosInformes!$D:$D,DatosInformes!$B:$B,"L19",DatosInformes!$A:$A,">="&$A14,DatosInformes!$A:$A,"<"&($A14+7))-_xlfn.MINIFS(DatosInformes!$D:$D,DatosInformes!$B:$B,"L19",DatosInformes!$A:$A,">="&$A14,DatosInformes!$A:$A,"<"&($A14+7)))/(_xlfn.MAXIFS(DatosInformes!$A:$A,DatosInformes!$B:$B,"L19",DatosInformes!$A:$A,">="&$A14,DatosInformes!$A:$A,"<"&($A14+7))-_xlfn.MINIFS(DatosInformes!$A:$A,DatosInformes!$B:$B,"L19",DatosInformes!$A:$A,">="&$A14,DatosInformes!$A:$A,"<"&($A14+7)))) | E14: =IF(COUNTIFS(DatosInformes!$B:$B,"192.168.50.6",DatosInformes!$A:$A,">="&$A14,DatosInformes!$A:$A,"<"&($A14+7))<2,"",(_xlfn.MAXIFS(DatosInformes!$D:$D,DatosInformes!$B:$B,"192.168.50.6",DatosInformes!$A:$A,">="&$A14,DatosInformes!$A:$A,"<"&($A14+7))-_xlfn.MINIFS(DatosInformes!$D:$D,DatosInformes!$B:$B,"192.168.50.6",DatosInformes!$A:$A,">="&$A14,DatosInformes!$A:$A,"<"&($A14+7)))/(_xlfn.MAXIFS(DatosInformes!$A:$A,DatosInformes!$B:$B,"192.168.50.6",DatosInformes!$A:$A,">="&$A14,DatosInformes!$A:$A,"<"&($A14+7))-_xlfn.MINIFS(DatosInformes!$A:$A,DatosInformes!$B:$B,"192.168.50.6",DatosInformes!$A:$A,">="&$A14,DatosInformes!$A:$A,"<"&($A14+7)))) | F14: =IF(COUNTIFS(DatosInformes!$B:$B,"192.168.50.4",DatosInformes!$A:$A,">="&$A14,DatosInformes!$A:$A,"<"&($A14+7))<2,"",(_xlfn.MAXIFS(DatosInformes!$D:$D,DatosInformes!$B:$B,"192.168.50.4",DatosInformes!$A:$A,">="&$A14,DatosInformes!$A:$A,"<"&($A14+7))-_xlfn.MINIFS(DatosInformes!$D:$D,DatosInformes!$B:$B,"192.168.50.4",DatosInformes!$A:$A,">="&$A14,DatosInformes!$A:$A,"<"&($A14+7)))/(_xlfn.MAXIFS(DatosInformes!$A:$A,DatosInformes!$B:$B,"192.168.50.4",DatosInformes!$A:$A,">="&$A14,DatosInformes!$A:$A,"<"&($A14+7))-_xlfn.MINIFS(DatosInformes!$A:$A,DatosInformes!$B:$B,"192.168.50.4",DatosInformes!$A:$A,">="&$A14,DatosInformes!$A:$A,"<"&($A14+7)))) | G14: =IF(COUNTIFS(DatosInformes!$B:$B,"192.168.1.168",DatosInformes!$A:$A,">="&$A14,DatosInformes!$A:$A,"<"&($A14+7))<2,"",(_xlfn.MAXIFS(DatosInformes!$D:$D,DatosInformes!$B:$B,"192.168.1.168",DatosInformes!$A:$A,">="&$A14,DatosInformes!$A:$A,"<"&($A14+7))-_xlfn.MINIFS(DatosInformes!$D:$D,DatosInformes!$B:$B,"192.168.1.168",DatosInformes!$A:$A,">="&$A14,DatosInformes!$A:$A,"<"&($A14+7)))/(_xlfn.MAXIFS(DatosInformes!$A:$A,DatosInformes!$B:$B,"192.168.1.168",DatosInformes!$A:$A,">="&$A14,DatosInformes!$A:$A,"<"&($A14+7))-_xlfn.MINIFS(DatosInformes!$A:$A,DatosInformes!$B:$B,"192.168.1.168",DatosInformes!$A:$A,">="&$A14,DatosInformes!$A:$A,"<"&($A14+7)))) | H14: =IF(COUNTIFS(DatosInformes!$B:$B,"192.168.50.3",DatosInformes!$A:$A,">="&$A14,DatosInformes!$A:$A,"<"&($A14+7))<2,"",(_xlfn.MAXIFS(DatosInformes!$D:$D,DatosInformes!$B:$B,"192.168.50.3",DatosInformes!$A:$A,">="&$A14,DatosInformes!$A:$A,"<"&($A14+7))-_xlfn.MINIFS(DatosInformes!$D:$D,DatosInformes!$B:$B,"192.168.50.3",DatosInformes!$A:$A,">="&$A14,DatosInformes!$A:$A,"<"&($A14+7)))/(_xlfn.MAXIFS(DatosInformes!$A:$A,DatosInformes!$B:$B,"192.168.50.3",DatosInformes!$A:$A,">="&$A14,DatosInformes!$A:$A,"<"&($A14+7))-_xlfn.MINIFS(DatosInformes!$A:$A,DatosInformes!$B:$B,"192.168.50.3",DatosInformes!$A:$A,">="&$A14,DatosInformes!$A:$A,"<"&($A14+7)))) | I14: =IF(COUNT(B14:H14)=0,"",SUM(B14:H14))
A15: 46286 | B15: =IF(COUNTIFS(DatosInformes!$B:$B,"192.168.50.5",DatosInformes!$A:$A,">="&$A15,DatosInformes!$A:$A,"<"&($A15+7))<2,"",(_xlfn.MAXIFS(DatosInformes!$D:$D,DatosInformes!$B:$B,"192.168.50.5",DatosInformes!$A:$A,">="&$A15,DatosInformes!$A:$A,"<"&($A15+7))-_xlfn.MINIFS(DatosInformes!$D:$D,DatosInformes!$B:$B,"192.168.50.5",DatosInformes!$A:$A,">="&$A15,DatosInformes!$A:$A,"<"&($A15+7)))/(_xlfn.MAXIFS(DatosInformes!$A:$A,DatosInformes!$B:$B,"192.168.50.5",DatosInformes!$A:$A,">="&$A15,DatosInformes!$A:$A,"<"&($A15+7))-_xlfn.MINIFS(DatosInformes!$A:$A,DatosInformes!$B:$B,"192.168.50.5",DatosInformes!$A:$A,">="&$A15,DatosInformes!$A:$A,"<"&($A15+7)))) -> 59.925 | C15: =IF(COUNTIFS(DatosInformes!$B:$B,"192.168.50.7",DatosInformes!$A:$A,">="&$A15,DatosInformes!$A:$A,"<"&($A15+7))<2,"",(_xlfn.MAXIFS(DatosInformes!$D:$D,DatosInformes!$B:$B,"192.168.50.7",DatosInformes!$A:$A,">="&$A15,DatosInformes!$A:$A,"<"&($A15+7))-_xlfn.MINIFS(DatosInformes!$D:$D,DatosInformes!$B:$B,"192.168.50.7",DatosInformes!$A:$A,">="&$A15,DatosInformes!$A:$A,"<"&($A15+7)))/(_xlfn.MAXIFS(DatosInformes!$A:$A,DatosInformes!$B:$B,"192.168.50.7",DatosInformes!$A:$A,">="&$A15,DatosInformes!$A:$A,"<"&($A15+7))-_xlfn.MINIFS(DatosInformes!$A:$A,DatosInformes!$B:$B,"192.168.50.7",DatosInformes!$A:$A,">="&$A15,DatosInformes!$A:$A,"<"&($A15+7)))) -> 36.775 | D15: =IF(COUNTIFS(DatosInformes!$B:$B,"L19",DatosInformes!$A:$A,">="&$A15,DatosInformes!$A:$A,"<"&($A15+7))<2,"",(_xlfn.MAXIFS(DatosInformes!$D:$D,DatosInformes!$B:$B,"L19",DatosInformes!$A:$A,">="&$A15,DatosInformes!$A:$A,"<"&($A15+7))-_xlfn.MINIFS(DatosInformes!$D:$D,DatosInformes!$B:$B,"L19",DatosInformes!$A:$A,">="&$A15,DatosInformes!$A:$A,"<"&($A15+7)))/(_xlfn.MAXIFS(DatosInformes!$A:$A,DatosInformes!$B:$B,"L19",DatosInformes!$A:$A,">="&$A15,DatosInformes!$A:$A,"<"&($A15+7))-_xlfn.MINIFS(DatosInformes!$A:$A,DatosInformes!$B:$B,"L19",DatosInformes!$A:$A,">="&$A15,DatosInformes!$A:$A,"<"&($A15+7)))) -> 86.75 | E15: =IF(COUNTIFS(DatosInformes!$B:$B,"192.168.50.6",DatosInformes!$A:$A,">="&$A15,DatosInformes!$A:$A,"<"&($A15+7))<2,"",(_xlfn.MAXIFS(DatosInformes!$D:$D,DatosInformes!$B:$B,"192.168.50.6",DatosInformes!$A:$A,">="&$A15,DatosInformes!$A:$A,"<"&($A15+7))-_xlfn.MINIFS(DatosInformes!$D:$D,DatosInformes!$B:$B,"192.168.50.6",DatosInformes!$A:$A,">="&$A15,DatosInformes!$A:$A,"<"&($A15+7)))/(_xlfn.MAXIFS(DatosInformes!$A:$A,DatosInformes!$B:$B,"192.168.50.6",DatosInformes!$A:$A,">="&$A15,DatosInformes!$A:$A,"<"&($A15+7))-_xlfn.MINIFS(DatosInformes!$A:$A,DatosInformes!$B:$B,"192.168.50.6",DatosInformes!$A:$A,">="&$A15,DatosInformes!$A:$A,"<"&($A15+7)))) | F15: =IF(COUNTIFS(DatosInformes!$B:$B,"192.168.50.4",DatosInformes!$A:$A,">="&$A15,DatosInformes!$A:$A,"<"&($A15+7))<2,"",(_xlfn.MAXIFS(DatosInformes!$D:$D,DatosInformes!$B:$B,"192.168.50.4",DatosInformes!$A:$A,">="&$A15,DatosInformes!$A:$A,"<"&($A15+7))-_xlfn.MINIFS(DatosInformes!$D:$D,DatosInformes!$B:$B,"192.168.50.4",DatosInformes!$A:$A,">="&$A15,DatosInformes!$A:$A,"<"&($A15+7)))/(_xlfn.MAXIFS(DatosInformes!$A:$A,DatosInformes!$B:$B,"192.168.50.4",DatosInformes!$A:$A,">="&$A15,DatosInformes!$A:$A,"<"&($A15+7))-_xlfn.MINIFS(DatosInformes!$A:$A,DatosInformes!$B:$B,"192.168.50.4",DatosInformes!$A:$A,">="&$A15,DatosInformes!$A:$A,"<"&($A15+7)))) -> 44.3 | G15: =IF(COUNTIFS(DatosInformes!$B:$B,"192.168.1.168",DatosInformes!$A:$A,">="&$A15,DatosInformes!$A:$A,"<"&($A15+7))<2,"",(_xlfn.MAXIFS(DatosInformes!$D:$D,DatosInformes!$B:$B,"192.168.1.168",DatosInformes!$A:$A,">="&$A15,DatosInformes!$A:$A,"<"&($A15+7))-_xlfn.MINIFS(DatosInformes!$D:$D,DatosInformes!$B:$B,"192.168.1.168",DatosInformes!$A:$A,">="&$A15,DatosInformes!$A:$A,"<"&($A15+7)))/(_xlfn.MAXIFS(DatosInformes!$A:$A,DatosInformes!$B:$B,"192.168.1.168",DatosInformes!$A:$A,">="&$A15,DatosInformes!$A:$A,"<"&($A15+7))-_xlfn.MINIFS(DatosInformes!$A:$A,DatosInformes!$B:$B,"192.168.1.168",DatosInformes!$A:$A,">="&$A15,DatosInformes!$A:$A,"<"&($A15+7)))) -> 169 | H15: =IF(COUNTIFS(DatosInformes!$B:$B,"192.168.50.3",DatosInformes!$A:$A,">="&$A15,DatosInformes!$A:$A,"<"&($A15+7))<2,"",(_xlfn.MAXIFS(DatosInformes!$D:$D,DatosInformes!$B:$B,"192.168.50.3",DatosInformes!$A:$A,">="&$A15,DatosInformes!$A:$A,"<"&($A15+7))-_xlfn.MINIFS(DatosInformes!$D:$D,DatosInformes!$B:$B,"192.168.50.3",DatosInformes!$A:$A,">="&$A15,DatosInformes!$A:$A,"<"&($A15+7)))/(_xlfn.MAXIFS(DatosInformes!$A:$A,DatosInformes!$B:$B,"192.168.50.3",DatosInformes!$A:$A,">="&$A15,DatosInformes!$A:$A,"<"&($A15+7))-_xlfn.MINIFS(DatosInformes!$A:$A,DatosInformes!$B:$B,"192.168.50.3",DatosInformes!$A:$A,">="&$A15,DatosInformes!$A:$A,"<"&($A15+7)))) -> 46.25 | I15: =IF(COUNT(B15:H15)=0,"",SUM(B15:H15)) -> 443
A16: 46293 | B16: =IF(COUNTIFS(DatosInformes!$B:$B,"192.168.50.5",DatosInformes!$A:$A,">="&$A16,DatosInformes!$A:$A,"<"&($A16+7))<2,"",(_xlfn.MAXIFS(DatosInformes!$D:$D,DatosInformes!$B:$B,"192.168.50.5",DatosInformes!$A:$A,">="&$A16,DatosInformes!$A:$A,"<"&($A16+7))-_xlfn.MINIFS(DatosInformes!$D:$D,DatosInformes!$B:$B,"192.168.50.5",DatosInformes!$A:$A,">="&$A16,DatosInformes!$A:$A,"<"&($A16+7)))/(_xlfn.MAXIFS(DatosInformes!$A:$A,DatosInformes!$B:$B,"192.168.50.5",DatosInformes!$A:$A,">="&$A16,DatosInformes!$A:$A,"<"&($A16+7))-_xlfn.MINIFS(DatosInformes!$A:$A,DatosInformes!$B:$B,"192.168.50.5",DatosInformes!$A:$A,">="&$A16,DatosInformes!$A:$A,"<"&($A16+7)))) -> 3.469 | C16: =IF(COUNTIFS(DatosInformes!$B:$B,"192.168.50.7",DatosInformes!$A:$A,">="&$A16,DatosInformes!$A:$A,"<"&($A16+7))<2,"",(_xlfn.MAXIFS(DatosInformes!$D:$D,DatosInformes!$B:$B,"192.168.50.7",DatosInformes!$A:$A,">="&$A16,DatosInformes!$A:$A,"<"&($A16+7))-_xlfn.MINIFS(DatosInformes!$D:$D,DatosInformes!$B:$B,"192.168.50.7",DatosInformes!$A:$A,">="&$A16,DatosInformes!$A:$A,"<"&($A16+7)))/(_xlfn.MAXIFS(DatosInformes!$A:$A,DatosInformes!$B:$B,"192.168.50.7",DatosInformes!$A:$A,">="&$A16,DatosInformes!$A:$A,"<"&($A16+7))-_xlfn.MINIFS(DatosInformes!$A:$A,DatosInformes!$B:$B,"192.168.50.7",DatosInformes!$A:$A,">="&$A16,DatosInformes!$A:$A,"<"&($A16+7)))) -> 62.621 | D16: =IF(COUNTIFS(DatosInformes!$B:$B,"L19",DatosInformes!$A:$A,">="&$A16,DatosInformes!$A:$A,"<"&($A16+7))<2,"",(_xlfn.MAXIFS(DatosInformes!$D:$D,DatosInformes!$B:$B,"L19",DatosInformes!$A:$A,">="&$A16,DatosInformes!$A:$A,"<"&($A16+7))-_xlfn.MINIFS(DatosInformes!$D:$D,DatosInformes!$B:$B,"L19",DatosInformes!$A:$A,">="&$A16,DatosInformes!$A:$A,"<"&($A16+7)))/(_xlfn.MAXIFS(DatosInformes!$A:$A,DatosInformes!$B:$B,"L19",DatosInformes!$A:$A,">="&$A16,DatosInformes!$A:$A,"<"&($A16+7))-_xlfn.MINIFS(DatosInformes!$A:$A,DatosInformes!$B:$B,"L19",DatosInformes!$A:$A,">="&$A16,DatosInformes!$A:$A,"<"&($A16+7)))) | E16: =IF(COUNTIFS(DatosInformes!$B:$B,"192.168.50.6",DatosInformes!$A:$A,">="&$A16,DatosInformes!$A:$A,"<"&($A16+7))<2,"",(_xlfn.MAXIFS(DatosInformes!$D:$D,DatosInformes!$B:$B,"192.168.50.6",DatosInformes!$A:$A,">="&$A16,DatosInformes!$A:$A,"<"&($A16+7))-_xlfn.MINIFS(DatosInformes!$D:$D,DatosInformes!$B:$B,"192.168.50.6",DatosInformes!$A:$A,">="&$A16,DatosInformes!$A:$A,"<"&($A16+7)))/(_xlfn.MAXIFS(DatosInformes!$A:$A,DatosInformes!$B:$B,"192.168.50.6",DatosInformes!$A:$A,">="&$A16,DatosInformes!$A:$A,"<"&($A16+7))-_xlfn.MINIFS(DatosInformes!$A:$A,DatosInformes!$B:$B,"192.168.50.6",DatosInformes!$A:$A,">="&$A16,DatosInformes!$A:$A,"<"&($A16+7)))) -> 64.479 | F16: =IF(COUNTIFS(DatosInformes!$B:$B,"192.168.50.4",DatosInformes!$A:$A,">="&$A16,DatosInformes!$A:$A,"<"&($A16+7))<2,"",(_xlfn.MAXIFS(DatosInformes!$D:$D,DatosInformes!$B:$B,"192.168.50.4",DatosInformes!$A:$A,">="&$A16,DatosInformes!$A:$A,"<"&($A16+7))-_xlfn.MINIFS(DatosInformes!$D:$D,DatosInformes!$B:$B,"192.168.50.4",DatosInformes!$A:$A,">="&$A16,DatosInformes!$A:$A,"<"&($A16+7)))/(_xlfn.MAXIFS(DatosInformes!$A:$A,DatosInformes!$B:$B,"192.168.50.4",DatosInformes!$A:$A,">="&$A16,DatosInformes!$A:$A,"<"&($A16+7))-_xlfn.MINIFS(DatosInformes!$A:$A,DatosInformes!$B:$B,"192.168.50.4",DatosInformes!$A:$A,">="&$A16,DatosInformes!$A:$A,"<"&($A16+7)))) | G16: =IF(COUNTIFS(DatosInformes!$B:$B,"192.168.1.168",DatosInformes!$A:$A,">="&$A16,DatosInformes!$A:$A,"<"&($A16+7))<2,"",(_xlfn.MAXIFS(DatosInformes!$D:$D,DatosInformes!$B:$B,"192.168.1.168",DatosInformes!$A:$A,">="&$A16,DatosInformes!$A:$A,"<"&($A16+7))-_xlfn.MINIFS(DatosInformes!$D:$D,DatosInformes!$B:$B,"192.168.1.168",DatosInformes!$A:$A,">="&$A16,DatosInformes!$A:$A,"<"&($A16+7)))/(_xlfn.MAXIFS(DatosInformes!$A:$A,DatosInformes!$B:$B,"192.168.1.168",DatosInformes!$A:$A,">="&$A16,DatosInformes!$A:$A,"<"&($A16+7))-_xlfn.MINIFS(DatosInformes!$A:$A,DatosInformes!$B:$B,"192.168.1.168",DatosInformes!$A:$A,">="&$A16,DatosInformes!$A:$A,"<"&($A16+7)))) -> 105.424 | H16: =IF(COUNTIFS(DatosInformes!$B:$B,"192.168.50.3",DatosInformes!$A:$A,">="&$A16,DatosInformes!$A:$A,"<"&($A16+7))<2,"",(_xlfn.MAXIFS(DatosInformes!$D:$D,DatosInformes!$B:$B,"192.168.50.3",DatosInformes!$A:$A,">="&$A16,DatosInformes!$A:$A,"<"&($A16+7))-_xlfn.MINIFS(DatosInformes!$D:$D,DatosInformes!$B:$B,"192.168.50.3",DatosInformes!$A:$A,">="&$A16,DatosInformes!$A:$A,"<"&($A16+7)))/(_xlfn.MAXIFS(DatosInformes!$A:$A,DatosInformes!$B:$B,"192.168.50.3",DatosInformes!$A:$A,">="&$A16,DatosInformes!$A:$A,"<"&($A16+7))-_xlfn.MINIFS(DatosInformes!$A:$A,DatosInformes!$B:$B,"192.168.50.3",DatosInformes!$A:$A,">="&$A16,DatosInformes!$A:$A,"<"&($A16+7)))) -> 46.523 | I16: =IF(COUNT(B16:H16)=0,"",SUM(B16:H16)) -> 282.516
A17: 46300 | B17: =IF(COUNTIFS(DatosInformes!$B:$B,"192.168.50.5",DatosInformes!$A:$A,">="&$A17,DatosInformes!$A:$A,"<"&($A17+7))<2,"",(_xlfn.MAXIFS(DatosInformes!$D:$D,DatosInformes!$B:$B,"192.168.50.5",DatosInformes!$A:$A,">="&$A17,DatosInformes!$A:$A,"<"&($A17+7))-_xlfn.MINIFS(DatosInformes!$D:$D,DatosInformes!$B:$B,"192.168.50.5",DatosInformes!$A:$A,">="&$A17,DatosInformes!$A:$A,"<"&($A17+7)))/(_xlfn.MAXIFS(DatosInformes!$A:$A,DatosInformes!$B:$B,"192.168.50.5",DatosInformes!$A:$A,">="&$A17,DatosInformes!$A:$A,"<"&($A17+7))-_xlfn.MINIFS(DatosInformes!$A:$A,DatosInformes!$B:$B,"192.168.50.5",DatosInformes!$A:$A,">="&$A17,DatosInformes!$A:$A,"<"&($A17+7)))) -> 53.7835 | C17: =IF(COUNTIFS(DatosInformes!$B:$B,"192.168.50.7",DatosInformes!$A:$A,">="&$A17,DatosInformes!$A:$A,"<"&($A17+7))<2,"",(_xlfn.MAXIFS(DatosInformes!$D:$D,DatosInformes!$B:$B,"192.168.50.7",DatosInformes!$A:$A,">="&$A17,DatosInformes!$A:$A,"<"&($A17+7))-_xlfn.MINIFS(DatosInformes!$D:$D,DatosInformes!$B:$B,"192.168.50.7",DatosInformes!$A:$A,">="&$A17,DatosInformes!$A:$A,"<"&($A17+7)))/(_xlfn.MAXIFS(DatosInformes!$A:$A,DatosInformes!$B:$B,"192.168.50.7",DatosInformes!$A:$A,">="&$A17,DatosInformes!$A:$A,"<"&($A17+7))-_xlfn.MINIFS(DatosInformes!$A:$A,DatosInformes!$B:$B,"192.168.50.7",DatosInformes!$A:$A,">="&$A17,DatosInformes!$A:$A,"<"&($A17+7)))) -> 2.6095 | D17: =IF(COUNTIFS(DatosInformes!$B:$B,"L19",DatosInformes!$A:$A,">="&$A17,DatosInformes!$A:$A,"<"&($A17+7))<2,"",(_xlfn.MAXIFS(DatosInformes!$D:$D,DatosInformes!$B:$B,"L19",DatosInformes!$A:$A,">="&$A17,DatosInformes!$A:$A,"<"&($A17+7))-_xlfn.MINIFS(DatosInformes!$D:$D,DatosInformes!$B:$B,"L19",DatosInformes!$A:$A,">="&$A17,DatosInformes!$A:$A,"<"&($A17+7)))/(_xlfn.MAXIFS(DatosInformes!$A:$A,DatosInformes!$B:$B,"L19",DatosInformes!$A:$A,">="&$A17,DatosInformes!$A:$A,"<"&($A17+7))-_xlfn.MINIFS(DatosInformes!$A:$A,DatosInformes!$B:$B,"L19",DatosInformes!$A:$A,">="&$A17,DatosInformes!$A:$A,"<"&($A17+7)))) | E17: =IF(COUNTIFS(DatosInformes!$B:$B,"192.168.50.6",DatosInformes!$A:$A,">="&$A17,DatosInformes!$A:$A,"<"&($A17+7))<2,"",(_xlfn.MAXIFS(DatosInformes!$D:$D,DatosInformes!$B:$B,"192.168.50.6",DatosInformes!$A:$A,">="&$A17,DatosInformes!$A:$A,"<"&($A17+7))-_xlfn.MINIFS(DatosInformes!$D:$D,DatosInformes!$B:$B,"192.168.50.6",DatosInformes!$A:$A,">="&$A17,DatosInformes!$A:$A,"<"&($A17+7)))/(_xlfn.MAXIFS(DatosInformes!$A:$A,DatosInformes!$B:$B,"192.168.50.6",DatosInformes!$A:$A,">="&$A17,DatosInformes!$A:$A,"<"&($A17+7))-_xlfn.MINIFS(DatosInformes!$A:$A,DatosInformes!$B:$B,"192.168.50.6",DatosInformes!$A:$A,">="&$A17,DatosInformes!$A:$A,"<"&($A17+7)))) -> 38.485 | F17: =IF(COUNTIFS(DatosInformes!$B:$B,"192.168.50.4",DatosInformes!$A:$A,">="&$A17,DatosInformes!$A:$A,"<"&($A17+7))<2,"",(_xlfn.MAXIFS(DatosInformes!$D:$D,DatosInformes!$B:$B,"192.168.50.4",DatosInformes!$A:$A,">="&$A17,DatosInformes!$A:$A,"<"&($A17+7))-_xlfn.MINIFS(DatosInformes!$D:$D,DatosInformes!$B:$B,"192.168.50.4",DatosInformes!$A:$A,">="&$A17,DatosInformes!$A:$A,"<"&($A17+7)))/(_xlfn.MAXIFS(DatosInformes!$A:$A,DatosInformes!$B:$B,"192.168.50.4",DatosInformes!$A:$A,">="&$A17,DatosInformes!$A:$A,"<"&($A17+7))-_xlfn.MINIFS(DatosInformes!$A:$A,DatosInformes!$B:$B,"192.168.50.4",DatosInformes!$A:$A,">="&$A17,DatosInformes!$A:$A,"<"&($A17+7)))) -> 41.82 | G17: =IF(COUNTIFS(DatosInformes!$B:$B,"192.168.1.168",DatosInformes!$A:$A,">="&$A17,DatosInformes!$A:$A,"<"&($A17+7))<2,"",(_xlfn.MAXIFS(DatosInformes!$D:$D,DatosInformes!$B:$B,"192.168.1.168",DatosInformes!$A:$A,">="&$A17,DatosInformes!$A:$A,"<"&($A17+7))-_xlfn.MINIFS(DatosInformes!$D:$D,DatosInformes!$B:$B,"192.168.1.168",DatosInformes!$A:$A,">="&$A17,DatosInformes!$A:$A,"<"&($A17+7)))/(_xlfn.MAXIFS(DatosInformes!$A:$A,DatosInformes!$B:$B,"192.168.1.168",DatosInformes!$A:$A,">="&$A17,DatosInformes!$A:$A,"<"&($A17+7))-_xlfn.MINIFS(DatosInformes!$A:$A,DatosInformes!$B:$B,"192.168.1.168",DatosInformes!$A:$A,">="&$A17,DatosInformes!$A:$A,"<"&($A17+7)))) -> 107.781 | H17: =IF(COUNTIFS(DatosInformes!$B:$B,"192.168.50.3",DatosInformes!$A:$A,">="&$A17,DatosInformes!$A:$A,"<"&($A17+7))<2,"",(_xlfn.MAXIFS(DatosInformes!$D:$D,DatosInformes!$B:$B,"192.168.50.3",DatosInformes!$A:$A,">="&$A17,DatosInformes!$A:$A,"<"&($A17+7))-_xlfn.MINIFS(DatosInformes!$D:$D,DatosInformes!$B:$B,"192.168.50.3",DatosInformes!$A:$A,">="&$A17,DatosInformes!$A:$A,"<"&($A17+7)))/(_xlfn.MAXIFS(DatosInformes!$A:$A,DatosInformes!$B:$B,"192.168.50.3",DatosInformes!$A:$A,">="&$A17,DatosInformes!$A:$A,"<"&($A17+7))-_xlfn.MINIFS(DatosInformes!$A:$A,DatosInformes!$B:$B,"192.168.50.3",DatosInformes!$A:$A,">="&$A17,DatosInformes!$A:$A,"<"&($A17+7)))) -> 41.626 | I17: =IF(COUNT(B17:H17)=0,"",SUM(B17:H17)) -> 286.105
A18: kWh/día. Vacío: menos de 2 lecturas esa semana. La semana del 14/09 no tiene informe.
A20: kWh por tonelada de cada línea (solo electricidad de la línea)
A21: Desde (lectura) | B21: 46217 | C21: Hasta (lectura) | D21: 46239 | F21: Energía = lectura Hasta − lectura Desde. Kg = producción desde el día Desde hasta el día anterior a Hasta (las lecturas son de la mañana).
A23: Línea | B23: kWh | C23: kg producidos | D23: kWh/t
A24: L14 | B24: =IF(OR(COUNTIFS(DatosInformes!$B:$B,"192.168.50.5",DatosInformes!$A:$A,$B$21)=0,COUNTIFS(DatosInformes!$B:$B,"192.168.50.5",DatosInformes!$A:$A,$D$21)=0),"",SUMIFS(DatosInformes!$D:$D,DatosInformes!$B:$B,"192.168.50.5",DatosInformes!$A:$A,$D$21)-SUMIFS(DatosInformes!$D:$D,DatosInformes!$B:$B,"192.168.50.5",DatosInformes!$A:$A,$B$21)) -> 704.3 | C24: =SUMIFS(DatosProd!$D:$D,DatosProd!$B:$B,"L14",DatosProd!$A:$A,">="&$B$21,DatosProd!$A:$A,"<"&$D$21) -> 193995.15 | D24: =IF(OR(B24="",NOT(ISNUMBER(C24))),"",IF(C24>0,B24/C24*1000,"")) -> 3.6305032
A25: L16 | B25: =IF(OR(COUNTIFS(DatosInformes!$B:$B,"192.168.50.7",DatosInformes!$A:$A,$B$21)=0,COUNTIFS(DatosInformes!$B:$B,"192.168.50.7",DatosInformes!$A:$A,$D$21)=0),"",SUMIFS(DatosInformes!$D:$D,DatosInformes!$B:$B,"192.168.50.7",DatosInformes!$A:$A,$D$21)-SUMIFS(DatosInformes!$D:$D,DatosInformes!$B:$B,"192.168.50.7",DatosInformes!$A:$A,$B$21)) -> 253.3 | C25: =SUMIFS(DatosProd!$D:$D,DatosProd!$B:$B,"L16",DatosProd!$A:$A,">="&$B$21,DatosProd!$A:$A,"<"&$D$21) -> 13930.7 | D25: =IF(OR(B25="",NOT(ISNUMBER(C25))),"",IF(C25>0,B25/C25*1000,"")) -> 18.182862
A26: L19 | B26: =IF(OR(COUNTIFS(DatosInformes!$B:$B,"L19",DatosInformes!$A:$A,$B$21)=0,COUNTIFS(DatosInformes!$B:$B,"L19",DatosInformes!$A:$A,$D$21)=0),"",SUMIFS(DatosInformes!$D:$D,DatosInformes!$B:$B,"L19",DatosInformes!$A:$A,$D$21)-SUMIFS(DatosInformes!$D:$D,DatosInformes!$B:$B,"L19",DatosInformes!$A:$A,$B$21)) -> 1057 | C26: =SUMIFS(DatosProd!$D:$D,DatosProd!$B:$B,"L19",DatosProd!$A:$A,">="&$B$21,DatosProd!$A:$A,"<"&$D$21) -> 314712.24 | D26: =IF(OR(B26="",NOT(ISNUMBER(C26))),"",IF(C26>0,B26/C26*1000,"")) -> 3.3586237
A27: L20 | B27: =IF(OR(COUNTIFS(DatosInformes!$B:$B,"192.168.50.6",DatosInformes!$A:$A,$B$21)=0,COUNTIFS(DatosInformes!$B:$B,"192.168.50.6",DatosInformes!$A:$A,$D$21)=0),"",SUMIFS(DatosInformes!$D:$D,DatosInformes!$B:$B,"192.168.50.6",DatosInformes!$A:$A,$D$21)-SUMIFS(DatosInformes!$D:$D,DatosInformes!$B:$B,"192.168.50.6",DatosInformes!$A:$A,$B$21)) | C27: =SUMIFS(DatosProd!$D:$D,DatosProd!$B:$B,"L20",DatosProd!$A:$A,">="&$B$21,DatosProd!$A:$A,"<"&$D$21) -> 143467.85 | D27: =IF(OR(B27="",NOT(ISNUMBER(C27))),"",IF(C27>0,B27/C27*1000,""))
A28: L21 (L18-21) | B28: =IF(OR(COUNTIFS(DatosInformes!$B:$B,"192.168.50.4",DatosInformes!$A:$A,$B$21)=0,COUNTIFS(DatosInformes!$B:$B,"192.168.50.4",DatosInformes!$A:$A,$D$21)=0),"",SUMIFS(DatosInformes!$D:$D,DatosInformes!$B:$B,"192.168.50.4",DatosInformes!$A:$A,$D$21)-SUMIFS(DatosInformes!$D:$D,DatosInformes!$B:$B,"192.168.50.4",DatosInformes!$A:$A,$B$21)) -> 487.4 | C28: =SUMIFS(DatosProd!$D:$D,DatosProd!$B:$B,"L18",DatosProd!$A:$A,">="&$B$21,DatosProd!$A:$A,"<"&$D$21) -> 38332.096 | D28: =IF(OR(B28="",NOT(ISNUMBER(C28))),"",IF(C28>0,B28/C28*1000,"")) -> 12.715193
A29: L22 | B29: =IF(OR(COUNTIFS(DatosInformes!$B:$B,"192.168.1.168",DatosInformes!$A:$A,$B$21)=0,COUNTIFS(DatosInformes!$B:$B,"192.168.1.168",DatosInformes!$A:$A,$D$21)=0),"",SUMIFS(DatosInformes!$D:$D,DatosInformes!$B:$B,"192.168.1.168",DatosInformes!$A:$A,$D$21)-SUMIFS(DatosInformes!$D:$D,DatosInformes!$B:$B,"192.168.1.168",DatosInformes!$A:$A,$B$21)) -> 1536 | C29: =SUMIFS(DatosProd!$D:$D,DatosProd!$B:$B,"L22",DatosProd!$A:$A,">="&$B$21,DatosProd!$A:$A,"<"&$D$21) -> 197648 | D29: =IF(OR(B29="",NOT(ISNUMBER(C29))),"",IF(C29>0,B29/C29*1000,"")) -> 7.7713915
A30: L50 | B30: =IF(OR(COUNTIFS(DatosInformes!$B:$B,"192.168.50.3",DatosInformes!$A:$A,$B$21)=0,COUNTIFS(DatosInformes!$B:$B,"192.168.50.3",DatosInformes!$A:$A,$D$21)=0),"",SUMIFS(DatosInformes!$D:$D,DatosInformes!$B:$B,"192.168.50.3",DatosInformes!$A:$A,$D$21)-SUMIFS(DatosInformes!$D:$D,DatosInformes!$B:$B,"192.168.50.3",DatosInformes!$A:$A,$B$21)) -> 896.4 | C30: Sin dato | D30: =IF(OR(B30="",NOT(ISNUMBER(C30))),"",IF(C30>0,B30/C30*1000,""))
A31: L21 (L18-21) se compara con la producción de la LINEA 18. L50 no aparece en la base de producción.

Sheet EMCALI
A1: Fecha | B1: Hora inicio | C1: kWh | D1: kVARh inductiva | E1: kVARh capacitiva | F1: Día (1=lun) | G1: Turno | H1: Inductiva sobre 50 % | J1: Datos horarios de EMCALI. Hora inicio 7 = de 07:00 a 08:00. Celdas vacías: el reporte de reactiva aún no incluye esa hora.
A2: 46216 | B2: 0 | C2: 58.32 | D2: 25.92 | F2: =WEEKDAY(A2,2) -> 1 | G2: =IF(F2=7,IF(B2>=23,"C","Sin turno"),IF(B2<7,"C",IF(B2<14,"A",IF(B2<21,"B",IF(B2<23,"Entre turnos",IF(F2=6,"Sin turno","C")))))) -> C | H2: =IF(D2="","",MAX(0,D2-0.5*C2)) -> 0 | J2: Inductiva sobre 50 % = kVARh inductiva − 50 % de los kWh de esa hora (lo que la CREG permite facturar).
A3: 46216 | B3: 1 | C3: 65.64 | D3: 19.68 | F3: =WEEKDAY(A3,2) -> 1 | G3: =IF(F3=7,IF(B3>=23,"C","Sin turno"),IF(B3<7,"C",IF(B3<14,"A",IF(B3<21,"B",IF(B3<23,"Entre turnos",IF(F3=6,"Sin turno","C")))))) -> C | H3: =IF(D3="","",MAX(0,D3-0.5*C3)) -> 0
A4: 46216 | B4: 2 | C4: 91.56 | D4: 13.8 | F4: =WEEKDAY(A4,2) -> 1 | G4: =IF(F4=7,IF(B4>=23,"C","Sin turno"),IF(B4<7,"C",IF(B4<14,"A",IF(B4<21,"B",IF(B4<23,"Entre turnos",IF(F4=6,"Sin turno","C")))))) -> C | H4: =IF(D4="","",MAX(0,D4-0.5*C4)) -> 0
A5: 46216 | B5: 3 | C5: 83.4 | D5: 13.08 | F5: =WEEKDAY(A5,2) -> 1 | G5: =IF(F5=7,IF(B5>=23,"C","Sin turno"),IF(B5<7,"C",IF(B5<14,"A",IF(B5<21,"B",IF(B5<23,"Entre turnos",IF(F5=6,"Sin turno","C")))))) -> C | H5: =IF(D5="","",MAX(0,D5-0.5*C5)) -> 0
A6: 46216 | B6: 4 | C6: 85.56 | D6: 13.2 | F6: =WEEKDAY(A6,2) -> 1 | G6: =IF(F6=7,IF(B6>=23,"C","Sin turno"),IF(B6<7,"C",IF(B6<14,"A",IF(B6<21,"B",IF(B6<23,"Entre turnos",IF(F6=6,"Sin turno","C")))))) -> C | H6: =IF(D6="","",MAX(0,D6-0.5*C6)) -> 0
A7: 46216 | B7: 5 | C7: 89.64 | D7: 13.56 | F7: =WEEKDAY(A7,2) -> 1 | G7: =IF(F7=7,IF(B7>=23,"C","Sin turno"),IF(B7<7,"C",IF(B7<14,"A",IF(B7<21,"B",IF(B7<23,"Entre turnos",IF(F7=6,"Sin turno","C")))))) -> C | H7: =IF(D7="","",MAX(0,D7-0.5*C7)) -> 0
A8: 46216 | B8: 6 | C8: 78 | D8: 15.6 | F8: =WEEKDAY(A8,2) -> 1 | G8: =IF(F8=7,IF(B8>=23,"C","Sin turno"),IF(B8<7,"C",IF(B8<14,"A",IF(B8<21,"B",IF(B8<23,"Entre turnos",IF(F8=6,"Sin turno","C")))))) -> C | H8: =IF(D8="","",MAX(0,D8-0.5*C8)) -> 0
A9: 46216 | B9: 7 | C9: 71.28 | D9: 16.2 | F9: =WEEKDAY(A9,2) -> 1 | G9: =IF(F9=7,IF(B9>=23,"C","Sin turno"),IF(B9<7,"C",IF(B9<14,"A",IF(B9<21,"B",IF(B9<23,"Entre turnos",IF(F9=6,"Sin turno","C")))))) -> A | H9: =IF(D9="","",MAX(0,D9-0.5*C9)) -> 0
A10: 46216 | B10: 8 | C10: 50.16 | D10: 15.48 | F10: =WEEKDAY(A10,2) -> 1 | G10: =IF(F10=7,IF(B10>=23,"C","Sin turno"),IF(B10<7,"C",IF(B10<14,"A",IF(B10<21,"B",IF(B10<23,"Entre turnos",IF(F10=6,"Sin turno","C")))))) -> A | H10: =IF(D10="","",MAX(0,D10-0.5*C10)) -> 0
A11: 46216 | B11: 9 | C11: 32.76 | D11: 15.84 | F11: =WEEKDAY(A11,2) -> 1 | G11: =IF(F11=7,IF(B11>=23,"C","Sin turno"),IF(B11<7,"C",IF(B11<14,"A",IF(B11<21,"B",IF(B11<23,"Entre turnos",IF(F11=6,"Sin turno","C")))))) -> A | H11: =IF(D11="","",MAX(0,D11-0.5*C11)) -> 0
A12: 46216 | B12: 10 | C12: 9.96 | D12: 16.92 | F12: =WEEKDAY(A12,2) -> 1 | G12: =IF(F12=7,IF(B12>=23,"C","Sin turno"),IF(B12<7,"C",IF(B12<14,"A",IF(B12<21,"B",IF(B12<23,"Entre turnos",IF(F12=6,"Sin turno","C")))))) -> A | H12: =IF(D12="","",MAX(0,D12-0.5*C12)) -> 11.94
A13: 46216 | B13: 11 | C13: 9.12 | D13: 17.16 | F13: =WEEKDAY(A13,2) -> 1 | G13: =IF(F13=7,IF(B13>=23,"C","Sin turno"),IF(B13<7,"C",IF(B13<14,"A",IF(B13<21,"B",IF(B13<23,"Entre turnos",IF(F13=6,"Sin turno","C")))))) -> A | H13: =IF(D13="","",MAX(0,D13-0.5*C13)) -> 12.6
A14: 46216 | B14: 12 | C14: 1.2 | D14: 17.52 | F14: =WEEKDAY(A14,2) -> 1 | G14: =IF(F14=7,IF(B14>=23,"C","Sin turno"),IF(B14<7,"C",IF(B14<14,"A",IF(B14<21,"B",IF(B14<23,"Entre turnos",IF(F14=6,"Sin turno","C")))))) -> A | H14: =IF(D14="","",MAX(0,D14-0.5*C14)) -> 16.92
... A328: 46233 | B328: 14 | C328: 188.04 | D328: 19.92 | F328: =WEEKDAY(A328,2) -> 4 | G328: =IF(F328=7,IF(B328>=23,"C","Sin turno"),IF(B328<7,"C",IF(B328<14,"A",IF(B328<21,"B",IF(B328<23,"Entre turnos",IF(F328=6,"Sin turno","C")))))) -> B | H328: =IF(D328="","",MAX(0,D328-0.5*C328)) -> 0
A329: 46233 | B329: 15 | F329: =WEEKDAY(A329,2) -> 4 | G329: =IF(F329=7,IF(B329>=23,"C","Sin turno"),IF(B329<7,"C",IF(B329<14,"A",IF(B329<21,"B",IF(B329<23,"Entre turnos",IF(F329=6,"Sin turno","C")))))) -> B | H329: =IF(D329="","",MAX(0,D329-0.5*C329))
A330: 46233 | B330: 16 | F330: =WEEKDAY(A330,2) -> 4 | G330: =IF(F330=7,IF(B330>=23,"C","Sin turno"),IF(B330<7,"C",IF(B330<14,"A",IF(B330<21,"B",IF(B330<23,"Entre turnos",IF(F330=6,"Sin turno","C")))))) -> B | H330: =IF(D330="","",MAX(0,D330-0.5*C330))
A331: 46233 | B331: 17 | F331: =WEEKDAY(A331,2) -> 4 | G331: =IF(F331=7,IF(B331>=23,"C","Sin turno"),IF(B331<7,"C",IF(B331<14,"A",IF(B331<21,"B",IF(B331<23,"Entre turnos",IF(F331=6,"Sin turno","C")))))) -> B | H331: =IF(D331="","",MAX(0,D331-0.5*C331))
A332: 46233 | B332: 18 | F332: =WEEKDAY(A332,2) -> 4 | G332: =IF(F332=7,IF(B332>=23,"C","Sin turno"),IF(B332<7,"C",IF(B332<14,"A",IF(B332<21,"B",IF(B332<23,"Entre turnos",IF(F332=6,"Sin turno","C")))))) -> B | H332: =IF(D332="","",MAX(0,D332-0.5*C332))
A333: 46233 | B333: 19 | F333: =WEEKDAY(A333,2) -> 4 | G333: =IF(F333=7,IF(B333>=23,"C","Sin turno"),IF(B333<7,"C",IF(B333<14,"A",IF(B333<21,"B",IF(B333<23,"Entre turnos",IF(F333=6,"Sin turno","C")))))) -> B | H333: =IF(D333="","",MAX(0,D333-0.5*C333))
A334: 46233 | B334: 20 | F334: =WEEKDAY(A334,2) -> 4 | G334: =IF(F334=7,IF(B334>=23,"C","Sin turno"),IF(B334<7,"C",IF(B334<14,"A",IF(B334<21,"B",IF(B334<23,"Entre turnos",IF(F334=6,"Sin turno","C")))))) -> B | H334: =IF(D334="","",MAX(0,D334-0.5*C334))
A335: 46233 | B335: 21 | F335: =WEEKDAY(A335,2) -> 4 | G335: =IF(F335=7,IF(B335>=23,"C","Sin turno"),IF(B335<7,"C",IF(B335<14,"A",IF(B335<21,"B",IF(B335<23,"Entre turnos",IF(F335=6,"Sin turno","C")))))) -> Entre turnos | H335: =IF(D335="","",MAX(0,D335-0.5*C335))
A336: 46233 | B336: 22 | F336: =WEEKDAY(A336,2) -> 4 | G336: =IF(F336=7,IF(B336>=23,"C","Sin turno"),IF(B336<7,"C",IF(B336<14,"A",IF(B336<21,"B",IF(B336<23,"Entre turnos",IF(F336=6,"Sin turno","C")))))) -> Entre turnos | H336: =IF(D336="","",MAX(0,D336-0.5*C336))
A337: 46233 | B337: 23 | F337: =WEEKDAY(A337,2) -> 4 | G337: =IF(F337=7,IF(B337>=23,"C","Sin turno"),IF(B337<7,"C",IF(B337<14,"A",IF(B337<21,"B",IF(B337<23,"Entre turnos",IF(F337=6,"Sin turno","C")))))) -> C | H337: =IF(D337="","",MAX(0,D337-0.5*C337))
A338: 46235 | B338: 0 | C338: 104.4 | D338: 17.28 | E338: 0 | F338: =WEEKDAY(A338,2) -> 6 | G338: =IF(F338=7,IF(B338>=23,"C","Sin turno"),IF(B338<7,"C",IF(B338<14,"A",IF(B338<21,"B",IF(B338<23,"Entre turnos",IF(F338=6,"Sin turno","C")))))) -> C | H338: =IF(D338="","",MAX(0,D338-0.5*C338)) -> 0
A339: 46235 | B339: 1 | C339: 106.32 | D339: 17.76 | E339: 0 | F339: =WEEKDAY(A339,2) -> 6 | G339: =IF(F339=7,IF(B339>=23,"C","Sin turno"),IF(B339<7,"C",IF(B339<14,"A",IF(B339<21,"B",IF(B339<23,"Entre turnos",IF(F339=6,"Sin turno","C")))))) -> C | H339: =IF(D339="","",MAX(0,D339-0.5*C339)) -> 0
A340: 46235 | B340: 2 | C340: 107.76 | D340: 18 | E340: 0.12 | F340: =WEEKDAY(A340,2) -> 6 | G340: =IF(F340=7,IF(B340>=23,"C","Sin turno"),IF(B340<7,"C",IF(B340<14,"A",IF(B340<21,"B",IF(B340<23,"Entre turnos",IF(F340=6,"Sin turno","C")))))) -> C | H340: =IF(D340="","",MAX(0,D340-0.5*C340)) -> 0
A341: 46235 | B341: 3 | C341: 107.52 | D341: 18.12 | E341: 0 | F341: =WEEKDAY(A341,2) -> 6 | G341: =IF(F341=7,IF(B341>=23,"C","Sin turno"),IF(B341<7,"C",IF(B341<14,"A",IF(B341<21,"B",IF(B341<23,"Entre turnos",IF(F341=6,"Sin turno","C")))))) -> C | H341: =IF(D341="","",MAX(0,D341-0.5*C341)) -> 0
A342: 46235 | B342: 4 | C342: 106.08 | D342: 17.28 | E342: 0 | F342: =WEEKDAY(A342,2) -> 6 | G342: =IF(F342=7,IF(B342>=23,"C","Sin turno"),IF(B342<7,"C",IF(B342<14,"A",IF(B342<21,"B",IF(B342<23,"Entre turnos",IF(F342=6,"Sin turno","C")))))) -> C | H342: =IF(D342="","",MAX(0,D342-0.5*C342)) -> 0
A343: 46235 | B343: 5 | C343: 107.28 | D343: 17.64 | E343: 0 | F343: =WEEKDAY(A343,2) -> 6 | G343: =IF(F343=7,IF(B343>=23,"C","Sin turno"),IF(B343<7,"C",IF(B343<14,"A",IF(B343<21,"B",IF(B343<23,"Entre turnos",IF(F343=6,"Sin turno","C")))))) -> C | H343: =IF(D343="","",MAX(0,D343-0.5*C343)) -> 0
A344: 46235 | B344: 6 | C344: 117.84 | D344: 22.44 | E344: 0.12 | F344: =WEEKDAY(A344,2) -> 6 | G344: =IF(F344=7,IF(B344>=23,"C","Sin turno"),IF(B344<7,"C",IF(B344<14,"A",IF(B344<21,"B",IF(B344<23,"Entre turnos",IF(F344=6,"Sin turno","C")))))) -> C | H344: =IF(D344="","",MAX(0,D344-0.5*C344)) -> 0
A345: 46235 | B345: 7 | C345: 142.08 | D345: 18.72 | E345: 0.72 | F345: =WEEKDAY(A345,2) -> 6 | G345: =IF(F345=7,IF(B345>=23,"C","Sin turno"),IF(B345<7,"C",IF(B345<14,"A",IF(B345<21,"B",IF(B345<23,"Entre turnos",IF(F345=6,"Sin turno","C")))))) -> A | H345: =IF(D345="","",MAX(0,D345-0.5*C345)) -> 0
A346: 46235 | B346: 8 | C346: 142.44 | D346: 12 | E346: 0.6 | F346: =WEEKDAY(A346,2) -> 6 | G346: =IF(F346=7,IF(B346>=23,"C","Sin turno"),IF(B346<7,"C",IF(B346<14,"A",IF(B346<21,"B",IF(B346<23,"Entre turnos",IF(F346=6,"Sin turno","C")))))) -> A | H346: =IF(D346="","",MAX(0,D346-0.5*C346)) -> 0
A347: 46235 | B347: 9 | C347: 123.84 | D347: 11.52 | E347: 0.72 | F347: =WEEKDAY(A347,2) -> 6 | G347: =IF(F347=7,IF(B347>=23,"C","Sin turno"),IF(B347<7,"C",IF(B347<14,"A",IF(B347<21,"B",IF(B347<23,"Entre turnos",IF(F347=6,"Sin turno","C")))))) -> A | H347: =IF(D347="","",MAX(0,D347-0.5*C347)) -> 0
A348: 46235 | B348: 10 | C348: 90.96 | D348: 19.08 | E348: 0.6 | F348: =WEEKDAY(A348,2) -> 6 | G348: =IF(F348=7,IF(B348>=23,"C","Sin turno"),IF(B348<7,"C",IF(B348<14,"A",IF(B348<21,"B",IF(B348<23,"Entre turnos",IF(F348=6,"Sin turno","C")))))) -> A | H348: =IF(D348="","",MAX(0,D348-0.5*C348)) -> 0
A349: 46235 | B349: 11 | C349: 95.4 | D349: 15.84 | E349: 0.84 | F349: =WEEKDAY(A349,2) -> 6 | G349: =IF(F349=7,IF(B349>=23,"C","Sin turno"),IF(B349<7,"C",IF(B349<14,"A",IF(B349<21,"B",IF(B349<23,"Entre turnos",IF(F349=6,"Sin turno","C")))))) -> A | H349: =IF(D349="","",MAX(0,D349-0.5*C349)) -> 0
... A1946: 46302 | B1946: 0 | C1946: 99.6 | D1946: 12.84 | E1946: 0.48 | F1946: =WEEKDAY(A1946,2) -> 3 | G1946: =IF(F1946=7,IF(B1946>=23,"C","Sin turno"),IF(B1946<7,"C",IF(B1946<14,"A",IF(B1946<21,"B",IF(B1946<23,"Entre turnos",IF(F1946=6,"Sin turno","C")))))) -> C | H1946: =IF(D1946="","",MAX(0,D1946-0.5*C1946)) -> 0
A1947: 46302 | B1947: 1 | C1947: 100.2 | F1947: =WEEKDAY(A1947,2) -> 3 | G1947: =IF(F1947=7,IF(B1947>=23,"C","Sin turno"),IF(B1947<7,"C",IF(B1947<14,"A",IF(B1947<21,"B",IF(B1947<23,"Entre turnos",IF(F1947=6,"Sin turno","C")))))) -> C | H1947: =IF(D1947="","",MAX(0,D1947-0.5*C1947))
A1948: 46302 | B1948: 2 | C1948: 99.48 | F1948: =WEEKDAY(A1948,2) -> 3 | G1948: =IF(F1948=7,IF(B1948>=23,"C","Sin turno"),IF(B1948<7,"C",IF(B1948<14,"A",IF(B1948<21,"B",IF(B1948<23,"Entre turnos",IF(F1948=6,"Sin turno","C")))))) -> C | H1948: =IF(D1948="","",MAX(0,D1948-0.5*C1948))
A1949: 46302 | B1949: 3 | C1949: 98.64 | F1949: =WEEKDAY(A1949,2) -> 3 | G1949: =IF(F1949=7,IF(B1949>=23,"C","Sin turno"),IF(B1949<7,"C",IF(B1949<14,"A",IF(B1949<21,"B",IF(B1949<23,"Entre turnos",IF(F1949=6,"Sin turno","C")))))) -> C | H1949: =IF(D1949="","",MAX(0,D1949-0.5*C1949))
A1950: 46302 | B1950: 4 | C1950: 99.72 | F1950: =WEEKDAY(A1950,2) -> 3 | G1950: =IF(F1950=7,IF(B1950>=23,"C","Sin turno"),IF(B1950<7,"C",IF(B1950<14,"A",IF(B1950<21,"B",IF(B1950<23,"Entre turnos",IF(F1950=6,"Sin turno","C")))))) -> C | H1950: =IF(D1950="","",MAX(0,D1950-0.5*C1950))
A1951: 46302 | B1951: 5 | C1951: 105.24 | F1951: =WEEKDAY(A1951,2) -> 3 | G1951: =IF(F1951=7,IF(B1951>=23,"C","Sin turno"),IF(B1951<7,"C",IF(B1951<14,"A",IF(B1951<21,"B",IF(B1951<23,"Entre turnos",IF(F1951=6,"Sin turno","C")))))) -> C | H1951: =IF(D1951="","",MAX(0,D1951-0.5*C1951))
A1952: 46302 | B1952: 6 | C1952: 138.12 | F1952: =WEEKDAY(A1952,2) -> 3 | G1952: =IF(F1952=7,IF(B1952>=23,"C","Sin turno"),IF(B1952<7,"C",IF(B1952<14,"A",IF(B1952<21,"B",IF(B1952<23,"Entre turnos",IF(F1952=6,"Sin turno","C")))))) -> C | H1952: =IF(D1952="","",MAX(0,D1952-0.5*C1952))
A1953: 46302 | B1953: 7 | C1953: 209.28 | F1953: =WEEKDAY(A1953,2) -> 3 | G1953: =IF(F1953=7,IF(B1953>=23,"C","Sin turno"),IF(B1953<7,"C",IF(B1953<14,"A",IF(B1953<21,"B",IF(B1953<23,"Entre turnos",IF(F1953=6,"Sin turno","C")))))) -> A | H1953: =IF(D1953="","",MAX(0,D1953-0.5*C1953))
A1954: 46302 | B1954: 8 | C1954: 229.32 | F1954: =WEEKDAY(A1954,2) -> 3 | G1954: =IF(F1954=7,IF(B1954>=23,"C","Sin turno"),IF(B1954<7,"C",IF(B1954<14,"A",IF(B1954<21,"B",IF(B1954<23,"Entre turnos",IF(F1954=6,"Sin turno","C")))))) -> A | H1954: =IF(D1954="","",MAX(0,D1954-0.5*C1954))
A1955: 46302 | B1955: 9 | C1955: 235.2 | F1955: =WEEKDAY(A1955,2) -> 3 | G1955: =IF(F1955=7,IF(B1955>=23,"C","Sin turno"),IF(B1955<7,"C",IF(B1955<14,"A",IF(B1955<21,"B",IF(B1955<23,"Entre turnos",IF(F1955=6,"Sin turno","C")))))) -> A | H1955: =IF(D1955="","",MAX(0,D1955-0.5*C1955))
A1956: 46302 | B1956: 10 | C1956: 227.52 | F1956: =WEEKDAY(A1956,2) -> 3 | G1956: =IF(F1956=7,IF(B1956>=23,"C","Sin turno"),IF(B1956<7,"C",IF(B1956<14,"A",IF(B1956<21,"B",IF(B1956<23,"Entre turnos",IF(F1956=6,"Sin turno","C")))))) -> A | H1956: =IF(D1956="","",MAX(0,D1956-0.5*C1956))
A1957: 46302 | B1957: 11 | C1957: 244.32 | F1957: =WEEKDAY(A1957,2) -> 3 | G1957: =IF(F1957=7,IF(B1957>=23,"C","Sin turno"),IF(B1957<7,"C",IF(B1957<14,"A",IF(B1957<21,"B",IF(B1957<23,"Entre turnos",IF(F1957=6,"Sin turno","C")))))) -> A | H1957: =IF(D1957="","",MAX(0,D1957-0.5*C1957))
A1958: 46302 | B1958: 12 | C1958: 265.44 | F1958: =WEEKDAY(A1958,2) -> 3 | G1958: =IF(F1958=7,IF(B1958>=23,"C","Sin turno"),IF(B1958<7,"C",IF(B1958<14,"A",IF(B1958<21,"B",IF(B1958<23,"Entre turnos",IF(F1958=6,"Sin turno","C")))))) -> A | H1958: =IF(D1958="","",MAX(0,D1958-0.5*C1958))
... A2017: 46304 | B2017: 23 | C2017: 92.04 | F2017: =WEEKDAY(A2017,2) -> 5 | G2017: =IF(F2017=7,IF(B2017>=23,"C","Sin turno"),IF(B2017<7,"C",IF(B2017<14,"A",IF(B2017<21,"B",IF(B2017<23,"Entre turnos",IF(F2017=6,"Sin turno","C")))))) -> C | H2017: =IF(D2017="","",MAX(0,D2017-0.5*C2017))

Sheet DatosProd
A1: Fecha | B1: Línea | C1: Turno | D1: kg | E1: Mes | G1: Kg producidos por día, línea y turno (archivo KG producidos 2026, hoja Data PA 2026). Turno 1 = A, turno 2 = B.
A2: 46027 | B2: L11 | C2: 1 | D2: 3354.2 | E2: =MONTH(A2) -> 1
A3: 46027 | B3: L14 | C3: 1 | D3: 4428.3 | E3: =MONTH(A3) -> 1
A4: 46027 | B4: L14 | C4: 2 | D4: 11579.75 | E4: =MONTH(A4) -> 1
A5: 46027 | B5: L19 | C5: 1 | D5: 8087.899 | E5: =MONTH(A5) -> 1
A6: 46027 | B6: L20 | C6: 1 | D6: 1843.92 | E6: =MONTH(A6) -> 1
A7: 46027 | B7: L22 | C7: 1 | D7: 16229.925 | E7: =MONTH(A7) -> 1
A8: 46027 | B8: L22 | C8: 2 | D8: 14393.475 | E8: =MONTH(A8) -> 1
A9: 46027 | B9: L3 | C9: 1 | D9: 2975.319 | E9: =MONTH(A9) -> 1
A10: 46028 | B10: L11 | C10: 1 | D10: 6820 | E10: =MONTH(A10) -> 1
A11: 46028 | B11: L14 | C11: 1 | D11: 12725 | E11: =MONTH(A11) -> 1
A12: 46028 | B12: L14 | C12: 2 | D12: 12890 | E12: =MONTH(A12) -> 1
A13: 46028 | B13: L19 | C13: 1 | D13: 12848.564 | E13: =MONTH(A13) -> 1
... A1575: 46238 | B1575: L3 | C1575: 1 | D1575: 3677.739 | E1575: =MONTH(A1575) -> 8

Sheet DatosInformes
A1: Fecha | B1: IP | C1: Medidor | D1: kWh | E1: kVARh | F1: kVAh | G1: Archivo | H1: Nota | J1: Lecturas diarias de los informes semanales (carpeta INFORME LINEAS), una por día hábil, tomadas en la mañana (entre 6:45 y 10:30 aprox.). Julio venía sin punto decimal; agosto y septiembre en MWh: todo está convertido a kWh.
A2: 46217 | B2: 192.168.1.168 | C2: =IFERROR(INDEX(Medidores!$B:$B,MATCH(B2,Medidores!$A:$A,0)),B2) -> L22 | D2: 17214 | G2: JULIO SEMANA 2 | J2: L19 no tiene IP en la red de medidores: se identifica como L19. Las correcciones de digitación se explican en la columna Nota.
A3: 46218 | B3: 192.168.1.168 | C3: =IFERROR(INDEX(Medidores!$B:$B,MATCH(B3,Medidores!$A:$A,0)),B3) -> L22 | D3: 17318 | G3: JULIO SEMANA 2
A4: 46219 | B4: 192.168.1.168 | C4: =IFERROR(INDEX(Medidores!$B:$B,MATCH(B4,Medidores!$A:$A,0)),B4) -> L22 | D4: 17423 | G4: JULIO SEMANA 2
A5: 46220 | B5: 192.168.1.168 | C5: =IFERROR(INDEX(Medidores!$B:$B,MATCH(B5,Medidores!$A:$A,0)),B5) -> L22 | D5: 17538 | G5: JULIO SEMANA 2
A6: 46224 | B6: 192.168.1.168 | C6: =IFERROR(INDEX(Medidores!$B:$B,MATCH(B6,Medidores!$A:$A,0)),B6) -> L22 | D6: 17761 | G6: JULIO SEMANA 3
A7: 46225 | B7: 192.168.1.168 | C7: =IFERROR(INDEX(Medidores!$B:$B,MATCH(B7,Medidores!$A:$A,0)),B7) -> L22 | D7: 17854 | G7: JULIO SEMANA 3
A8: 46226 | B8: 192.168.1.168 | C8: =IFERROR(INDEX(Medidores!$B:$B,MATCH(B8,Medidores!$A:$A,0)),B8) -> L22 | D8: 17945 | G8: JULIO SEMANA 3
A9: 46227 | B9: 192.168.1.168 | C9: =IFERROR(INDEX(Medidores!$B:$B,MATCH(B9,Medidores!$A:$A,0)),B9) -> L22 | D9: 18052 | G9: JULIO SEMANA 3
A10: 46231 | B10: 192.168.1.168 | C10: =IFERROR(INDEX(Medidores!$B:$B,MATCH(B10,Medidores!$A:$A,0)),B10) -> L22 | D10: 18261 | G10: JULIO SEMANA 4
A11: 46232 | B11: 192.168.1.168 | C11: =IFERROR(INDEX(Medidores!$B:$B,MATCH(B11,Medidores!$A:$A,0)),B11) -> L22 | D11: 18309 | G11: JULIO SEMANA 4
A12: 46233 | B12: 192.168.1.168 | C12: =IFERROR(INDEX(Medidores!$B:$B,MATCH(B12,Medidores!$A:$A,0)),B12) -> L22 | D12: 18403 | G12: JULIO SEMANA 4
A13: 46234 | B13: 192.168.1.168 | C13: =IFERROR(INDEX(Medidores!$B:$B,MATCH(B13,Medidores!$A:$A,0)),B13) -> L22 | D13: 18459 | G13: JULIO SEMANA 4
A14: 46237 | B14: 192.168.1.168 | C14: =IFERROR(INDEX(Medidores!$B:$B,MATCH(B14,Medidores!$A:$A,0)),B14) -> L22 | D14: 18547 | G14: AGOSTO SEMANA 1
... A38: 46290 | B38: 192.168.1.168 | C38: =IFERROR(INDEX(Medidores!$B:$B,MATCH(B38,Medidores!$A:$A,0)),B38) -> L22 | D38: 22544 | G38: SEPTIEMBRE SEMANA 3
A39: 46296 | B39: 192.168.1.168 | C39: =IFERROR(INDEX(Medidores!$B:$B,MATCH(B39,Medidores!$A:$A,0)),B39) -> L22 | D39: 22718.84 | E39: 5743.238 | F39: 23635.377 | G39: OCTUBRE SEMANA 1.xlsx
A40: 46297 | B40: 192.168.1.168 | C40: =IFERROR(INDEX(Medidores!$B:$B,MATCH(B40,Medidores!$A:$A,0)),B40) -> L22 | D40: 22824.264 | E40: 5769.2 | F40: 23744.58 | G40: OCTUBRE SEMANA 1.xlsx
A41: 46301 | B41: 192.168.1.168 | C41: =IFERROR(INDEX(Medidores!$B:$B,MATCH(B41,Medidores!$A:$A,0)),B41) -> L22 | D41: 23124.924 | E41: 5847.094 | F41: 24070.666 | G41: OCTUBRE SEMANA 2 - copia.xlsx | H41: kVAh corregido: 2407.67 → 24070.7
A42: 46302 | B42: 192.168.1.168 | C42: =IFERROR(INDEX(Medidores!$B:$B,MATCH(B42,Medidores!$A:$A,0)),B42) -> L22 | D42: 23232.705 | E42: 5876.125 | F42: 24170.236 | G42: OCTUBRE SEMANA 2 - copia.xlsx
A43: 46296 | B43: 192.168.50.10 | C43: =IFERROR(INDEX(Medidores!$B:$B,MATCH(B43,Medidores!$A:$A,0)),B43) -> Estación celda 2 | D43: 425214.09 | E43: 169702.11 | F43: 459712.09 | G43: OCTUBRE SEMANA 1.xlsx
A44: 46300 | B44: 192.168.50.10 | C44: =IFERROR(INDEX(Medidores!$B:$B,MATCH(B44,Medidores!$A:$A,0)),B44) -> Estación celda 2 | D44: 429794.22 | E44: 171292.25 | F44: 464596.84 | G44: OCTUBRE SEMANA 2 - copia.xlsx
A45: 46302 | B45: 192.168.50.10 | C45: =IFERROR(INDEX(Medidores!$B:$B,MATCH(B45,Medidores!$A:$A,0)),B45) -> Estación celda 2 | D45: 433112.81 | E45: 172816 | F45: 468254.44 | G45: OCTUBRE SEMANA 2 - copia.xlsx
A46: 46296 | B46: 192.168.50.11 | C46: =IFERROR(INDEX(Medidores!$B:$B,MATCH(B46,Medidores!$A:$A,0)),B46) -> Estación celda 1 | D46: 322377.44 | E46: 168622.59 | F46: 365187.44 | G46: OCTUBRE SEMANA 1.xlsx
A47: 46300 | B47: 192.168.50.11 | C47: =IFERROR(INDEX(Medidores!$B:$B,MATCH(B47,Medidores!$A:$A,0)),B47) -> Estación celda 1 | D47: 326404.53 | E47: 170662.84 | F47: 369718.34 | G47: OCTUBRE SEMANA 2 - copia.xlsx | H47: kVAh corregido: 399718 → 369718
A48: 46302 | B48: 192.168.50.11 | C48: =IFERROR(INDEX(Medidores!$B:$B,MATCH(B48,Medidores!$A:$A,0)),B48) -> Estación celda 1 | D48: 328833.44 | E48: 171873.98 | F48: 372439 | G48: OCTUBRE SEMANA 2 - copia.xlsx
A49: 46217 | B49: 192.168.50.3 | C49: =IFERROR(INDEX(Medidores!$B:$B,MATCH(B49,Medidores!$A:$A,0)),B49) -> L50 | D49: 6177.6 | G49: JULIO SEMANA 2
A50: 46218 | B50: 192.168.50.3 | C50: =IFERROR(INDEX(Medidores!$B:$B,MATCH(B50,Medidores!$A:$A,0)),B50) -> L50 | D50: 6220.2 | G50: JULIO SEMANA 2
A51: 46219 | B51: 192.168.50.3 | C51: =IFERROR(INDEX(Medidores!$B:$B,MATCH(B51,Medidores!$A:$A,0)),B51) -> L50 | D51: 6260.5 | G51: JULIO SEMANA 2
A52: 46220 | B52: 192.168.50.3 | C52: =IFERROR(INDEX(Medidores!$B:$B,MATCH(B52,Medidores!$A:$A,0)),B52) -> L50 | D52: 6310 | G52: JULIO SEMANA 2
A53: 46224 | B53: 192.168.50.3 | C53: =IFERROR(INDEX(Medidores!$B:$B,MATCH(B53,Medidores!$A:$A,0)),B53) -> L50 | D53: 6427.3 | G53: JULIO SEMANA 3
A54: 46225 | B54: 192.168.50.3 | C54: =IFERROR(INDEX(Medidores!$B:$B,MATCH(B54,Medidores!$A:$A,0)),B54) -> L50 | D54: 6478 | G54: JULIO SEMANA 3
A55: 46226 | B55: 192.168.50.3 | C55: =IFERROR(INDEX(Medidores!$B:$B,MATCH(B55,Medidores!$A:$A,0)),B55) -> L50 | D55: 6518.1 | G55: JULIO SEMANA 3
A56: 46227 | B56: 192.168.50.3 | C56: =IFERROR(INDEX(Medidores!$B:$B,MATCH(B56,Medidores!$A:$A,0)),B56) -> L50 | D56: 6563.9 | G56: JULIO SEMANA 3
A57: 46230 | B57: 192.168.50.3 | C57: =IFERROR(INDEX(Medidores!$B:$B,MATCH(B57,Medidores!$A:$A,0)),B57) -> L50 | D57: 6634.6 | G57: JULIO SEMANA 4
A58: 46231 | B58: 192.168.50.3 | C58: =IFERROR(INDEX(Medidores!$B:$B,MATCH(B58,Medidores!$A:$A,0)),B58) -> L50 | D58: 6708.3 | G58: JULIO SEMANA 4
A59: 46232 | B59: 192.168.50.3 | C59: =IFERROR(INDEX(Medidores!$B:$B,MATCH(B59,Medidores!$A:$A,0)),B59) -> L50 | D59: 6774.7 | G59: JULIO SEMANA 4
A60: 46233 | B60: 192.168.50.3 | C60: =IFERROR(INDEX(Medidores!$B:$B,MATCH(B60,Medidores!$A:$A,0)),B60) -> L50 | D60: 6849.9 | G60: JULIO SEMANA 4
... A81: 46290 | B81: 192.168.50.3 | C81: =IFERROR(INDEX(Medidores!$B:$B,MATCH(B81,Medidores!$A:$A,0)),B81) -> L50 | D81: 8344.4 | G81: SEPTIEMBRE SEMANA 3
A82: 46296 | B82: 192.168.50.3 | C82: =IFERROR(INDEX(Medidores!$B:$B,MATCH(B82,Medidores!$A:$A,0)),B82) -> L50 | D82: 8508.245 | E82: 5172.817 | F82: 11299.535 | G82: OCTUBRE SEMANA 1.xlsx
A83: 46297 | B83: 192.168.50.3 | C83: =IFERROR(INDEX(Medidores!$B:$B,MATCH(B83,Medidores!$A:$A,0)),B83) -> L50 | D83: 8554.768 | E83: 5254.768 | F83: 11361.211 | G83: OCTUBRE SEMANA 1.xlsx
